qhcluster,qhnumber,qhhome,ps104_1a,ps104_1m,ps104_1s,ps5,hvidx,hhid
7,65,1,0,1.0,no,1,2,      000706501
8,137,1,4,0.0,si,1,2,      000813701
8,137,1,3,0.0,no,2,3,      000813701
9,19,1,1,0.0,si,1,1,      000901901
9,19,1,1,0.0,si,2,2,      000901901
9,19,1,1,0.0,,3,3,      000901901
11,54,1,6,0.0,no,1,2,      001105401
17,2,1,0,8.0,no,1,1,      001700201
25,126,1,6,0.0,no,1,2,      002512601
27,64,1,0,1.0,si,2,1,      002706401
27,64,1,0,1.0,si,1,2,      002706401
27,64,1,0,1.0,si,3,3,      002706401
27,64,1,0,1.0,si,4,4,      002706401
27,64,1,0,1.0,,5,5,      002706401
30,56,1,1,2.0,no,1,1,      003005601
41,92,1,3,0.0,no,1,2,      004109201
41,93,1,2,0.0,no,1,2,      004109301
42,15,1,1,0.0,no,1,2,      004201501
42,24,1,0,2.0,no,1,2,      004202401
44,112,1,1,0.0,no,1,2,      004411201
44,119,1,0,4.0,no,1,2,      004411901
46,30,1,2,0.0,no,1,2,      004603001
48,2,1,1,0.0,no,1,2,      004800201
64,11,1,10,0.0,no,1,1,      006401101
70,36,1,0,1.0,si,1,4,      007003601
70,36,1,0,1.0,no,2,5,      007003601
72,2,1,0,6.0,si,1,1,      007200201
72,2,1,0,6.0,si,2,2,      007200201
72,2,1,0,6.0,no,3,4,      007200201
72,13,1,3,3.0,no,1,2,      007201301
96,26,1,1,0.0,no,1,1,      009602601
96,27,1,0,2.0,no,1,1,      009602701
96,28,1,1,0.0,no,1,2,      009602801
96,29,1,4,0.0,no,1,2,      009602901
96,30,1,6,0.0,no,2,1,      009603001
96,30,1,6,0.0,si,1,2,      009603001
96,58,1,18,0.0,si,1,2,      009605801
96,58,1,0,4.0,no,2,4,      009605801
97,4,1,6,0.0,no,1,2,      009700401
99,6,1,4,0.0,no,1,2,      009900601
99,10,1,18,0.0,no,1,1,      009901001
99,47,1,4,0.0,no,1,2,      009904701
99,48,1,2,0.0,no,1,2,      009904801
99,49,1,1,0.0,no,1,2,      009904901
99,53,1,3,0.0,no,1,2,      009905301
99,54,1,4,0.0,no,1,2,      009905401
101,43,1,12,0.0,no,1,2,      010104301
101,62,1,12,0.0,no,1,2,      010106201
101,63,1,5,0.0,no,1,2,      010106301
103,39,1,0,7.0,no,1,2,      010303901
103,52,1,18,0.0,no,1,2,      010305201
103,54,1,8,0.0,no,1,2,      010305401
103,61,1,10,0.0,no,1,2,      010306101
104,3,1,2,0.0,no,1,2,      010400301
104,12,1,4,0.0,no,1,1,      010401201
105,110,1,2,0.0,no,1,2,      010511001
108,68,1,5,0.0,no,1,1,      010806801
108,72,1,3,0.0,no,1,2,      010807201
123,172,1,1,6.0,no,1,1,      012317201
130,126,1,1,0.0,no,1,2,      013012601
132,125,1,1,0.0,no,1,2,      013212501
132,139,1,2,11.0,no,1,2,      013213901
132,185,1,2,0.0,no,1,2,      013218501
135,13,1,1,0.0,no,1,2,      013501301
135,14,1,1,0.0,no,1,2,      013501401
135,33,1,2,0.0,no,1,2,      013503301
135,45,1,2,0.0,no,1,2,      013504501
138,10,1,1,0.0,no,1,2,      013801001
140,104,1,2,0.0,si,1,3,      014010401
140,104,1,2,0.0,no,2,5,      014010401
141,77,1,1,0.0,si,1,1,      014107701
141,77,1,1,0.0,si,2,2,      014107701
141,77,1,1,0.0,si,3,3,      014107701
141,77,1,1,0.0,,4,4,      014107701
142,89,1,1,2.0,no,1,2,      014208901
142,91,1,5,6.0,no,1,2,      014209101
143,22,1,5,0.0,no,1,2,      014302201
144,40,1,1,0.0,no,1,2,      014404001
144,41,1,8,0.0,no,1,2,      014404101
144,42,1,10,6.0,no,1,1,      014404201
144,44,1,4,0.0,no,1,2,      014404401
144,60,1,4,0.0,no,1,2,      014406001
144,61,1,2,0.0,,1,1,      014406101
147,5,1,10,0.0,no,1,2,      014700501
148,40,1,0,3.0,no,1,1,      014804001
148,43,1,10,0.0,no,1,2,      014804301
150,6,1,0,4.0,no,1,5,      015000601
150,8,1,0,3.0,no,1,2,      015000801
161,17,1,1,0.0,no,1,2,      016101701
161,59,1,1,0.0,no,1,2,      016105901
162,6,1,0,1.0,no,1,2,      016200601
162,8,1,2,0.0,no,1,2,      016200801
162,10,1,0,0.0,no,1,2,      016201001
162,49,1,2,6.0,no,1,2,      016204901
198,92,1,3,0.0,,1,1,      019809201
217,76,1,2,0.0,no,1,2,      021707601
221,11,1,1,6.0,,1,1,      022101101
221,15,1,0,4.0,no,1,2,      022101501
221,17,1,1,0.0,no,1,1,      022101701
222,2,1,4,0.0,no,1,2,      022200201
224,50,1,1,4.0,no,1,1,      022405001
224,84,1,0,1.0,no,1,2,      022408401
224,93,1,3,0.0,si,1,1,      022409301
224,93,1,3,0.0,no,2,2,      022409301
225,62,1,3,3.0,si,1,2,      022506201
225,62,1,3,3.0,no,2,4,      022506201
225,64,1,1,0.0,si,1,3,      022506401
225,64,1,1,0.0,si,2,4,      022506401
225,64,1,1,0.0,no,3,5,      022506401
248,20,1,3,0.0,no,1,1,      024802001
249,31,1,1,0.0,no,1,2,      024903101
249,32,1,12,0.0,no,1,2,      024903201
254,63,1,2,0.0,no,1,2,      025406301
263,27,1,3,0.0,no,1,2,      026302701
263,29,1,3,0.0,no,1,2,      026302901
263,30,1,5,0.0,no,1,2,      026303001
263,54,1,8,0.0,no,1,2,      026305401
263,56,1,2,0.0,no,1,1,      026305601
263,57,1,no sabe,,,1,1,      026305701
263,58,1,0,1.0,,1,1,      026305801
263,79,1,3,0.0,no,1,2,      026307901
263,81,1,4,0.0,no,1,2,      026308101
263,83,1,1,0.0,no,1,2,      026308301
265,17,1,2,6.0,no,1,2,      026501701
265,20,1,2,0.0,no,1,2,      026502001
265,38,1,1,0.0,no,1,2,      026503801
265,39,1,2,0.0,no,1,3,      026503901
265,40,1,15,0.0,no,1,2,      026504001
270,75,1,no sabe,,no,1,2,      027007501
272,81,1,no sabe,,no,1,2,      027208101
272,83,1,0,6.0,no,1,2,      027208301
272,85,1,no sabe,,no,1,2,      027208501
272,87,1,2,no sabe,no,1,2,      027208701
272,89,1,0,1.0,no,1,2,      027208901
272,90,1,1,0.0,no,1,2,      027209001
272,91,1,2,6.0,no,1,2,      027209101
272,92,1,5,0.0,no,1,2,      027209201
272,95,1,6,0.0,no,1,2,      027209501
277,7,1,5,0.0,no,1,1,      027700701
277,8,1,no sabe,,,1,1,      027700801
277,9,1,2,0.0,,1,1,      027700901
277,51,1,2,0.0,no,1,2,      027705101
277,53,1,0,6.0,,1,1,      027705301
277,55,1,1,0.0,no,1,1,      027705501
277,61,1,2,0.0,no,1,1,      027706101
277,62,1,1,6.0,si,1,1,      027706201
277,62,1,1,0.0,no,2,2,      027706201
277,63,1,1,1.0,no,1,1,      027706301
277,64,1,2,0.0,no,1,1,      027706401
280,47,1,no sabe,,no,1,2,      028004701
280,68,1,1,0.0,no,1,2,      028006801
281,25,1,3,0.0,no,1,2,      028102501
281,34,1,1,0.0,no,1,2,      028103401
281,35,1,9,0.0,no,1,2,      028103501
284,25,1,no sabe,,no,1,1,      028402501
284,61,1,no sabe,,no,1,2,      028406101
286,17,1,2,0.0,no,1,1,      028601701
286,18,1,3,0.0,no,1,2,      028601801
287,25,1,7,0.0,no,1,2,      028702501
287,28,1,3,0.0,no,1,2,      028702801
287,56,1,no sabe,,no,1,2,      028705601
287,57,1,11,0.0,no,1,1,      028705701
287,58,1,1,0.0,no,1,2,      028705801
289,36,1,3,0.0,no,1,2,      028903601
296,93,1,2,0.0,no,1,2,      029609301
302,50,1,3,no sabe,si,1,1,      030205001
302,50,1,3,no sabe,si,2,2,      030205001
302,50,1,3,no sabe,no,3,3,      030205001
307,52,1,no sabe,,,1,1,      030705201
320,37,1,1,3.0,no,1,2,      032003701
324,9,1,10,0.0,no,1,1,      032400901
324,85,1,10,0.0,no,1,2,      032408501
327,17,1,10,11.0,no,1,2,      032701701
329,6,1,4,no sabe,no,1,2,      032900601
329,7,1,0,1.0,no,1,2,      032900701
329,8,1,4,0.0,no,1,2,      032900801
329,10,1,0,3.0,no,1,2,      032901001
329,13,1,2,0.0,no,1,2,      032901301
337,35,1,0,1.0,no,1,1,      033703501
340,80,1,5,0.0,no,1,1,      034008001
350,77,1,6,3.0,si,1,1,      035007701
350,77,1,6,3.0,si,2,2,      035007701
350,77,1,6,3.0,no,3,3,      035007701
355,77,1,6,0.0,no,1,2,      035507701
377,43,1,8,0.0,no,1,4,      037704301
398,70,1,1,0.0,no,1,3,      039807001
429,14,1,0,2.0,no,1,2,      042901401
435,5,1,2,0.0,si,1,1,      043500501
435,5,1,2,0.0,si,2,2,      043500501
435,5,1,2,0.0,,3,3,      043500501
435,29,1,0,6.0,no,1,2,      043502901
435,30,1,1,0.0,no,1,2,      043503001
438,9,1,15,0.0,no,1,2,      043800901
438,64,1,7,3.0,no,1,1,      043806401
438,65,1,0,1.0,no,1,3,      043806501
438,68,1,2,0.0,no,1,2,      043806801
448,30,1,0,2.0,no,1,2,      044803001
448,32,1,2,3.0,no,1,2,      044803201
448,81,1,5,2.0,si,1,7,      044808101
448,81,1,3,4.0,no,2,8,      044808101
448,82,1,2,0.0,no,1,2,      044808201
448,83,1,99,0.0,no,1,2,      044808301
453,10,1,10,0.0,si,1,1,      045301001
453,10,1,1,0.0,no,2,3,      045301001
453,48,1,4,0.0,no,1,2,      045304801
454,7,1,5,6.0,no,1,2,      045400701
454,9,1,8,6.0,no,1,2,      045400901
454,51,1,1,6.0,no,1,2,      045405101
457,93,1,2,0.0,no,1,2,      045709301
457,97,1,10,0.0,no,1,4,      045709701
462,5,1,2,0.0,no,1,1,      046200501
462,65,1,2,0.0,no,1,2,      046206501
463,4,1,1,4.0,,1,1,      046300401
465,113,1,1,2.0,no,1,1,      046511301
467,93,1,1,4.0,no,1,3,      046709301
473,101,1,13,0.0,no,1,1,      047310101
479,1,1,5,0.0,,1,1,      047900101
479,3,1,1,0.0,,1,1,      047900301
479,5,1,0,2.0,no,1,4,      047900501
483,7,1,0,2.0,no,1,2,      048300701
483,8,1,1,0.0,si,1,1,      048300801
483,8,1,1,0.0,si,2,2,      048300801
483,8,1,1,0.0,no,3,3,      048300801
483,27,1,5,0.0,si,1,1,      048302701
483,27,1,5,0.0,,2,2,      048302701
483,30,1,10,0.0,si,1,1,      048303001
483,30,1,10,0.0,si,2,2,      048303001
483,30,1,6,0.0,no,3,5,      048303001
484,59,1,0,1.0,no,1,7,      048405901
485,11,1,4,4.0,no,1,2,      048501101
485,12,1,10,0.0,no,1,2,      048501201
485,13,1,0,4.0,no,1,3,      048501301
485,14,1,3,0.0,no,1,1,      048501401
485,17,1,4,3.0,no,1,2,      048501701
485,18,1,10,0.0,,1,1,      048501801
485,19,1,14,1.0,no,1,2,      048501901
485,20,1,10,0.0,si,1,1,      048502001
485,20,1,10,0.0,no,2,4,      048502001
485,21,1,5,4.0,no,1,2,      048502101
485,23,1,2,1.0,no,1,2,      048502301
485,24,1,5,0.0,no,1,1,      048502401
486,73,1,5,0.0,no,1,2,      048607301
486,77,1,no sabe,,no,1,2,      048607701
489,11,1,10,0.0,no,1,2,      048901101
489,16,1,3,0.0,,1,1,      048901601
489,19,1,1,0.0,no,1,2,      048901901
489,51,1,1,0.0,no,1,2,      048905101
489,52,1,4,6.0,no,1,2,      048905201
489,54,1,no sabe,,,1,1,      048905401
490,134,1,no sabe,,no,1,2,      049013401
490,135,1,0,3.0,no,1,2,      049013501
490,136,1,10,0.0,no,1,2,      049013601
490,137,1,7,0.0,no,1,2,      049013701
491,36,1,6,0.0,no,1,2,      049103601
491,38,1,no sabe,,no,1,2,      049103801
491,39,1,4,0.0,no,1,2,      049103901
491,46,1,12,0.0,no,3,1,      049104601
491,46,1,8,0.0,si,1,2,      049104601
491,46,1,1,0.0,si,2,4,      049104601
491,49,1,10,0.0,no,1,2,      049104901
491,50,1,1,3.0,no,1,4,      049105001
491,67,1,10,0.0,no,1,2,      049106701
491,70,1,10,0.0,no,1,2,      049107001
492,2,1,10,0.0,no,1,2,      049200201
492,5,1,10,0.0,no,1,4,      049200501
492,16,1,15,0.0,si,1,2,      049201601
492,16,1,10,0.0,no,2,3,      049201601
492,18,1,5,0.0,no,1,2,      049201801
492,19,1,3,0.0,no,1,2,      049201901
492,20,1,2,0.0,no,1,2,      049202001
492,26,1,0,0.0,no,1,5,      049202601
492,27,1,12,0.0,no,1,2,      049202701
492,28,1,0,6.0,no,1,2,      049202801
492,30,1,18,0.0,no,1,2,      049203001
495,24,1,2,5.0,no,1,1,      049502401
495,27,1,2,2.0,no,1,2,      049502701
495,30,1,4,3.0,no,1,2,      049503001
496,38,1,3,0.0,no,1,1,      049603801
496,46,1,0,7.0,no,2,1,      049604601
496,46,1,0,7.0,si,1,4,      049604601
497,26,1,3,0.0,no,1,2,      049702601
497,35,1,2,0.0,no,1,2,      049703501
497,41,1,5,0.0,no,1,2,      049704101
497,44,1,6,0.0,no,1,1,      049704401
497,56,1,5,2.0,no,1,2,      049705601
498,22,1,9,0.0,no,1,2,      049802201
498,24,1,6,0.0,,1,1,      049802401
498,31,1,10,0.0,,1,1,      049803101
498,34,1,6,0.0,no,1,2,      049803401
498,36,1,4,0.0,no,1,1,      049803601
498,37,1,9,0.0,no,1,1,      049803701
498,39,1,9,0.0,no,1,2,      049803901
498,40,1,5,0.0,no,1,2,      049804001
499,43,1,3,0.0,no,1,2,      049904301
499,45,1,2,0.0,no,1,2,      049904501
500,36,1,2,0.0,no,1,2,      050003601
500,37,1,5,0.0,no,1,2,      050003701
500,39,1,1,0.0,no,1,2,      050003901
501,33,1,2,0.0,no,1,2,      050103301
502,3,1,0,7.0,no,1,2,      050200301
502,49,1,2,7.0,no,1,4,      050204901
531,62,1,1,0.0,no,1,2,      053106201
533,65,1,0,5.0,no,1,2,      053306501
533,77,1,2,0.0,no,1,1,      053307701
536,38,1,2,0.0,no,1,2,      053603801
536,40,1,5,0.0,no,1,1,      053604001
554,47,1,5,0.0,si,1,3,      055404701
554,47,1,2,0.0,no,2,4,      055404701
555,51,1,2,4.0,no,1,2,      055505101
582,94,1,5,0.0,si,1,1,      058209401
582,94,1,3,0.0,,2,2,      058209401
626,3,1,10,0.0,,2,1,      062600301
626,3,1,10,0.0,si,1,2,      062600301
626,4,1,3,0.0,no,1,2,      062600401
626,5,1,1,0.0,si,1,1,      062600501
626,5,1,1,0.0,si,2,2,      062600501
626,5,1,1,0.0,si,3,3,      062600501
626,5,1,1,0.0,,4,4,      062600501
633,28,1,2,0.0,no,1,2,      063302801
634,34,1,0,1.0,no,1,3,      063403401
642,76,1,0,1.0,,1,1,      064207601
653,32,1,5,2.0,no,1,1,      065303201
669,51,1,4,3.0,no,1,1,      066905101
727,14,1,0,6.0,si,1,2,      072701401
727,14,1,0,6.0,no,2,5,      072701401
728,87,1,6,0.0,no,1,2,      072808701
736,2,1,2,0.0,no,1,3,      073600201
736,3,1,99,99.0,no,1,2,      073600301
736,4,1,2,0.0,no,1,3,      073600401
736,9,1,3,0.0,no,1,1,      073600901
737,41,1,3,0.0,si,1,1,      073704101
737,41,1,2,0.0,no,2,2,      073704101
737,42,1,10,0.0,no,1,2,      073704201
737,44,1,15,0.0,no,1,2,      073704401
737,71,1,3,0.0,no,1,2,      073707101
742,46,1,2,0.0,no,1,1,      074204601
742,50,1,2,0.0,no,1,2,      074205001
742,126,1,0,6.0,no,1,1,      074212601
743,64,1,2,0.0,no,1,1,      074306401
743,65,1,0,6.0,no,1,2,      074306501
743,74,1,1,0.0,no,1,2,      074307401
743,75,1,5,0.0,no,1,2,      074307501
759,102,1,0,6.0,si,1,2,      075910201
759,102,1,0,6.0,si,2,3,      075910201
759,102,1,0,6.0,no,3,4,      075910201
759,103,3,1,0.0,si,1,2,      075910303
759,103,3,1,0.0,no,2,3,      075910303
802,15,1,no sabe,,no,1,5,      080201501
802,31,1,2,no sabe,no,1,7,      080203101
803,79,1,11,0.0,si,1,6,      080307901
803,79,1,0,5.0,no,2,9,      080307901
803,83,1,3,0.0,no,1,3,      080308301
814,76,1,4,0.0,si,2,1,      081407601
814,76,1,18,0.0,si,1,2,      081407601
814,76,1,10,0.0,no,3,3,      081407601
826,25,1,3,0.0,si,1,2,      082602501
826,25,1,3,0.0,si,2,3,      082602501
826,25,1,3,0.0,no,3,4,      082602501
828,52,1,0,1.0,no,1,1,      082805201
828,102,2,1,0.0,no,1,2,      082810202
830,111,1,1,6.0,no,1,1,      083011101
834,20,1,1,0.0,si,1,1,      083402001
834,20,1,1,0.0,si,2,2,      083402001
834,20,1,1,0.0,si,3,3,      083402001
834,20,1,1,0.0,si,4,4,      083402001
834,20,1,1,0.0,,5,5,      083402001
834,87,1,3,0.0,si,1,1,      083408701
834,87,1,3,0.0,si,2,2,      083408701
834,87,1,3,0.0,si,3,3,      083408701
834,87,1,3,0.0,si,4,4,      083408701
834,87,1,1,3.0,,5,5,      083408701
834,138,1,1,2.0,si,1,1,      083413801
834,138,1,1,2.0,no,2,3,      083413801
838,62,1,6,0.0,no,1,2,      083806201
842,59,1,3,0.0,si,1,1,      084205901
842,59,1,3,0.0,,2,2,      084205901
854,58,1,0,1.0,no,1,2,      085405801
872,1,2,1,0.0,no,1,2,      087200102
909,125,1,16,0.0,no,1,2,      090912501
910,35,3,0,5.0,si,1,1,      091003503
910,35,3,0,5.0,si,2,2,      091003503
910,35,3,0,5.0,si,3,3,      091003503
910,35,3,0,5.0,,4,4,      091003503
915,94,1,0,5.0,no,1,2,      091509401
917,16,1,0,0.0,si,1,3,      091701601
917,16,1,0,0.0,no,2,4,      091701601
926,27,1,2,0.0,no,1,1,      092602701
926,27,2,11,0.0,si,1,1,      092602702
926,27,2,11,0.0,si,2,2,      092602702
926,27,2,11,0.0,si,3,3,      092602702
926,27,2,4,0.0,,4,4,      092602702
940,103,1,3,0.0,no,1,2,      094010301
950,2,1,2,0.0,si,1,7,      095000201
950,2,1,2,0.0,si,2,8,      095000201
950,2,1,2,0.0,no,3,9,      095000201
960,68,1,3,0.0,si,1,4,      096006801
960,68,1,3,0.0,no,2,6,      096006801
961,28,1,0,3.0,si,2,1,      096102801
961,28,1,0,3.0,,3,2,      096102801
961,28,1,0,3.0,si,1,3,      096102801
961,38,1,1,0.0,no,1,1,      096103801
969,114,1,6,0.0,,1,1,      096911401
980,46,1,0,2.0,no,1,2,      098004601
980,88,1,4,3.0,,1,1,      098008801
982,58,1,2,0.0,si,1,3,      098205801
982,58,1,9,0.0,no,2,4,      098205801
986,2,1,1,6.0,no,1,2,      098600201
993,4,1,1,0.0,si,1,1,      099300401
993,4,1,1,0.0,si,2,2,      099300401
993,4,1,1,0.0,,3,3,      099300401
996,55,1,1,0.0,no,1,5,      099605501
997,18,1,7,0.0,no,1,2,      099701801
997,40,1,10,0.0,,1,1,      099704001
1001,63,1,2,0.0,no,1,2,      100106301
1002,36,1,2,0.0,si,1,1,      100203601
1002,36,1,10,0.0,,2,2,      100203601
1002,37,1,10,0.0,si,1,1,      100203701
1002,37,1,10,0.0,si,2,2,      100203701
1002,37,1,6,0.0,,3,3,      100203701
1107,13,1,0,4.0,si,1,2,      110701301
1107,13,1,0,4.0,si,2,3,      110701301
1107,13,1,0,4.0,no,3,4,      110701301
1107,15,1,1,0.0,si,1,1,      110701501
1107,15,1,1,0.0,si,2,2,      110701501
1107,15,1,1,0.0,no,3,3,      110701501
1107,34,1,10,0.0,si,1,2,      110703401
1107,34,1,10,0.0,si,2,3,      110703401
1107,34,1,5,0.0,no,3,4,      110703401
1108,2,1,3,0.0,no,2,1,      110800201
1108,2,1,3,0.0,si,1,2,      110800201
1108,15,1,6,0.0,si,1,1,      110801501
1108,15,1,6,0.0,no,2,2,      110801501
1108,16,1,1,0.0,no,1,2,      110801601
1140,118,1,6,0.0,no,1,5,      114011801
1156,56,1,18,0.0,no,1,2,      115605601
1180,92,1,1,3.0,no,1,2,      118009201
1182,28,1,1,0.0,no,1,2,      118202801
1183,22,1,1,0.0,no,1,4,      118302201
1184,87,1,0,4.0,no,1,1,      118408701
1187,8,1,2,6.0,no,1,5,      118700801
1197,68,1,2,7.0,no,1,1,      119706801
1199,6,1,1,6.0,no,1,1,      119900601
1201,46,1,2,3.0,si,1,1,      120104601
1201,46,1,2,3.0,no,2,4,      120104601
1210,113,1,0,2.0,,1,1,      121011301
1211,18,1,3,0.0,no,1,2,      121101801
1211,46,1,1,0.0,no,1,2,      121104601
1211,58,1,2,0.0,no,1,2,      121105801
1217,130,1,5,4.0,no,1,1,      121713001
1221,10,1,5,0.0,si,1,2,      122101001
1221,10,1,3,0.0,no,2,4,      122101001
1221,11,1,4,0.0,no,1,1,      122101101
1221,12,1,2,0.0,no,1,2,      122101201
1221,13,1,4,0.0,no,1,2,      122101301
1221,14,1,7,0.0,no,1,1,      122101401
1221,19,1,5,0.0,no,1,2,      122101901
1228,23,1,5,0.0,no,1,2,      122802301
1228,46,1,3,0.0,no,1,2,      122804601
1228,48,1,3,10.0,no,1,1,      122804801
1241,14,1,0,6.0,si,1,7,      124101401
1241,14,1,2,0.0,no,2,8,      124101401
1255,49,1,0,8.0,no,1,1,      125504901
1274,89,1,1,0.0,no,1,3,      127408901
1284,4,1,1,6.0,no,1,2,      128400401
1286,120,1,2,7.0,si,1,1,      128612001
1286,120,1,2,0.0,no,2,2,      128612001
1287,77,1,1,0.0,no,1,2,      128707701
1287,78,1,2,0.0,no,1,2,      128707801
1287,79,1,10,0.0,no,1,2,      128707901
1287,92,1,9,0.0,no,1,2,      128709201
1287,95,1,10,0.0,no,1,2,      128709501
1287,111,1,4,0.0,no,1,2,      128711101
1287,113,1,2,0.0,no,1,2,      128711301
1287,115,1,1,0.0,no,1,3,      128711501
1294,84,1,1,0.0,no,1,2,      129408401
1299,78,1,5,0.0,no,1,2,      129907801
1305,32,1,0,1.0,no,1,5,      130503201
1310,14,1,2,3.0,no,1,2,      131001401
1335,12,1,0,6.0,no,1,2,      133501201
1338,6,1,2,0.0,no,1,2,      133800601
1347,29,1,1,0.0,no,1,2,      134702901
1357,17,1,0,11.0,no,1,6,      135701701
1361,96,1,0,1.0,si,1,4,      136109601
1361,96,1,0,1.0,si,2,5,      136109601
1361,96,1,0,1.0,no,3,6,      136109601
1366,91,1,2,0.0,no,1,2,      136609101
1379,85,1,1,0.0,no,1,2,      137908501
1440,138,1,3,3.0,si,1,2,      144013801
1440,138,1,3,3.0,no,2,3,      144013801
1456,69,1,10,3.0,si,1,2,      145606901
1456,69,1,1,3.0,no,2,4,      145606901
1462,35,1,0,0.0,no,1,3,      146203501
1483,12,1,0,2.0,si,1,1,      148301201
1483,12,1,0,2.0,si,2,2,      148301201
1483,12,1,0,2.0,no,3,3,      148301201
1501,65,1,2,0.0,no,1,1,      150106501
1501,118,1,4,0.0,no,1,2,      150111801
1503,71,1,6,0.0,no,1,1,      150307101
1510,28,1,3,0.0,,1,1,      151002801
1524,74,1,2,0.0,no,1,2,      152407401
1525,2,1,12,0.0,no,1,2,      152500201
1525,3,1,10,0.0,si,1,1,      152500301
1525,3,1,10,0.0,no,2,2,      152500301
1525,4,1,1,4.0,no,1,2,      152500401
1525,11,1,3,0.0,si,1,1,      152501101
1525,11,1,3,0.0,no,2,2,      152501101
1525,144,1,1,5.0,no,1,2,      152514401
1525,145,1,7,0.0,no,1,2,      152514501
1538,97,1,1,0.0,si,1,4,      153809701
1538,97,1,1,0.0,si,2,5,      153809701
1538,97,1,1,0.0,no,3,6,      153809701
1559,73,1,0,1.0,no,1,2,      155907301
1564,76,1,7,0.0,no,1,2,      156407601
1568,93,1,0,2.0,si,1,4,      156809301
1568,93,1,0,2.0,no,2,5,      156809301
1577,63,1,2,0.0,no,1,2,      157706301
1577,64,1,1,0.0,si,1,3,      157706401
1577,64,1,1,0.0,no,2,4,      157706401
1577,65,1,2,2.0,si,1,1,      157706501
1577,65,1,2,2.0,si,2,4,      157706501
1577,65,1,2,2.0,no,3,5,      157706501
1577,66,1,1,0.0,no,1,2,      157706601
1577,67,1,1,2.0,si,1,1,      157706701
1577,67,1,1,2.0,si,2,2,      157706701
1577,67,1,1,2.0,no,3,3,      157706701
1577,71,1,2,2.0,si,1,2,      157707101
1577,71,1,2,2.0,no,2,4,      157707101
1577,73,1,1,1.0,si,1,2,      157707301
1577,73,1,1,1.0,no,2,4,      157707301
1577,74,1,2,0.0,si,1,3,      157707401
1577,74,1,2,0.0,no,2,4,      157707401
1595,13,1,1,0.0,no,1,1,      159501301
1597,33,1,4,0.0,no,1,1,      159703301
1599,79,1,15,0.0,no,1,2,      159907901
1605,40,1,0,8.0,no,1,3,      160504001
1606,51,1,1,0.0,no,1,2,      160605101
1607,1,1,0,8.0,no,1,4,      160700101
1607,92,1,1,4.0,no,1,4,      160709201
1608,115,1,1,0.0,no,1,2,      160811501
1611,51,1,3,0.0,si,1,1,      161105101
1611,51,1,3,0.0,si,2,2,      161105101
1611,51,1,3,0.0,no,3,3,      161105101
1611,53,1,1,0.0,no,1,2,      161105301
1622,27,1,0,9.0,no,1,2,      162202701
1631,4,1,5,0.0,no,1,2,      163100401
1631,7,1,14,0.0,no,1,2,      163100701
1631,46,1,3,0.0,no,1,2,      163104601
1642,16,1,1,2.0,no,1,3,      164201601
1642,121,1,18,0.0,no,1,2,      164212101
1653,49,1,10,0.0,no,1,2,      165304901
1655,41,1,0,0.0,no,1,2,      165504101
1655,69,1,0,1.0,no,1,2,      165506901
1656,54,1,3,8.0,si,1,1,      165605401
1656,54,1,3,8.0,si,2,2,      165605401
1656,54,1,3,1.0,si,3,3,      165605401
1656,54,1,1,8.0,si,4,4,      165605401
1656,54,1,3,8.0,no,5,6,      165605401
1675,58,1,0,1.0,no,1,2,      167505801
1687,1,1,5,0.0,si,1,1,      168700101
1687,1,1,5,0.0,si,2,2,      168700101
1687,1,1,5,0.0,no,3,3,      168700101
1687,2,1,0,4.0,,1,1,      168700201
1687,4,1,0,3.0,si,1,3,      168700401
1687,4,1,0,3.0,no,2,4,      168700401
1699,65,1,3,0.0,no,1,6,      169906501
1701,43,1,1,0.0,no,1,2,      170104301
1704,5,1,0,5.0,no,1,2,      170400501
1710,92,1,1,7.0,no,1,2,      171009201
1719,84,1,0,3.0,no,1,2,      171908401
1724,126,1,3,0.0,no,1,1,      172412601
1725,20,1,3,0.0,no,1,2,      172502001
1725,31,1,6,0.0,no,1,2,      172503101
1725,37,1,3,0.0,si,1,1,      172503701
1725,37,1,3,0.0,si,2,2,      172503701
1725,37,1,0,6.0,no,3,3,      172503701
1725,38,1,6,0.0,no,1,2,      172503801
1725,39,1,1,0.0,no,1,2,      172503901
1726,69,1,4,0.0,no,1,1,      172606901
1726,70,1,2,0.0,no,1,2,      172607001
1728,82,1,3,9.0,no,1,3,      172808201
1730,18,1,9,0.0,no,1,2,      173001801
1730,20,1,1,1.0,no,1,1,      173002001
1732,56,1,0,1.0,no,1,2,      173205601
1732,64,1,2,0.0,no,1,2,      173206401
1732,66,1,0,1.0,no,1,3,      173206601
1733,48,1,1,9.0,no,1,1,      173304801
1733,81,1,0,1.0,no,1,1,      173308101
1734,84,1,0,4.0,no,1,2,      173408401
1734,163,1,0,8.0,no,1,2,      173416301
1735,90,1,0,6.0,no,1,5,      173509001
1736,22,1,0,4.0,no,1,1,      173602201
1738,209,1,0,4.0,no,1,1,      173820901
1738,210,1,0,6.0,no,1,2,      173821001
1738,212,1,0,1.0,no,1,2,      173821201
1738,213,1,0,1.0,no,1,2,      173821301
1739,6,1,0,3.0,no,1,3,      173900601
1739,9,1,0,3.0,no,1,2,      173900901
1739,10,1,0,2.0,no,1,2,      173901001
1739,36,1,1,0.0,no,1,2,      173903601
1739,41,1,0,3.0,no,1,2,      173904101
1739,42,1,0,6.0,no,1,1,      173904201
1739,45,1,0,2.0,no,1,2,      173904501
1742,4,1,0,11.0,no,1,2,      174200401
1813,131,1,1,0.0,si,1,2,      181313101
1813,131,1,1,0.0,no,2,5,      181313101
1819,25,1,18,11.0,no,1,1,      181902501
1842,52,1,5,0.0,no,1,2,      184205201
1851,34,1,3,0.0,no,1,2,      185103401
1852,45,1,0,1.0,no,1,2,      185204501
1853,15,1,4,0.0,no,1,1,      185301501
1853,24,1,10,0.0,no,1,2,      185302401
1854,75,1,2,0.0,no,1,2,      185407501
1855,1,1,5,0.0,no,1,2,      185500101
1855,2,1,1,0.0,,1,1,      185500201
1855,3,1,10,0.0,no,1,2,      185500301
1855,4,1,1,0.0,no,1,1,      185500401
1856,6,1,no sabe,,no,1,2,      185600601
1856,7,1,6,0.0,no,1,2,      185600701
1856,8,1,2,0.0,no,1,2,      185600801
1856,9,1,1,0.0,,1,1,      185600901
1856,10,1,5,0.0,no,1,2,      185601001
1856,16,1,9,0.0,no,1,2,      185601601
1856,17,1,5,0.0,no,1,1,      185601701
1856,19,1,7,0.0,no,1,1,      185601901
1856,20,1,9,0.0,no,1,2,      185602001
1856,34,1,6,0.0,no,1,2,      185603401
1856,37,1,6,0.0,no,1,2,      185603701
1857,6,1,10,0.0,no,1,2,      185700601
1857,7,1,0,6.0,no,1,2,      185700701
1857,8,1,5,0.0,no,1,2,      185700801
1857,9,1,5,0.0,no,1,2,      185700901
1857,10,1,18,0.0,no,1,2,      185701001
1857,20,1,1,0.0,no,1,2,      185702001
1857,45,1,no sabe,,no,1,2,      185704501
1857,46,1,3,0.0,no,1,2,      185704601
1857,47,1,no sabe,,no,1,2,      185704701
1859,26,1,4,0.0,no,1,2,      185902601
1859,28,1,3,0.0,no,1,1,      185902801
1859,29,1,9,0.0,no,1,2,      185902901
1859,50,1,2,0.0,no,1,3,      185905001
1862,75,1,3,0.0,no,1,2,      186207501
1862,79,1,18,0.0,no,1,2,      186207901
1862,85,1,no sabe,,no,1,1,      186208501
1862,86,1,2,0.0,no,1,2,      186208601
1862,87,1,2,0.0,no,1,2,      186208701
1862,88,1,1,0.0,no,1,2,      186208801
1862,89,1,no sabe,,no,1,2,      186208901
1863,48,1,2,0.0,no,1,3,      186304801
1863,49,1,1,0.0,no,1,2,      186304901
1863,50,1,13,0.0,no,1,2,      186305001
1863,51,1,3,0.0,si,1,3,      186305101
1863,51,1,3,0.0,no,2,4,      186305101
1867,20,1,10,0.0,no,1,2,      186702001
1867,21,1,3,0.0,no,1,1,      186702101
1867,24,1,12,0.0,no,1,2,      186702401
1867,25,1,4,0.0,no,1,2,      186702501
1867,26,1,6,0.0,no,1,2,      186702601
1867,27,1,4,0.0,no,1,2,      186702701
1867,28,1,15,0.0,no,1,2,      186702801
1867,29,1,15,0.0,no,1,2,      186702901
1867,42,1,no sabe,,no,1,2,      186704201
1867,46,1,8,0.0,si,1,1,      186704601
1867,46,1,8,0.0,,2,2,      186704601
1870,7,1,5,0.0,no,1,1,      187000701
1870,15,1,5,0.0,,1,1,      187001501
1870,17,1,5,0.0,no,1,1,      187001701
1870,20,1,5,0.0,,1,1,      187002001
1875,42,1,3,0.0,no,1,2,      187504201
1877,21,1,0,3.0,no,1,1,      187702101
1877,53,1,5,0.0,no,1,2,      187705301
1890,193,1,0,3.0,no,1,2,      189019301
1902,83,1,3,0.0,no,1,6,      190208301
1906,87,1,2,2.0,no,1,2,      190608701
1911,4,1,3,0.0,no,1,2,      191100401
1911,35,1,10,0.0,no,1,2,      191103501
1915,45,1,4,6.0,,1,1,      191504501
1919,1,1,2,no sabe,si,1,1,      191900101
1919,1,1,2,no sabe,,2,2,      191900101
1928,79,1,1,0.0,no,1,2,      192807901
1928,98,1,5,7.0,si,1,2,      192809801
1928,98,1,5,7.0,si,2,3,      192809801
1928,98,1,5,7.0,si,3,4,      192809801
1928,98,1,5,7.0,si,4,5,      192809801
1928,98,1,5,7.0,si,5,6,      192809801
1928,98,1,2,0.0,no,6,7,      192809801
1934,70,1,10,0.0,no,1,1,      193407001
1938,28,1,1,0.0,si,1,1,      193802801
1938,28,1,1,0.0,si,2,2,      193802801
1938,28,1,1,0.0,si,3,3,      193802801
1938,28,1,1,0.0,si,4,4,      193802801
1938,28,1,1,0.0,si,5,5,      193802801
1938,28,1,1,0.0,,6,6,      193802801
1938,65,1,0,8.0,si,1,1,      193806501
1938,65,1,0,8.0,no,2,2,      193806501
1946,94,1,15,7.0,si,1,1,      194609401
1946,94,1,15,7.0,si,2,2,      194609401
1946,94,1,3,7.0,si,3,3,      194609401
1946,94,1,15,7.0,si,4,5,      194609401
1946,94,1,15,7.0,si,5,6,      194609401
1946,94,1,2,7.0,si,6,7,      194609401
1946,94,1,0,7.0,si,7,8,      194609401
1946,94,1,1,7.0,no,8,9,      194609401
1958,35,1,0,3.0,si,1,1,      195803501
1958,35,1,0,3.0,si,2,2,      195803501
1958,35,1,0,3.0,si,3,3,      195803501
1958,35,1,0,3.0,,4,4,      195803501
1984,2,1,no sabe,,no,1,3,      198400201
1994,10,1,0,10.0,no,1,1,      199401001
2000,104,1,2,0.0,si,1,4,      200010401
2000,104,1,0,4.0,no,2,5,      200010401
2030,60,1,0,3.0,no,1,2,      203006001
2031,11,1,0,7.0,no,1,2,      203101101
2031,13,1,2,0.0,no,1,2,      203101301
2031,14,1,6,0.0,,1,1,      203101401
2031,125,1,2,0.0,no,1,2,      203112501
2031,131,1,2,0.0,no,1,2,      203113101
2031,132,1,5,0.0,no,1,2,      203113201
2032,2,1,0,11.0,no,1,1,      203200201
2032,3,1,1,11.0,no,1,2,      203200301
2032,46,1,4,11.0,no,1,1,      203204601
2032,48,1,3,11.0,no,1,2,      203204801
2032,50,1,10,11.0,no,1,1,      203205001
2032,66,1,10,0.0,no,1,1,      203206601
2032,68,1,3,11.0,no,1,3,      203206801
2032,70,1,1,11.0,no,1,6,      203207001
2044,22,1,0,8.0,no,1,2,      204402201
2044,23,1,2,0.0,no,1,2,      204402301
2046,33,1,0,1.0,no,1,1,      204603301
2047,72,1,3,0.0,no,1,2,      204707201
2047,85,1,1,0.0,no,1,2,      204708501
2051,36,1,3,0.0,no,1,2,      205103601
2054,10,1,0,6.0,no,1,6,      205401001
2055,102,1,3,7.0,no,1,2,      205510201
2057,19,1,0,3.0,no,1,4,      205701901
2057,39,1,0,5.0,no,1,3,      205703901
2057,64,1,0,5.0,no,1,6,      205706401
2061,71,1,10,0.0,no,1,2,      206107101
2066,87,1,2,0.0,no,1,1,      206608701
2067,17,1,2,0.0,no,1,1,      206701701
2067,73,1,10,0.0,no,1,2,      206707301
2067,78,1,2,0.0,no,1,2,      206707801
2067,86,1,6,0.0,,1,1,      206708601
2067,96,1,2,0.0,no,1,2,      206709601
2069,17,1,5,0.0,no,1,2,      206901701
2069,19,1,2,0.0,no,1,2,      206901901
2069,38,1,18,0.0,,1,1,      206903801
2071,1,1,5,0.0,no,1,2,      207100101
2071,2,1,9,0.0,no,1,2,      207100201
2071,3,1,8,0.0,no,1,2,      207100301
2071,5,1,7,0.0,no,1,2,      207100501
2071,11,1,5,0.0,no,1,1,      207101101
2071,13,1,9,0.0,no,1,2,      207101301
2071,41,1,10,0.0,no,1,1,      207104101
2071,45,1,5,0.0,no,1,2,      207104501
2074,26,1,4,0.0,no,1,2,      207402601
2074,27,1,3,0.0,no,1,2,      207402701
2074,29,1,10,0.0,si,1,2,      207402901
2074,29,1,10,0.0,no,2,7,      207402901
2076,57,1,0,1.0,no,1,1,      207605701
2077,15,1,1,0.0,no,1,2,      207701501
2078,1,1,2,0.0,no,1,2,      207800101
2078,3,1,6,0.0,,1,1,      207800301
2078,19,1,10,0.0,no,1,2,      207801901
2078,20,1,10,0.0,no,1,2,      207802001
2078,23,1,5,0.0,no,1,2,      207802301
2078,29,1,2,7.0,no,1,2,      207802901
2078,30,1,6,7.0,no,1,1,      207803001
2078,31,1,18,0.0,no,1,2,      207803101
2079,18,1,5,0.0,,1,1,      207901801
2079,19,1,10,0.0,no,1,2,      207901901
2079,21,1,12,0.0,no,1,1,      207902101
2079,69,1,2,0.0,no,1,3,      207906901
2079,71,1,8,0.0,no,1,2,      207907101
2079,77,1,12,0.0,no,1,2,      207907701
2079,78,1,4,0.0,no,1,2,      207907801
2079,79,1,8,0.0,no,1,2,      207907901
2079,80,1,3,0.0,no,1,2,      207908001
2079,81,1,3,0.0,no,1,2,      207908101
2080,1,1,1,0.0,no,1,2,      208000101
2080,23,1,1,0.0,no,1,2,      208002301
2080,39,1,2,0.0,no,1,2,      208003901
2080,41,1,10,0.0,no,1,2,      208004101
2081,15,1,6,0.0,no,1,2,      208101501
2081,28,1,5,0.0,si,1,1,      208102801
2081,28,1,18,0.0,no,2,5,      208102801
2081,30,1,8,0.0,no,1,2,      208103001
2083,1,1,15,0.0,no,1,2,      208300101
2083,2,1,6,0.0,no,1,2,      208300201
2083,5,1,6,5.0,si,1,2,      208300501
2083,5,1,3,11.0,no,2,5,      208300501
2086,55,1,10,0.0,no,1,2,      208605501
2086,56,1,4,0.0,no,1,2,      208605601
2090,1,1,0,6.0,no,1,3,      209000101
2090,2,1,4,0.0,no,1,3,      209000201
2090,3,1,5,0.0,no,1,3,      209000301
2090,6,1,3,0.0,no,1,2,      209000601
2090,7,1,8,0.0,no,1,2,      209000701
2090,35,1,3,0.0,no,1,2,      209003501
2090,37,1,3,0.0,no,1,2,      209003701
2091,29,1,1,0.0,no,1,2,      209102901
2091,58,1,1,0.0,no,1,2,      209105801
2091,61,1,no sabe,,,1,1,      209106101
2091,62,1,1,0.0,,1,1,      209106201
2093,66,1,8,0.0,no,1,2,      209306601
2093,86,1,4,0.0,,1,1,      209308601
2093,87,1,10,0.0,no,1,2,      209308701
2093,88,1,5,0.0,,1,1,      209308801
2093,137,1,5,0.0,no,1,2,      209313701
2111,93,1,1,6.0,no,1,2,      211109301
2114,58,1,6,9.0,no,1,2,      211405801
2122,49,1,0,2.0,no,1,3,      212204901
2122,50,1,3,11.0,no,1,2,      212205001
2122,58,1,1,6.0,no,1,2,      212205801
2122,60,1,2,0.0,no,1,2,      212206001
2122,64,1,1,0.0,no,1,2,      212206401
2122,65,1,0,2.0,no,1,3,      212206501
2123,14,1,0,4.0,,1,1,      212301401
2144,44,1,0,11.0,no,1,1,      214404401
2158,108,1,2,0.0,si,1,1,      215810801
2158,108,1,2,0.0,si,2,2,      215810801
2158,108,1,2,0.0,si,3,3,      215810801
2158,108,1,2,0.0,no,4,4,      215810801
2180,20,1,0,1.0,si,1,3,      218002001
2180,20,1,0,1.0,no,2,4,      218002001
2202,28,1,7,0.0,no,1,3,      220202801
2210,59,1,0,0.0,no,1,4,      221005901
2225,1,1,1,6.0,no,1,1,      222500101
2242,36,1,2,0.0,no,1,2,      224203601
2243,4,1,1,3.0,no,1,2,      224300401
2251,4,1,2,6.0,no,1,1,      225100401
2254,16,1,0,2.0,no,1,2,      225401601
2254,26,1,1,0.0,no,1,2,      225402601
2254,68,1,2,8.0,no,1,1,      225406801
2255,4,1,2,9.0,,1,1,      225500401
2255,46,1,2,0.0,no,1,2,      225504601
2257,11,1,10,0.0,no,1,2,      225701101
2257,32,1,1,2.0,no,1,1,      225703201
2266,17,1,6,0.0,si,1,2,      226601701
2266,17,1,9,0.0,no,2,6,      226601701
2266,18,1,3,2.0,si,1,2,      226601801
2266,18,1,2,1.0,no,2,3,      226601801
2266,19,1,3,0.0,no,1,1,      226601901
2266,20,1,0,7.0,si,1,1,      226602001
2266,20,1,0,7.0,si,2,2,      226602001
2266,20,1,0,7.0,si,3,3,      226602001
2266,20,1,0,7.0,,4,4,      226602001
2266,21,1,3,0.0,no,1,2,      226602101
2268,73,1,0,1.0,no,1,2,      226807301
2268,74,1,0,3.0,no,1,1,      226807401
2290,50,1,16,0.0,no,1,2,      229005001
2296,155,1,18,0.0,no,1,1,      229615501
2297,29,1,2,0.0,no,1,2,      229702901
2316,104,1,3,0.0,no,1,1,      231610401
2321,88,1,0,8.0,si,1,3,      232108801
2321,88,1,0,8.0,si,2,4,      232108801
2321,88,1,0,8.0,no,3,5,      232108801
2321,89,1,8,0.0,si,1,1,      232108901
2321,89,1,8,0.0,si,2,2,      232108901
2321,89,1,0,8.0,,3,3,      232108901
2321,92,1,0,2.0,si,1,3,      232109201
2321,92,1,0,2.0,si,2,4,      232109201
2321,92,1,0,2.0,si,3,5,      232109201
2321,92,1,0,2.0,no,4,6,      232109201
2326,39,1,0,4.0,no,1,2,      232603901
2326,40,1,2,0.0,no,1,2,      232604001
2326,43,1,no sabe,,no,1,2,      232604301
2333,67,1,3,0.0,si,1,4,      233306701
2333,67,1,3,0.0,si,2,5,      233306701
2333,67,1,1,0.0,no,3,6,      233306701
2345,29,2,0,0.0,no,1,2,      234502902
2352,14,1,2,0.0,si,1,1,      235201401
2352,14,1,2,0.0,no,2,2,      235201401
2373,118,1,2,0.0,no,1,3,      237311801
2374,7,1,1,0.0,no,1,5,      237400701
2378,55,1,0,7.0,si,1,1,      237805501
2378,55,1,0,7.0,si,2,2,      237805501
2378,55,1,0,7.0,si,3,3,      237805501
2378,55,1,0,7.0,si,4,4,      237805501
2378,55,1,0,7.0,,5,5,      237805501
2382,128,1,2,0.0,no,1,1,      238212801
2382,139,1,2,0.0,si,1,1,      238213901
2382,139,1,2,0.0,si,2,2,      238213901
2382,139,1,2,0.0,no,3,3,      238213901
2386,79,1,1,0.0,si,1,2,      238607901
2386,79,1,1,0.0,si,2,5,      238607901
2386,79,1,1,0.0,no,3,6,      238607901
2386,82,1,6,0.0,si,1,1,      238608201
2386,82,1,10,0.0,no,2,2,      238608201
2386,82,2,4,6.0,no,1,3,      238608202
2386,83,1,0,3.0,si,1,4,      238608301
2386,83,1,0,3.0,si,2,5,      238608301
2386,83,1,0,3.0,no,3,6,      238608301
2394,67,2,1,7.0,no,1,2,      239406702
2398,56,1,5,0.0,no,1,5,      239805601
2406,187,1,0,2.0,si,1,1,      240618701
2406,187,1,0,2.0,si,2,2,      240618701
2406,187,1,0,2.0,,3,3,      240618701
2412,28,1,0,2.0,si,1,1,      241202801
2412,28,1,0,2.0,si,2,2,      241202801
2412,28,1,0,2.0,si,3,3,      241202801
2412,28,1,0,2.0,,4,4,      241202801
2415,11,1,0,7.0,no,1,1,      241501101
2415,132,1,10,9.0,no,1,1,      241513201
2422,128,1,18,11.0,no,1,2,      242212801
2430,117,1,18,11.0,no,1,2,      243011701
2437,5,1,no sabe,,no,1,2,      243700501
2441,107,1,10,0.0,no,1,1,      244110701
2445,29,1,3,0.0,no,1,2,      244502901
2457,54,1,0,2.0,no,1,2,      245705401
2458,21,1,1,1.0,si,1,2,      245802101
2458,21,1,1,1.0,no,2,3,      245802101
2497,6,1,1,8.0,no,1,2,      249700601
2501,116,1,1,0.0,no,1,5,      250111601
2507,16,1,0,2.0,si,1,1,      250701601
2507,16,1,0,2.0,si,2,2,      250701601
2507,16,1,0,2.0,si,3,3,      250701601
2507,16,1,0,2.0,si,4,4,      250701601
2507,16,1,0,2.0,,5,5,      250701601
2514,124,1,5,0.0,no,1,2,      251412401
2516,6,1,0,2.0,no,1,1,      251600601
2516,9,1,15,0.0,no,1,2,      251600901
2516,42,1,3,0.0,si,1,1,      251604201
2516,42,1,3,0.0,si,2,2,      251604201
2516,42,1,3,0.0,,3,3,      251604201
2516,43,1,1,0.0,no,1,2,      251604301
2528,41,1,1,0.0,no,1,2,      252804101
2529,108,1,6,9.0,si,1,1,      252910801
2529,108,1,6,9.0,si,2,2,      252910801
2529,108,1,6,9.0,,3,3,      252910801
2533,58,1,1,5.0,si,1,4,      253305801
2533,58,1,1,5.0,si,2,5,      253305801
2533,58,1,0,10.0,no,3,6,      253305801
2533,107,1,2,0.0,si,1,1,      253310701
2533,107,1,2,0.0,si,2,2,      253310701
2533,107,1,1,0.0,no,3,3,      253310701
2546,76,1,2,0.0,,1,1,      254607601
2554,114,1,no sabe,,no,1,4,      255411401
2565,31,1,3,6.0,si,1,2,      256503101
2565,31,1,3,6.0,no,2,5,      256503101
2565,72,1,1,8.0,no,1,2,      256507201
2576,38,1,10,0.0,no,1,2,      257603801
2579,31,1,7,0.0,no,1,2,      257903101
2579,44,1,12,0.0,no,1,2,      257904401
2585,8,1,1,0.0,si,1,1,      258500801
2585,8,1,1,0.0,,2,2,      258500801
2585,9,1,5,0.0,,1,1,      258500901
2585,15,1,3,0.0,no,1,2,      258501501
2585,16,1,0,3.0,si,1,1,      258501601
2585,16,1,0,3.0,,2,2,      258501601
2586,12,1,0,2.0,no,1,2,      258601201
2586,19,1,10,0.0,no,1,2,      258601901
2587,10,1,15,0.0,no,1,2,      258701001
2587,11,1,0,9.0,no,1,1,      258701101
2628,45,1,4,7.0,no,1,2,      262804501
2629,53,1,0,3.0,no,1,3,      262905301
2647,40,1,2,3.0,no,1,6,      264704001
2694,3,1,3,10.0,no,1,5,      269400301
2696,37,1,1,3.0,no,1,7,      269603701
2712,102,1,0,3.0,no,1,2,      271210201
2714,79,1,1,0.0,no,1,5,      271407901
2715,28,1,8,0.0,no,1,5,      271502801
2735,63,1,0,2.0,no,1,1,      273506301
2761,24,1,18,0.0,no,1,1,      276102401
2761,26,1,2,0.0,no,1,2,      276102601
2762,15,1,9,0.0,no,1,2,      276201501
2773,35,1,0,4.0,no,1,1,      277303501
2773,94,1,2,3.0,no,1,2,      277309401
2776,56,1,0,2.0,no,1,2,      277605601
2781,40,1,10,0.0,no,1,2,      278104001
2781,64,1,3,0.0,no,1,2,      278106401
2783,37,1,0,3.0,no,1,3,      278303701
2785,5,1,1,0.0,no,1,2,      278500501
2785,38,1,1,5.0,no,1,1,      278503801
2786,33,1,5,0.0,,1,1,      278603301
2796,19,1,2,0.0,no,1,2,      279601901
2806,3,1,15,0.0,no,1,1,      280600301
2806,4,1,8,0.0,no,1,1,      280600401
2806,11,1,0,1.0,no,1,1,      280601101
2806,30,1,0,8.0,no,1,2,      280603001
2807,38,1,3,0.0,no,1,2,      280703801
2807,40,1,no sabe,,no,1,2,      280704001
2807,50,1,15,9.0,,1,1,      280705001
2807,52,1,5,2.0,no,1,2,      280705201
2808,8,1,7,0.0,no,1,2,      280800801
2808,10,1,8,0.0,no,1,1,      280801001
2808,14,1,6,0.0,no,1,2,      280801401
2810,14,1,1,0.0,no,1,2,      281001401
2810,30,1,0,1.0,no,1,2,      281003001
2810,39,1,0,3.0,no,1,2,      281003901
2822,34,1,1,6.0,no,1,2,      282203401
2834,3,1,0,1.0,no,1,6,      283400301
2857,57,1,3,0.0,no,1,2,      285705701
2857,62,1,3,0.0,no,1,2,      285706201
2857,78,1,1,0.0,no,1,2,      285707801
2857,86,1,1,0.0,no,1,2,      285708601
2861,61,1,2,0.0,no,1,2,      286106101
2868,83,1,2,5.0,no,1,4,      286808301
2871,9,1,0,6.0,no,1,2,      287100901
2872,78,1,7,0.0,no,1,2,      287207801
2873,22,1,0,4.0,si,1,5,      287302201
2873,22,1,0,4.0,no,2,6,      287302201
2873,24,1,0,1.0,si,1,5,      287302401
2873,24,1,0,1.0,no,2,6,      287302401
2873,25,1,2,0.0,no,1,4,      287302501
2873,43,1,0,1.0,si,1,2,      287304301
2873,43,1,0,1.0,no,2,8,      287304301
2873,44,1,0,1.0,no,1,3,      287304401
2873,45,1,0,1.0,si,1,3,      287304501
2873,45,1,0,1.0,si,2,4,      287304501
2873,45,1,0,1.0,no,3,5,      287304501
2873,65,1,0,1.0,si,1,3,      287306501
2873,65,1,0,1.0,no,2,4,      287306501
2874,10,1,2,0.0,no,1,2,      287401001
2874,18,1,9,0.0,no,1,1,      287401801
2874,20,1,2,0.0,no,1,1,      287402001
2874,21,1,10,0.0,no,1,2,      287402101
2874,22,1,6,0.0,no,1,2,      287402201
2874,24,1,5,0.0,no,1,2,      287402401
2880,36,2,2,3.0,no,1,5,      288003602
2929,20,1,6,0.0,no,1,4,      292902001
2935,11,1,2,0.0,no,1,2,      293501101
2941,21,1,0,2.0,no,1,3,      294102101
2972,142,1,1,8.0,no,1,5,      297214201
2986,83,1,0,3.0,no,1,2,      298608301
2986,84,1,0,4.0,si,1,5,      298608401
2986,84,1,0,4.0,no,2,6,      298608401
3002,47,1,0,7.0,no,1,1,      300204701
3044,73,1,3,0.0,no,1,2,      304407301
3045,60,1,10,7.0,,1,1,      304506001
3045,61,1,2,6.0,no,1,2,      304506101
3046,14,1,0,10.0,no,1,2,      304601401
3049,21,1,5,7.0,si,1,1,      304902101
3049,21,1,18,7.0,,2,2,      304902101
3049,30,1,6,7.0,no,1,2,      304903001
3059,27,1,0,2.0,no,1,5,      305902701
3067,46,1,10,0.0,si,1,1,      306704601
3067,46,1,10,0.0,si,2,2,      306704601
3067,46,1,10,0.0,,3,3,      306704601
3068,68,2,0,0.0,si,1,1,      306806802
3068,68,2,0,0.0,no,2,2,      306806802
3089,102,1,4,0.0,no,1,2,      308910201
3089,111,1,3,0.0,no,1,2,      308911101
3089,115,1,0,11.0,no,1,2,      308911501
3095,81,1,2,0.0,no,1,2,      309508101
3111,6,1,4,0.0,no,1,1,      311100601
3142,45,1,1,0.0,si,1,1,      314204501
3142,45,1,1,0.0,no,2,2,      314204501
3149,146,1,0,2.0,si,1,4,      314914601
3149,146,1,0,2.0,no,2,5,      314914601
3151,85,1,0,4.0,no,1,1,      315108501
3156,66,1,1,0.0,no,1,6,      315606601
