qhcluster,qhnumber,qhhome,ps100_1a,ps100_1m,ps100_1s,ps3,hvidx,hhid
8,32,1,1,0.0,,1,1,      000803201
9,47,1,1,0.0,no,1,2,      000904701
15,105,1,1,0.0,si,1,1,      001510501
15,105,1,1,0.0,,2,2,      001510501
16,80,1,1,0.0,no,1,2,      001608001
17,16,1,0,8.0,,1,1,      001701601
19,33,1,1,0.0,no,1,2,      001903301
21,114,1,1,0.0,si,1,1,      002111401
21,114,1,0,4.0,,2,3,      002111401
28,106,1,1,6.0,si,1,1,      002810601
28,106,1,0,8.0,no,2,2,      002810601
30,90,1,1,2.0,no,1,2,      003009001
32,15,1,1,10.0,,1,8,      003201501
35,84,1,1,0.0,,1,1,      003508401
38,24,1,2,6.0,,1,1,      003802401
40,13,1,0,2.0,,1,1,      004001301
40,68,1,1,3.0,,1,1,      004006801
42,1,1,1,0.0,,1,1,      004200101
45,35,1,1,0.0,si,1,1,      004503501
45,35,1,0,2.0,,2,2,      004503501
45,36,1,0,10.0,no,1,1,      004503601
45,49,1,1,0.0,,1,1,      004504901
48,57,1,1,0.0,,1,1,      004805701
49,41,1,3,0.0,,1,4,      004904101
50,29,1,0,3.0,,1,1,      005002901
50,30,1,0,5.0,no,1,9,      005003001
51,55,1,2,0.0,si,1,1,      005105501
51,55,1,2,0.0,,2,2,      005105501
51,57,1,2,0.0,,1,2,      005105701
52,3,1,2,2.0,,1,1,      005200301
52,36,1,1,0.0,si,1,1,      005203601
52,36,1,1,0.0,,2,2,      005203601
53,12,1,3,0.0,,1,1,      005301201
53,70,1,1,2.0,,1,3,      005307001
53,73,1,0,4.0,,1,1,      005307301
54,81,1,0,8.0,si,1,1,      005408101
54,81,1,0,8.0,no,2,3,      005408101
55,24,1,1,6.0,,1,2,      005502401
57,19,1,1,0.0,si,1,1,      005701901
57,19,1,0,6.0,,2,2,      005701901
58,6,1,0,4.0,,1,1,      005800601
58,24,1,0,6.0,,1,6,      005802401
76,101,1,0,3.0,no,1,1,      007610101
81,81,1,5,0.0,,1,1,      008108101
94,116,1,0,2.0,,1,1,      009411601
98,25,1,1,0.0,,1,4,      009802501
99,53,1,2,0.0,no,1,2,      009905301
100,88,1,1,0.0,,1,1,      010008801
102,15,1,0,6.0,no,1,1,      010201501
103,43,1,1,0.0,,1,1,      010304301
104,7,1,5,0.0,,1,1,      010400701
104,12,1,2,0.0,,1,4,      010401201
104,40,1,5,0.0,,1,1,      010404001
105,19,1,0,5.0,,1,1,      010501901
105,31,1,1,0.0,no,1,1,      010503101
106,3,1,0,2.0,,1,8,      010600301
106,10,1,0,10.0,si,1,1,      010601001
106,10,1,0,9.0,,2,2,      010601001
106,11,1,1,6.0,si,1,1,      010601101
106,11,1,1,6.0,,2,2,      010601101
106,23,1,0,6.0,,1,1,      010602301
107,7,1,0,4.0,no,1,1,      010700701
107,11,1,0,6.0,,1,1,      010701101
107,12,1,0,6.0,,1,1,      010701201
109,28,1,3,3.0,,1,1,      010902801
109,29,1,1,0.0,si,1,1,      010902901
109,29,1,0,5.0,,2,2,      010902901
109,63,1,2,0.0,no,1,2,      010906301
110,66,1,1,6.0,,1,1,      011006601
111,103,2,1,0.0,si,1,1,      011110302
111,103,2,0,5.0,,2,2,      011110302
111,105,1,1,0.0,,1,4,      011110501
112,15,1,0,3.0,si,1,1,      011201501
112,15,1,0,3.0,,2,2,      011201501
113,12,1,0,5.0,si,1,1,      011301201
113,12,1,0,6.0,,2,2,      011301201
113,29,1,2,0.0,,1,1,      011302901
113,35,1,2,0.0,no,1,2,      011303501
114,5,1,2,0.0,no,1,1,      011400501
114,19,1,1,0.0,,1,1,      011401901
123,198,1,0,9.0,,1,1,      012319801
124,1,1,3,6.0,,1,2,      012400101
124,52,1,2,3.0,,1,1,      012405201
125,34,1,0,8.0,no,1,8,      012503401
126,1,1,1,6.0,,1,2,      012600101
126,127,1,1,6.0,,1,1,      012612701
127,12,1,1,0.0,si,1,1,      012701201
127,12,1,1,0.0,,2,2,      012701201
127,16,1,1,3.0,,1,2,      012701601
130,72,1,1,10.0,si,1,6,      013007201
130,72,1,1,10.0,,2,7,      013007201
133,68,1,1,0.0,,1,7,      013306801
134,5,1,1,0.0,,1,6,      013400501
134,100,1,2,0.0,,1,1,      013410001
137,6,1,1,0.0,,1,4,      013700601
138,49,1,1,6.0,,1,1,      013804901
138,50,1,2,0.0,,1,7,      013805001
139,17,1,3,6.0,,1,3,      013901701
139,19,1,3,6.0,,1,5,      013901901
139,29,1,0,10.0,,1,1,      013902901
140,37,1,3,0.0,,1,1,      014003701
140,102,1,2,no sabe,,1,6,      014010201
140,103,1,2,0.0,,1,1,      014010301
141,58,1,0,8.0,,1,1,      014105801
142,87,1,0,3.0,no,1,1,      014208701
142,90,1,1,0.0,si,1,1,      014209001
142,90,1,0,5.0,,2,2,      014209001
142,95,1,1,6.0,no,1,1,      014209501
143,24,1,2,0.0,,1,1,      014302401
143,26,1,0,6.0,,1,1,      014302601
143,29,1,1,0.0,si,1,1,      014302901
143,29,1,1,0.0,,2,2,      014302901
144,12,1,2,4.0,,1,6,      014401201
144,42,1,4,0.0,,1,1,      014404201
144,61,1,3,0.0,,1,1,      014406101
145,50,1,0,6.0,,1,1,      014505001
145,52,1,1,0.0,,1,8,      014505201
145,70,1,3,0.0,,1,1,      014507001
145,87,1,2,0.0,,1,6,      014508701
146,43,1,2,4.0,no,1,1,      014604301
147,95,1,0,4.0,,1,1,      014709501
147,107,1,1,0.0,si,1,1,      014710701
147,107,1,1,0.0,,2,2,      014710701
147,108,1,1,0.0,,1,1,      014710801
148,8,1,2,0.0,si,1,1,      014800801
148,8,1,2,0.0,,2,2,      014800801
148,42,1,2,0.0,si,1,1,      014804201
148,42,1,2,0.0,,2,2,      014804201
149,87,1,1,0.0,si,1,1,      014908701
149,87,1,0,4.0,,2,2,      014908701
150,7,1,0,2.0,,1,1,      015000701
151,26,1,2,0.0,,1,1,      015102601
151,28,1,0,4.0,,1,1,      015102801
151,38,1,1,8.0,,1,1,      015103801
153,21,1,2,0.0,,1,4,      015302101
153,53,1,2,0.0,,1,3,      015305301
153,76,1,1,2.0,,1,1,      015307601
153,78,1,0,11.0,,1,1,      015307801
153,81,1,1,3.0,si,1,1,      015308101
153,81,1,1,3.0,,2,2,      015308101
154,16,1,0,3.0,si,1,1,      015401601
154,16,1,0,4.0,,2,2,      015401601
154,20,1,1,6.0,si,1,1,      015402001
154,20,1,1,6.0,,2,2,      015402001
154,32,1,1,0.0,,1,3,      015403201
154,95,1,1,0.0,no,1,1,      015409501
155,27,1,1,6.0,,1,1,      015502701
155,41,1,2,0.0,si,1,1,      015504101
155,41,1,2,0.0,,2,2,      015504101
155,91,1,2,0.0,,1,1,      015509101
156,3,1,2,0.0,no,1,1,      015600301
156,15,1,0,1.0,,1,1,      015601501
157,18,1,1,0.0,no,1,1,      015701801
157,26,1,2,0.0,,1,1,      015702601
158,22,1,3,0.0,,1,1,      015802201
158,58,1,0,9.0,,1,2,      015805801
158,69,1,2,0.0,si,1,1,      015806901
158,69,1,2,0.0,,2,2,      015806901
159,73,1,0,8.0,,1,5,      015907301
159,114,1,3,0.0,,1,1,      015911401
160,15,1,1,0.0,,1,5,      016001501
162,6,1,1,0.0,,1,1,      016200601
162,40,1,1,4.0,,1,1,      016204001
197,67,1,0,4.0,,1,5,      019706701
221,47,1,0,4.0,si,1,1,      022104701
221,47,1,1,4.0,,2,2,      022104701
221,65,1,0,4.0,si,1,1,      022106501
221,65,1,0,4.0,,2,2,      022106501
222,1,1,1,0.0,,1,1,      022200101
222,3,1,1,0.0,si,1,1,      022200301
222,3,1,1,0.0,,2,2,      022200301
222,5,1,1,2.0,no,1,2,      022200501
223,3,1,0,6.0,,1,1,      022300301
223,11,1,1,0.0,,1,1,      022301101
223,17,1,1,0.0,,1,6,      022301701
223,36,1,1,0.0,,1,1,      022303601
224,43,1,2,5.0,,1,1,      022404301
225,65,1,1,0.0,,1,1,      022506501
229,57,1,0,4.0,,1,1,      022905701
232,82,1,1,0.0,,1,1,      023208201
235,21,1,3,6.0,,1,1,      023502101
244,89,1,1,0.0,si,1,1,      024408901
244,89,1,1,0.0,,2,2,      024408901
245,79,1,1,3.0,,1,3,      024507901
245,87,1,2,0.0,,1,1,      024508701
248,87,1,2,0.0,,1,3,      024808701
250,70,1,1,0.0,,1,4,      025007001
253,27,1,no sabe,,,1,1,      025302701
254,33,1,0,3.0,,1,1,      025403301
255,37,1,0,2.0,,1,1,      025503701
255,66,1,4,0.0,si,1,1,      025506601
255,66,1,2,0.0,,2,2,      025506601
255,78,1,2,0.0,,1,1,      025507801
256,78,1,0,5.0,no,1,1,      025607801
260,5,1,0,3.0,,1,2,      026000501
261,53,1,1,6.0,,1,3,      026105301
262,15,1,2,0.0,si,1,1,      026201501
262,15,1,no sabe,,,2,2,      026201501
263,55,1,0,4.0,,1,4,      026305501
263,79,1,1,0.0,si,1,5,      026307901
263,79,1,1,0.0,,2,6,      026307901
266,63,1,2,0.0,,1,1,      026606301
267,30,1,1,0.0,,1,1,      026703001
268,16,1,1,0.0,,1,2,      026801601
268,20,1,2,0.0,,1,1,      026802001
268,21,1,0,8.0,si,1,1,      026802101
268,21,1,0,7.0,,2,2,      026802101
269,35,1,1,0.0,,1,1,      026903501
270,32,1,0,6.0,,1,2,      027003201
271,6,1,2,0.0,si,1,1,      027100601
271,6,1,2,0.0,,2,2,      027100601
271,7,1,2,0.0,si,1,1,      027100701
271,7,1,2,0.0,,2,2,      027100701
271,8,1,2,0.0,si,1,1,      027100801
271,8,1,2,0.0,,2,2,      027100801
271,11,1,3,0.0,,1,1,      027101101
271,59,1,1,0.0,si,1,1,      027105901
271,59,1,0,7.0,,2,2,      027105901
272,86,1,1,0.0,,1,4,      027208601
272,91,1,3,0.0,si,1,1,      027209101
272,91,1,0,6.0,,2,2,      027209101
275,28,1,2,0.0,si,1,6,      027502801
275,28,1,2,0.0,,2,7,      027502801
275,29,1,2,0.0,no,1,2,      027502901
275,54,1,2,0.0,,1,3,      027505401
275,62,1,2,0.0,si,1,1,      027506201
275,62,1,2,0.0,,2,2,      027506201
276,15,1,1,0.0,,1,5,      027601501
277,8,1,no sabe,,,1,1,      027700801
277,9,1,0,2.0,,1,1,      027700901
277,54,1,0,8.0,,1,1,      027705401
277,55,1,2,0.0,,1,2,      027705501
277,61,1,3,0.0,no,1,1,      027706101
277,63,1,0,2.0,si,1,1,      027706301
277,63,1,1,0.0,,2,2,      027706301
277,65,1,1,0.0,no,1,2,      027706501
278,50,1,0,2.0,si,1,1,      027805001
278,50,1,1,2.0,,2,2,      027805001
279,16,1,3,3.0,si,1,1,      027901601
279,16,1,0,3.0,,2,2,      027901601
279,56,1,3,0.0,si,1,1,      027905601
279,56,1,3,0.0,,2,2,      027905601
280,27,1,2,0.0,si,1,6,      028002701
280,27,1,2,0.0,,2,7,      028002701
280,47,1,3,0.0,,1,6,      028004701
280,65,1,3,0.0,si,1,1,      028006501
280,65,1,3,0.0,,2,2,      028006501
281,19,1,0,6.0,,1,1,      028101901
281,24,1,1,0.0,,1,1,      028102401
282,45,1,0,8.0,,1,1,      028204501
283,34,1,1,0.0,,1,1,      028303401
283,35,1,2,0.0,,1,1,      028303501
284,60,1,2,0.0,no,1,1,      028406001
285,18,1,2,0.0,,1,1,      028501801
286,62,1,1,0.0,,1,1,      028606201
286,70,1,2,0.0,,1,1,      028607001
288,27,1,2,6.0,,1,1,      028802701
288,43,1,3,0.0,,1,1,      028804301
288,47,1,no sabe,,,1,1,      028804701
289,25,1,2,3.0,,1,1,      028902501
294,142,1,1,0.0,,1,8,      029414201
306,168,1,0,10.0,no,1,3,      030616801
308,69,1,1,6.0,,1,1,      030806901
310,79,1,0,2.0,,1,1,      031007901
312,43,1,1,0.0,si,1,1,      031204301
312,43,1,0,6.0,,2,2,      031204301
313,42,1,0,4.0,,1,5,      031304201
313,48,1,2,no sabe,no,1,2,      031304801
315,113,1,2,6.0,,1,1,      031511301
317,96,1,3,0.0,no,1,1,      031709601
317,103,1,2,0.0,,1,1,      031710301
318,70,1,0,4.0,,2,1,      031807001
318,70,1,0,7.0,si,1,2,      031807001
320,61,1,0,2.0,no,1,1,      032006101
320,71,1,0,10.0,,1,1,      032007101
321,5,1,1,5.0,,1,1,      032100501
321,13,1,0,6.0,,1,2,      032101301
322,49,1,1,0.0,,1,6,      032204901
324,32,1,1,0.0,,1,1,      032403201
325,108,1,2,0.0,,1,1,      032510801
327,142,1,1,no sabe,,1,1,      032714201
328,7,1,4,0.0,si,1,1,      032800701
328,7,1,4,0.0,,2,2,      032800701
328,40,1,0,6.0,no,1,2,      032804001
328,61,1,0,9.0,,1,1,      032806101
329,7,1,0,1.0,no,1,2,      032900701
329,73,1,1,0.0,,1,1,      032907301
331,41,1,3,0.0,,1,1,      033104101
333,14,1,0,8.0,si,1,1,      033301401
333,14,1,0,11.0,,2,2,      033301401
335,26,1,1,no sabe,si,1,1,      033502601
335,26,1,1,no sabe,,2,2,      033502601
335,49,1,1,no sabe,,1,1,      033504901
336,16,1,1,no sabe,si,1,1,      033601601
336,16,1,1,no sabe,,2,2,      033601601
336,18,1,0,6.0,,1,1,      033601801
336,82,1,1,0.0,no,1,1,      033608201
336,84,1,1,0.0,no,1,2,      033608401
336,104,1,0,6.0,,1,1,      033610401
336,105,1,0,6.0,no,1,2,      033610501
338,7,1,1,0.0,si,1,1,      033800701
338,7,1,0,4.0,,2,2,      033800701
339,16,1,1,11.0,si,1,1,      033901601
339,16,1,1,11.0,,2,2,      033901601
339,30,1,2,0.0,,1,4,      033903001
351,137,1,0,2.0,si,1,1,      035113701
351,137,1,0,2.0,,2,2,      035113701
369,143,1,0,3.0,no,1,1,      036914301
403,21,1,0,2.0,,1,2,      040302101
420,96,1,1,0.0,,1,1,      042009601
425,49,1,0,4.0,,1,1,      042504901
429,1,1,4,0.0,,1,1,      042900101
429,17,1,1,0.0,,1,7,      042901701
429,29,1,2,0.0,,1,6,      042902901
429,70,1,1,0.0,,1,6,      042907001
431,22,1,0,2.0,si,1,4,      043102201
431,22,1,0,0.0,,2,5,      043102201
435,27,1,0,4.0,,1,1,      043502701
437,14,1,0,4.0,no,1,1,      043701401
437,44,1,0,6.0,,1,1,      043704401
437,48,1,0,8.0,no,1,1,      043704801
437,100,1,1,6.0,si,1,1,      043710001
437,100,1,1,6.0,,2,2,      043710001
439,36,1,0,8.0,si,1,1,      043903601
439,36,1,0,4.0,,2,2,      043903601
439,50,1,0,4.0,si,1,1,      043905001
439,50,1,0,2.0,,2,2,      043905001
439,52,1,0,8.0,,1,1,      043905201
441,26,1,1,6.0,no,1,1,      044102601
441,77,1,1,6.0,,1,1,      044107701
442,88,1,0,8.0,si,1,1,      044208801
442,88,1,0,8.0,,2,2,      044208801
442,110,1,0,8.0,,1,1,      044211001
443,16,1,0,2.0,,1,1,      044301601
443,73,1,0,6.0,no,1,1,      044307301
444,57,1,1,4.0,,1,1,      044405701
445,14,1,1,5.0,,1,4,      044501401
445,34,1,1,6.0,si,1,1,      044503401
445,34,1,1,6.0,,2,2,      044503401
446,37,1,2,1.0,si,1,1,      044603701
446,37,1,2,1.0,,2,2,      044603701
446,38,1,1,3.0,si,1,1,      044603801
446,38,1,1,3.0,,2,2,      044603801
446,73,1,1,no sabe,,1,7,      044607301
447,28,1,2,0.0,,1,1,      044702801
447,74,1,1,5.0,,1,1,      044707401
448,84,1,3,0.0,,1,1,      044808401
449,71,1,1,3.0,,1,1,      044907101
450,6,1,1,0.0,no,1,1,      045000601
450,17,1,0,5.0,,1,1,      045001701
451,45,1,1,8.0,no,1,1,      045104501
451,46,1,0,1.0,,1,1,      045104601
452,26,1,2,0.0,,1,1,      045202601
452,41,1,3,4.0,,1,4,      045204101
452,59,1,3,6.0,si,1,1,      045205901
452,59,1,3,6.0,,2,2,      045205901
453,10,1,0,6.0,,1,1,      045301001
454,55,1,2,6.0,si,1,1,      045405501
454,55,1,2,6.0,,2,2,      045405501
455,44,1,5,2.0,,1,1,      045504401
457,67,1,1,6.0,,1,6,      045706701
457,95,1,4,0.0,,1,1,      045709501
463,4,1,2,4.0,,1,1,      046300401
463,58,1,1,6.0,no,1,2,      046305801
464,139,1,1,6.0,,1,10,      046413901
466,147,1,0,10.0,si,1,1,      046614701
466,147,1,0,10.0,,2,2,      046614701
467,45,1,2,4.0,,1,4,      046704501
468,22,1,2,0.0,,1,9,      046802201
468,69,1,3,0.0,,1,1,      046806901
470,23,1,0,5.0,,1,1,      047002301
471,65,1,2,0.0,si,1,1,      047106501
471,65,1,2,0.0,no,2,2,      047106501
472,10,1,0,1.0,si,1,1,      047201001
472,10,1,0,9.0,,2,2,      047201001
475,119,1,1,0.0,,1,4,      047511901
476,80,1,0,11.0,,1,1,      047608001
476,92,1,0,11.0,,1,6,      047609201
479,3,1,1,0.0,,1,1,      047900301
480,76,1,2,6.0,,1,9,      048007601
480,78,1,1,0.0,,1,1,      048007801
481,67,1,2,0.0,,1,2,      048106701
482,59,1,0,5.0,,1,1,      048205901
482,63,1,1,0.0,si,1,1,      048206301
482,63,1,0,2.0,,2,2,      048206301
483,9,1,1,0.0,,1,1,      048300901
483,11,1,0,5.0,,1,1,      048301101
483,22,1,2,0.0,,1,1,      048302201
483,26,1,0,4.0,,1,1,      048302601
483,27,1,3,0.0,si,1,1,      048302701
483,27,1,3,0.0,,2,2,      048302701
483,28,1,1,0.0,,1,1,      048302801
484,1,1,2,0.0,no,1,1,      048400101
485,13,1,1,4.0,,1,3,      048501301
485,20,1,3,2.0,,1,4,      048502001
486,35,1,2,8.0,,1,1,      048603501
486,75,1,no sabe,,,1,1,      048607501
488,1,1,0,8.0,,1,1,      048800101
488,5,1,2,0.0,,1,1,      048800501
488,49,1,0,9.0,,1,1,      048804901
489,14,1,0,4.0,,1,1,      048901401
489,16,1,0,3.0,,1,1,      048901601
489,54,1,0,1.0,,1,1,      048905401
490,113,1,0,10.0,,1,1,      049011301
491,48,1,0,1.0,,1,2,      049104801
491,49,1,2,0.0,,1,1,      049104901
492,3,1,3,0.0,,1,1,      049200301
492,16,1,1,8.0,si,1,1,      049201601
492,16,1,1,0.0,,2,2,      049201601
493,4,1,3,0.0,,1,4,      049300401
493,5,1,1,0.0,,1,9,      049300501
493,72,1,2,0.0,,1,1,      049307201
494,1,1,1,0.0,no,1,1,      049400101
494,10,1,0,4.0,,1,1,      049401001
494,82,1,1,1.0,,1,1,      049408201
496,1,1,0,1.0,,1,1,      049600101
496,20,1,0,6.0,,1,1,      049602001
497,41,1,2,0.0,,1,1,      049704101
498,21,1,2,0.0,no,1,1,      049802101
499,41,1,1,0.0,,1,1,      049904101
499,42,1,2,0.0,,1,2,      049904201
499,46,1,1,0.0,,1,1,      049904601
499,47,1,3,0.0,,1,2,      049904701
499,50,1,1,0.0,no,1,2,      049905001
502,7,1,no sabe,,si,1,1,      050200701
502,7,1,no sabe,,,2,2,      050200701
502,10,1,4,0.0,,1,5,      050201001
504,8,1,1,2.0,,1,2,      050400801
504,12,1,1,6.0,,1,2,      050401201
504,37,1,3,0.0,si,1,1,      050403701
504,37,1,1,0.0,,2,2,      050403701
510,43,1,1,0.0,,1,5,      051004301
511,42,1,1,0.0,,1,3,      051104201
513,8,1,2,0.0,,1,6,      051300801
516,54,1,1,0.0,,1,7,      051605401
520,70,1,3,0.0,,1,4,      052007001
524,87,1,1,6.0,,1,1,      052408701
527,86,1,2,3.0,si,1,1,      052708601
527,86,1,2,3.0,,2,2,      052708601
528,19,1,1,2.0,,1,5,      052801901
530,22,1,2,2.0,no,1,2,      053002201
533,64,1,1,6.0,,1,1,      053306401
536,9,1,1,2.0,si,1,1,      053600901
536,9,1,0,9.0,,2,2,      053600901
536,39,1,2,0.0,,1,1,      053603901
536,46,1,1,0.0,,1,9,      053604601
536,48,1,1,6.0,si,1,1,      053604801
536,48,1,0,4.0,,2,2,      053604801
538,10,1,1,0.0,,1,1,      053801001
539,76,1,0,6.0,,1,3,      053907601
539,120,1,2,0.0,,1,5,      053912001
540,21,1,0,2.0,,1,1,      054002101
541,49,1,0,7.0,,1,4,      054104901
543,105,1,3,0.0,,1,6,      054310501
545,57,1,1,0.0,si,1,2,      054505701
545,57,1,0,2.0,,2,3,      054505701
547,96,1,2,0.0,no,1,2,      054709601
549,47,1,2,0.0,no,1,1,      054904701
549,65,1,1,8.0,si,1,1,      054906501
549,65,1,1,2.0,,2,2,      054906501
549,73,1,2,3.0,si,1,1,      054907301
549,73,1,2,3.0,,2,2,      054907301
550,9,1,0,6.0,,1,1,      055000901
550,26,1,1,5.0,si,1,5,      055002601
550,26,1,2,0.0,,2,6,      055002601
550,34,1,1,11.0,,1,1,      055003401
550,57,1,1,0.0,,1,1,      055005701
550,69,1,3,0.0,,1,5,      055006901
551,38,1,0,6.0,,1,5,      055103801
551,41,1,0,9.0,,1,1,      055104101
552,58,1,3,0.0,,1,1,      055205801
552,60,1,1,6.0,,1,1,      055206001
552,80,1,0,3.0,,1,1,      055208001
552,81,1,1,3.0,,1,4,      055208101
553,78,1,0,8.0,si,1,1,      055307801
553,78,1,3,0.0,,2,2,      055307801
553,85,1,1,0.0,,1,1,      055308501
555,51,1,2,2.0,si,1,1,      055505101
555,51,1,2,2.0,,2,2,      055505101
557,63,1,2,0.0,,1,3,      055706301
558,31,1,0,8.0,no,1,2,      055803101
558,35,1,1,0.0,,1,1,      055803501
558,62,1,1,5.0,,1,5,      055806201
560,5,1,1,0.0,,1,1,      056000501
560,25,1,2,6.0,si,1,1,      056002501
560,25,1,1,8.0,,2,2,      056002501
560,42,1,0,6.0,no,1,5,      056004201
563,46,1,0,6.0,,1,1,      056304601
564,36,1,1,0.0,si,1,1,      056403601
564,36,1,1,0.0,,2,2,      056403601
565,26,1,2,3.0,,1,1,      056502601
565,27,1,0,0.0,,1,1,      056502701
568,134,1,0,2.0,,1,1,      056813401
569,56,1,0,10.0,,1,1,      056905601
574,144,1,0,3.0,si,1,1,      057414401
574,144,1,0,3.0,,2,2,      057414401
582,34,1,1,2.0,,1,1,      058203401
614,65,1,0,8.0,no,1,8,      061406501
621,31,1,2,0.0,,1,3,      062103101
623,37,1,0,8.0,,1,1,      062303701
624,31,1,1,5.0,no,1,1,      062403101
624,33,1,0,6.0,,1,1,      062403301
634,55,1,0,6.0,,1,8,      063405501
638,2,1,1,0.0,no,1,8,      063800201
643,40,1,0,3.0,,1,4,      064304001
649,24,1,1,0.0,,1,4,      064902401
649,57,1,1,0.0,,1,5,      064905701
649,68,1,0,6.0,no,1,2,      064906801
650,59,1,1,0.0,,1,3,      065005901
652,18,1,0,2.0,,1,1,      065201801
652,35,1,0,1.0,,1,4,      065203501
652,68,1,0,6.0,,1,1,      065206801
653,20,1,1,3.0,si,1,1,      065302001
653,20,1,1,3.0,,2,2,      065302001
653,32,1,0,2.0,,1,1,      065303201
656,85,1,2,7.0,,1,1,      065608501
657,126,1,1,2.0,,1,4,      065712601
659,42,1,0,3.0,no,1,2,      065904201
663,33,1,0,2.0,,1,1,      066303301
663,76,1,0,9.0,,1,1,      066307601
666,18,1,1,6.0,,1,1,      066601801
668,59,1,0,2.0,,1,2,      066805901
671,45,1,1,0.0,,1,1,      067104501
671,48,1,3,0.0,,1,1,      067104801
673,34,1,3,0.0,,1,1,      067303401
675,6,1,3,2.0,si,1,1,      067500601
675,6,1,2,0.0,,2,2,      067500601
675,26,1,1,0.0,si,1,1,      067502601
675,26,1,0,7.0,,2,2,      067502601
677,86,1,0,6.0,,1,4,      067708601
678,15,1,1,0.0,,1,1,      067801501
679,30,1,0,6.0,,1,1,      067903001
679,32,1,1,0.0,,1,4,      067903201
680,66,1,4,0.0,,1,1,      068006601
681,25,1,0,8.0,,1,1,      068102501
681,56,1,3,0.0,no,1,2,      068105601
681,60,1,0,3.0,si,1,1,      068106001
681,60,1,0,1.0,,2,2,      068106001
683,1,1,0,8.0,,1,1,      068300101
706,6,1,1,0.0,,1,1,      070600601
709,78,1,2,0.0,,1,1,      070907801
717,73,1,1,0.0,,1,1,      071707301
721,68,1,0,3.0,,1,1,      072106801
724,37,1,2,0.0,,1,1,      072403701
728,2,1,0,2.0,,1,1,      072800201
733,51,1,0,2.0,,1,1,      073305101
736,1,1,0,6.0,,1,1,      073600101
736,5,1,1,0.0,,1,1,      073600501
737,12,1,0,4.0,,1,1,      073701201
737,15,1,1,0.0,,1,1,      073701501
737,72,1,1,6.0,,1,1,      073707201
737,75,1,0,3.0,,1,1,      073707501
738,67,1,1,0.0,,1,1,      073806701
738,98,1,1,0.0,,1,1,      073809801
738,103,1,0,1.0,si,1,1,      073810301
738,103,1,0,1.0,,2,2,      073810301
739,86,1,0,8.0,,1,1,      073908601
741,7,1,0,6.0,,1,1,      074100701
741,31,1,0,8.0,,1,1,      074103101
742,123,1,0,2.0,si,1,9,      074212301
742,123,1,1,0.0,no,2,10,      074212301
744,37,1,0,5.0,si,1,1,      074403701
744,37,1,0,5.0,,2,2,      074403701
748,2,1,0,10.0,no,1,7,      074800201
748,3,1,0,6.0,,1,1,      074800301
763,28,1,0,6.0,,1,1,      076302801
764,110,1,0,9.0,no,1,5,      076411001
774,10,1,0,6.0,no,1,2,      077401001
775,75,1,0,4.0,si,1,1,      077507501
775,75,1,0,4.0,,2,2,      077507501
780,54,1,0,6.0,,1,2,      078005401
786,28,1,0,6.0,,1,1,      078602801
787,89,1,1,0.0,si,1,1,      078708901
787,89,1,0,6.0,,2,2,      078708901
790,46,1,0,8.0,,1,4,      079004601
800,62,1,3,0.0,,1,1,      080006201
800,63,1,1,0.0,no,1,1,      080006301
802,13,1,0,11.0,,1,1,      080201301
802,15,1,0,10.0,,1,5,      080201501
802,19,1,no sabe,,no,1,2,      080201901
810,94,1,0,10.0,,1,4,      081009401
834,138,1,1,2.0,no,1,5,      083413801
852,19,1,0,1.0,,1,6,      085201901
877,16,1,0,3.0,,1,1,      087701601
907,89,1,0,5.0,,1,1,      090708901
934,50,1,0,10.0,,1,1,      093405001
938,91,1,0,6.0,,1,7,      093809101
939,3,1,0,5.0,no,1,1,      093900301
947,24,1,0,8.0,,1,5,      094702401
948,16,1,no sabe,,,1,1,      094801601
987,26,1,1,5.0,,1,7,      098702601
992,2,1,1,6.0,no,1,2,      099200201
992,6,1,2,10.0,,1,1,      099200601
995,5,1,1,0.0,,1,1,      099500501
996,66,1,1,0.0,si,1,1,      099606601
996,66,1,1,0.0,,2,2,      099606601
997,8,1,1,0.0,no,1,2,      099700801
997,18,1,2,0.0,,1,5,      099701801
1001,39,1,0,3.0,,1,1,      100103901
1002,87,1,0,6.0,no,1,1,      100208701
1007,53,1,0,3.0,,1,1,      100705301
1008,58,1,0,6.0,,1,4,      100805801
1009,59,1,0,4.0,,1,1,      100905901
1010,55,1,0,3.0,,1,1,      101005501
1014,93,1,1,0.0,,1,3,      101409301
1021,35,1,0,1.0,no,1,1,      102103501
1021,38,1,0,1.0,si,1,1,      102103801
1021,38,1,0,1.0,,2,2,      102103801
1022,159,1,1,0.0,,1,1,      102215901
1026,51,1,1,1.0,no,1,2,      102605101
1026,139,1,0,2.0,no,1,2,      102613901
1027,71,1,0,1.0,,1,5,      102707101
1030,20,1,0,1.0,,1,1,      103002001
1031,40,1,0,8.0,,1,7,      103104001
1033,12,1,0,2.0,,1,1,      103301201
1033,146,1,1,0.0,no,1,2,      103314601
1035,92,1,2,0.0,si,1,1,      103509201
1035,92,1,2,0.0,,2,2,      103509201
1035,103,1,2,0.0,,1,1,      103510301
1037,2,1,2,0.0,si,1,1,      103700201
1037,2,1,2,0.0,,2,2,      103700201
1038,113,1,1,0.0,,1,5,      103811301
1039,144,1,0,4.0,si,1,1,      103914401
1039,144,1,0,4.0,,2,2,      103914401
1040,41,1,2,0.0,,1,1,      104004101
1040,87,1,0,10.0,no,1,1,      104008701
1041,82,1,1,6.0,,1,5,      104108201
1042,1,1,0,3.0,,1,5,      104200101
1042,50,1,1,0.0,,1,1,      104205001
1042,70,1,2,0.0,,1,1,      104207001
1045,47,1,2,2.0,,1,1,      104504701
1047,89,1,1,0.0,,1,7,      104708901
1048,100,1,1,1.0,si,1,1,      104810001
1048,100,1,0,6.0,,2,2,      104810001
1049,22,1,0,3.0,no,1,1,      104902201
1050,58,1,0,2.0,no,1,2,      105005801
1050,59,1,2,0.0,no,1,6,      105005901
1052,12,1,0,1.0,no,1,2,      105201201
1052,48,1,1,0.0,si,1,1,      105204801
1052,48,1,1,0.0,,2,2,      105204801
1053,52,1,3,0.0,no,1,1,      105305201
1055,41,1,2,3.0,no,1,1,      105504101
1056,19,1,0,6.0,,1,7,      105601901
1056,105,1,0,8.0,no,1,1,      105610501
1056,139,1,1,0.0,si,1,1,      105613901
1056,139,1,1,0.0,,2,2,      105613901
1058,16,1,0,1.0,no,1,1,      105801601
1064,9,1,0,4.0,,1,1,      106400901
1069,74,1,1,3.0,,1,4,      106907401
1086,90,1,2,0.0,,1,1,      108609001
1087,103,1,0,3.0,no,1,3,      108710301
1088,61,1,0,3.0,,1,1,      108806101
1093,6,1,0,3.0,,1,1,      109300601
1096,12,1,0,4.0,,1,1,      109601201
1103,20,1,0,6.0,,1,1,      110302001
1104,99,1,1,0.0,,1,1,      110409901
1108,18,1,2,3.0,,1,1,      110801801
1133,71,1,0,4.0,,1,1,      113307101
1143,75,1,0,5.0,,1,4,      114307501
1145,85,1,2,3.0,no,1,2,      114508501
1171,87,1,0,2.0,,1,1,      117108701
1172,54,1,0,6.0,,1,1,      117205401
1175,36,1,0,5.0,no,1,1,      117503601
1175,45,1,3,0.0,,1,1,      117504501
1176,102,1,1,0.0,no,1,7,      117610201
1179,24,1,1,6.0,,1,1,      117902401
1191,52,1,1,1.0,,1,1,      119105201
1191,65,1,2,0.0,,1,3,      119106501
1195,105,1,1,4.0,,1,1,      119510501
1198,58,1,1,4.0,,1,1,      119805801
1198,86,1,2,0.0,,1,2,      119808601
1199,57,1,0,10.0,si,1,1,      119905701
1199,57,1,0,10.0,,2,2,      119905701
1204,86,1,1,1.0,,1,1,      120408601
1206,105,1,2,4.0,,1,7,      120610501
1207,31,1,0,6.0,,1,1,      120703101
1210,113,1,0,4.0,,1,1,      121011301
1211,46,1,1,0.0,,1,1,      121104601
1217,130,1,0,6.0,,1,1,      121713001
1218,31,1,0,6.0,no,1,8,      121803101
1219,16,1,1,0.0,,1,6,      121901601
1219,49,1,1,0.0,,1,1,      121904901
1219,60,1,1,0.0,,1,1,      121906001
1219,73,1,2,8.0,,1,4,      121907301
1220,24,1,3,0.0,,1,1,      122002401
1220,34,1,0,9.0,,1,1,      122003401
1220,43,1,1,0.0,,1,6,      122004301
1221,18,1,0,2.0,,1,3,      122101801
1222,49,1,0,9.0,,1,1,      122204901
1223,32,1,0,7.0,,1,5,      122303201
1223,41,1,1,0.0,,1,7,      122304101
1223,54,1,3,0.0,,1,1,      122305401
1223,55,1,2,3.0,si,1,1,      122305501
1223,55,1,2,3.0,,2,2,      122305501
1228,61,1,4,0.0,,1,1,      122806101
1228,62,1,0,2.0,,1,1,      122806201
1231,179,1,0,1.0,si,1,1,      123117901
1231,179,1,0,1.0,,2,2,      123117901
1231,183,1,0,3.0,no,1,1,      123118301
1258,60,1,1,0.0,,1,1,      125806001
1262,48,1,2,0.0,,1,1,      126204801
1266,24,1,0,4.0,,1,2,      126602401
1270,164,1,1,0.0,no,1,1,      127016401
1277,101,1,2,8.0,,1,2,      127710101
1289,6,1,3,0.0,,1,1,      128900601
1289,17,1,1,0.0,si,1,3,      128901701
1289,17,1,0,10.0,,2,4,      128901701
1289,22,1,1,6.0,no,1,5,      128902201
1289,51,1,2,0.0,si,1,5,      128905101
1289,51,1,1,0.0,,2,6,      128905101
1289,107,1,0,4.0,,1,1,      128910701
1291,19,1,0,3.0,,1,5,      129101901
1291,21,1,2,0.0,,1,1,      129102101
1291,34,1,0,5.0,,1,1,      129103401
1291,36,1,0,6.0,no,1,2,      129103601
1292,14,1,2,0.0,si,1,1,      129201401
1292,14,1,1,0.0,,2,2,      129201401
1293,21,1,0,4.0,si,1,1,      129302101
1293,21,1,0,4.0,si,2,6,      129302101
1293,21,1,0,4.0,,3,7,      129302101
1293,22,1,3,0.0,,1,4,      129302201
1293,28,1,0,4.0,,1,1,      129302801
1295,54,1,0,8.0,si,1,1,      129505401
1295,54,1,0,8.0,,2,2,      129505401
1295,92,1,1,0.0,si,1,7,      129509201
1295,92,1,0,8.0,,2,8,      129509201
1298,57,1,2,2.0,,1,5,      129805701
1301,77,1,1,0.0,no,1,1,      130107701
1302,33,1,1,3.0,,1,1,      130203301
1303,36,1,3,1.0,si,1,1,      130303601
1303,36,1,3,1.0,,2,2,      130303601
1303,37,1,2,0.0,,1,6,      130303701
1305,26,1,2,4.0,,1,7,      130502601
1309,24,1,1,6.0,,1,4,      130902401
1314,22,1,5,0.0,no,1,6,      131402201
1315,82,1,2,4.0,,1,4,      131508201
1323,87,1,2,0.0,,1,1,      132308701
1326,33,1,0,4.0,,1,1,      132603301
1326,54,1,0,6.0,,1,1,      132605401
1327,31,1,1,0.0,,1,1,      132703101
1327,36,1,0,4.0,no,1,2,      132703601
1328,2,1,2,0.0,no,1,1,      132800201
1328,7,1,2,0.0,,1,1,      132800701
1328,28,1,0,6.0,,1,1,      132802801
1329,64,1,2,6.0,,1,1,      132906401
1329,78,1,1,0.0,,1,1,      132907801
1330,33,1,2,0.0,,1,1,      133003301
1330,45,1,1,6.0,,1,1,      133004501
1330,46,1,1,8.0,,1,1,      133004601
1330,48,1,3,2.0,,1,1,      133004801
1332,52,1,2,0.0,no,1,2,      133205201
1333,17,1,1,3.0,si,1,1,      133301701
1333,17,1,0,8.0,,2,2,      133301701
1334,12,1,5,0.0,,1,9,      133401201
1334,43,1,1,4.0,si,1,1,      133404301
1334,43,1,0,1.0,,2,2,      133404301
1334,46,1,0,6.0,,1,8,      133404601
1335,10,1,0,3.0,,1,2,      133501001
1336,8,1,0,6.0,,1,1,      133600801
1336,10,1,1,0.0,,1,1,      133601001
1336,14,1,0,2.0,si,1,1,      133601401
1336,14,1,0,10.0,,2,2,      133601401
1336,33,1,0,8.0,,1,1,      133603301
1336,34,1,1,3.0,si,1,1,      133603401
1336,34,1,1,3.0,,2,2,      133603401
1337,1,1,0,2.0,si,1,1,      133700101
1337,1,1,0,2.0,,2,2,      133700101
1337,42,1,0,6.0,,1,6,      133704201
1337,60,1,1,3.0,,1,1,      133706001
1338,8,1,1,0.0,,1,1,      133800801
1338,9,1,0,3.0,si,1,1,      133800901
1338,9,1,0,3.0,,2,2,      133800901
1338,10,1,1,2.0,si,1,1,      133801001
1338,10,1,1,2.0,,2,2,      133801001
1338,45,1,1,0.0,,1,7,      133804501
1339,47,1,0,8.0,si,1,1,      133904701
1339,47,1,0,8.0,,2,2,      133904701
1339,51,1,0,8.0,no,1,1,      133905101
1340,2,1,2,0.0,,1,1,      134000201
1340,3,1,0,10.0,,1,1,      134000301
1340,4,1,0,9.0,no,1,2,      134000401
1340,9,1,0,8.0,no,1,1,      134000901
1340,11,1,4,2.0,,1,1,      134001101
1340,14,1,0,6.0,,1,1,      134001401
1341,63,1,1,0.0,,1,1,      134106301
1341,65,1,2,0.0,,1,1,      134106501
1342,73,1,2,5.0,si,1,1,      134207301
1342,73,1,2,5.0,,2,2,      134207301
1342,100,1,2,2.0,,1,1,      134210001
1342,103,1,no sabe,,,1,1,      134210301
1343,21,1,1,0.0,no,1,1,      134302101
1343,32,1,1,2.0,,1,1,      134303201
1343,44,1,1,0.0,,1,1,      134304401
1345,9,1,1,4.0,no,1,1,      134500901
1346,60,1,0,10.0,,1,1,      134606001
1346,62,1,0,4.0,no,1,2,      134606201
1346,63,1,3,0.0,,1,1,      134606301
1347,2,1,1,3.0,,1,5,      134700201
1347,5,1,1,3.0,si,1,1,      134700501
1347,5,1,2,3.0,,2,2,      134700501
1347,16,1,0,7.0,,1,4,      134701601
1347,18,1,0,3.0,,1,1,      134701801
1347,27,1,0,3.0,,1,1,      134702701
1347,31,1,1,3.0,,1,2,      134703101
1349,39,1,0,2.0,,1,6,      134903901
1349,83,1,1,0.0,,1,1,      134908301
1353,9,1,1,0.0,,1,5,      135300901
1360,51,1,3,0.0,,1,2,      136005101
1364,82,1,0,6.0,,1,1,      136408201
1365,77,1,0,3.0,,1,1,      136507701
1367,87,1,0,11.0,,1,1,      136708701
1367,89,1,0,8.0,,1,1,      136708901
1368,74,1,1,1.0,si,1,1,      136807401
1368,74,1,1,1.0,,2,2,      136807401
1369,1,1,0,11.0,si,1,1,      136900101
1369,1,1,0,8.0,,2,2,      136900101
1370,33,1,0,7.0,,1,1,      137003301
1371,83,1,0,8.0,,1,1,      137108301
1372,35,1,0,5.0,,1,1,      137203501
1375,24,1,1,9.0,no,1,1,      137502401
1378,2,1,1,0.0,no,1,1,      137800201
1379,35,1,0,9.0,si,1,1,      137903501
1379,35,1,0,9.0,no,2,2,      137903501
1381,50,1,1,0.0,si,1,1,      138105001
1381,50,1,0,9.0,,2,2,      138105001
1384,4,1,0,6.0,,1,1,      138400401
1384,31,1,2,0.0,,1,7,      138403101
1384,46,1,1,0.0,,1,7,      138404601
1385,107,1,1,0.0,,1,1,      138510701
1386,163,1,0,9.0,,1,1,      138616301
1389,38,1,2,0.0,no,1,1,      138903801
1391,62,1,1,7.0,si,1,1,      139106201
1391,62,1,1,7.0,,2,2,      139106201
1391,75,1,0,10.0,no,1,1,      139107501
1392,91,1,1,6.0,si,1,1,      139209101
1392,91,1,1,6.0,,2,2,      139209101
1393,3,1,0,8.0,,1,2,      139300301
1394,56,1,1,0.0,,1,1,      139405601
1395,40,1,1,6.0,,1,4,      139504001
1395,41,1,2,0.0,,1,1,      139504101
1395,88,1,2,0.0,,1,1,      139508801
1396,105,1,0,9.0,,1,4,      139610501
1399,17,1,1,0.0,,1,6,      139901701
1399,19,1,0,1.0,,1,6,      139901901
1399,26,1,0,8.0,,1,2,      139902601
1401,72,1,0,4.0,no,1,1,      140107201
1404,101,1,1,4.0,,1,1,      140410101
1404,111,1,0,8.0,,1,1,      140411101
1419,14,1,1,2.0,,1,1,      141901401
1440,21,1,2,3.0,,1,3,      144002101
1462,29,1,2,4.0,si,1,1,      146202901
1462,29,1,2,3.0,,2,2,      146202901
1462,30,1,1,2.0,,1,1,      146203001
1462,31,1,2,2.0,no,1,1,      146203101
1462,36,1,1,2.0,,1,1,      146203601
1462,37,1,no sabe,,,1,1,      146203701
1462,38,1,no sabe,,si,1,1,      146203801
1462,38,1,no sabe,,,2,2,      146203801
1462,49,1,0,9.0,no,1,1,      146204901
1462,50,1,0,6.0,,1,1,      146205001
1462,52,1,no sabe,,,1,1,      146205201
1463,48,1,2,5.0,si,1,1,      146304801
1463,48,1,2,5.0,,2,2,      146304801
1464,49,1,0,2.0,,1,1,      146404901
1469,64,1,0,6.0,no,1,2,      146906401
1471,118,1,0,3.0,,1,1,      147111801
1475,26,1,0,2.0,no,1,2,      147502601
1479,110,1,1,0.0,,1,2,      147911001
1482,48,1,0,3.0,no,1,1,      148204801
1491,27,1,0,8.0,,1,8,      149102701
1497,36,1,0,3.0,,1,1,      149703601
1499,18,1,0,3.0,,1,7,      149901801
1502,119,1,0,4.0,si,1,1,      150211901
1502,119,1,0,4.0,,2,2,      150211901
1503,93,1,0,8.0,,1,4,      150309301
1505,34,1,0,3.0,,1,1,      150503401
1505,95,1,0,8.0,,1,1,      150509501
1506,34,1,0,2.0,,1,1,      150603401
1507,66,1,1,0.0,,1,6,      150706601
1507,74,1,1,0.0,no,1,2,      150707401
1509,19,1,0,8.0,,1,1,      150901901
1514,21,1,0,8.0,,1,2,      151402101
1514,28,1,0,2.0,no,1,2,      151402801
1516,12,1,0,8.0,no,1,5,      151601201
1519,51,1,1,0.0,,1,1,      151905101
1520,43,1,1,2.0,si,1,1,      152004301
1520,43,1,1,2.0,,2,2,      152004301
1527,28,1,1,0.0,,1,1,      152702801
1529,132,1,0,6.0,si,1,1,      152913201
1529,132,1,0,6.0,,2,2,      152913201
1531,150,1,0,9.0,si,1,1,      153115001
1531,150,1,0,9.0,,2,2,      153115001
1535,109,1,1,0.0,,1,7,      153510901
1536,61,1,0,2.0,no,1,1,      153606101
1537,45,1,0,7.0,,1,1,      153704501
1537,84,1,0,7.0,,1,1,      153708401
1538,46,1,0,5.0,,1,2,      153804601
1541,43,1,0,4.0,si,1,1,      154104301
1541,43,1,0,4.0,,2,2,      154104301
1543,12,1,0,10.0,si,1,1,      154301201
1543,12,1,0,10.0,,2,2,      154301201
1543,30,1,0,10.0,,1,1,      154303001
1543,117,1,0,3.0,,1,2,      154311701
1544,65,1,0,1.0,,1,4,      154406501
1545,76,1,0,7.0,,1,8,      154507601
1546,29,1,0,6.0,no,1,1,      154602901
1546,80,1,0,10.0,,1,1,      154608001
1547,65,1,0,1.0,no,1,8,      154706501
1548,34,1,1,3.0,si,1,1,      154803401
1548,34,1,1,3.0,,2,2,      154803401
1550,146,1,0,7.0,,1,1,      155014601
1553,79,1,0,6.0,,1,9,      155307901
1554,100,1,0,6.0,no,1,3,      155410001
1558,100,1,0,11.0,,1,1,      155810001
1562,10,1,0,3.0,no,1,2,      156201001
1562,114,1,1,3.0,,1,5,      156211401
1567,55,1,0,6.0,,1,1,      156705501
1571,11,1,1,3.0,,1,1,      157101101
1575,54,1,0,1.0,,1,1,      157505401
1577,72,1,0,5.0,,1,4,      157707201
1579,208,1,1,0.0,,1,1,      157920801
1583,16,1,1,5.0,,1,1,      158301601
1584,60,1,1,3.0,,1,2,      158406001
1592,64,1,0,6.0,no,1,7,      159206401
1594,85,1,0,6.0,no,1,1,      159408501
1600,74,1,1,9.0,si,1,1,      160007401
1600,74,1,1,9.0,,2,2,      160007401
1602,69,1,1,6.0,,1,7,      160206901
1602,86,1,1,0.0,,1,3,      160208601
1606,51,1,0,6.0,si,1,1,      160605101
1606,51,1,1,4.0,,2,2,      160605101
1606,85,1,0,3.0,si,1,1,      160608501
1606,85,1,0,3.0,,2,2,      160608501
1607,115,1,0,4.0,no,1,2,      160711501
1611,51,1,2,0.0,si,1,1,      161105101
1611,51,1,2,0.0,,2,2,      161105101
1611,53,1,2,0.0,,1,7,      161105301
1612,21,1,1,0.0,si,1,8,      161202101
1612,21,1,1,0.0,no,2,9,      161202101
1614,15,1,1,1.0,,1,1,      161401501
1618,1,1,1,0.0,,1,6,      161800101
1619,69,1,0,4.0,,1,1,      161906901
1622,118,1,1,0.0,,1,1,      162211801
1622,119,1,2,2.0,,1,1,      162211901
1623,3,1,2,0.0,si,1,1,      162300301
1623,3,1,2,0.0,,2,2,      162300301
1623,13,1,2,0.0,,1,1,      162301301
1623,16,1,5,0.0,no,1,1,      162301601
1624,10,1,1,0.0,,1,1,      162401001
1626,38,1,1,11.0,si,1,1,      162603801
1626,38,1,1,11.0,,2,2,      162603801
1630,66,1,1,2.0,si,1,1,      163006601
1630,66,1,0,4.0,,2,2,      163006601
1632,15,1,0,2.0,si,1,1,      163201501
1632,15,1,0,1.0,,2,2,      163201501
1634,9,1,2,0.0,,1,1,      163400901
1635,54,1,0,6.0,,1,5,      163505401
1635,67,1,1,0.0,si,1,1,      163506701
1635,67,1,0,6.0,,2,2,      163506701
1636,35,1,2,6.0,,1,3,      163603501
1636,49,1,no sabe,,no,1,2,      163604901
1637,1,1,0,6.0,,1,1,      163700101
1637,2,1,0,6.0,no,1,1,      163700201
1637,40,1,1,0.0,no,1,2,      163704001
1638,13,1,2,0.0,si,1,1,      163801301
1638,13,1,2,0.0,,2,2,      163801301
1642,16,1,1,10.0,,1,1,      164201601
1642,106,1,0,4.0,,1,5,      164210601
1643,34,1,1,0.0,si,1,1,      164303401
1643,34,1,0,6.0,,2,2,      164303401
1645,26,1,3,0.0,,1,9,      164502601
1645,133,1,0,10.0,,1,1,      164513301
1645,135,1,1,0.0,si,1,1,      164513501
1645,135,1,1,0.0,,2,2,      164513501
1664,90,1,0,4.0,no,1,2,      166409001
1667,104,1,0,7.0,,1,3,      166710401
1671,24,1,2,6.0,no,1,1,      167102401
1675,118,1,1,0.0,,1,1,      167511801
1678,2,1,0,10.0,,1,1,      167800201
1678,29,1,2,0.0,no,1,5,      167802901
1678,70,1,0,11.0,,1,1,      167807001
1683,16,1,2,9.0,,1,1,      168301601
1683,17,1,0,4.0,no,1,1,      168301701
1683,23,1,3,0.0,,1,1,      168302301
1683,61,1,1,9.0,,1,1,      168306101
1683,63,1,0,4.0,no,1,1,      168306301
1684,12,1,1,0.0,,2,1,      168401201
1684,12,1,1,0.0,si,1,2,      168401201
1684,59,1,2,0.0,,1,7,      168405901
1685,44,1,0,7.0,,1,1,      168504401
1686,25,1,0,6.0,,1,1,      168602501
1686,85,1,2,0.0,,1,1,      168608501
1687,1,1,2,0.0,,1,4,      168700101
1687,4,1,1,0.0,si,1,1,      168700401
1687,4,1,1,0.0,,2,2,      168700401
1687,59,1,no sabe,,si,1,1,      168705901
1687,59,1,no sabe,,,2,2,      168705901
1687,60,1,0,2.0,,1,4,      168706001
1688,13,1,0,8.0,,1,8,      168801301
1688,24,1,0,6.0,,1,1,      168802401
1688,50,1,3,0.0,,1,1,      168805001
1688,68,1,0,4.0,no,1,2,      168806801
1688,73,1,2,0.0,,1,1,      168807301
1690,5,1,0,4.0,si,1,1,      169000501
1690,5,1,0,4.0,,2,2,      169000501
1690,16,1,0,5.0,,1,1,      169001601
1690,53,1,0,5.0,,1,1,      169005301
1690,54,1,0,2.0,,1,2,      169005401
1692,57,1,1,8.0,,1,1,      169205701
1692,61,1,3,0.0,si,1,1,      169206101
1692,61,1,3,0.0,,2,2,      169206101
1692,67,1,1,6.0,no,1,1,      169206701
1692,76,1,2,0.0,,1,1,      169207601
1693,24,1,5,0.0,no,1,1,      169302401
1693,33,1,0,3.0,si,1,1,      169303301
1693,33,1,0,3.0,,2,2,      169303301
1693,35,1,0,4.0,,1,1,      169303501
1695,6,1,1,0.0,si,1,1,      169500601
1695,6,1,1,0.0,,2,2,      169500601
1695,96,1,0,3.0,,1,1,      169509601
1695,97,1,1,9.0,,1,1,      169509701
1695,110,1,2,0.0,,1,1,      169511001
1696,106,1,2,0.0,,1,2,      169610601
1696,107,1,1,0.0,,1,1,      169610701
1697,115,1,5,0.0,no,1,2,      169711501
1698,14,1,3,0.0,si,1,1,      169801401
1698,14,1,3,0.0,,2,2,      169801401
1699,19,1,1,0.0,si,1,4,      169901901
1699,19,1,0,6.0,,2,5,      169901901
1700,37,1,0,6.0,,1,7,      170003701
1704,81,1,1,0.0,si,1,1,      170408101
1704,81,1,1,0.0,,2,2,      170408101
1706,15,1,1,0.0,,1,4,      170601501
1710,64,1,0,6.0,si,1,1,      171006401
1710,64,1,0,6.0,,2,2,      171006401
1711,79,1,3,0.0,,1,4,      171107901
1713,55,1,0,10.0,,1,6,      171305501
1714,37,1,2,0.0,,1,7,      171403701
1717,125,1,3,0.0,,1,6,      171712501
1718,132,1,3,0.0,si,1,1,      171813201
1718,132,1,3,0.0,,2,2,      171813201
1719,20,1,1,6.0,si,1,1,      171902001
1719,20,1,1,0.0,,2,2,      171902001
1724,56,1,0,9.0,,1,1,      172405601
1725,16,1,0,1.0,no,1,1,      172501601
1725,32,1,2,0.0,si,1,1,      172503201
1725,32,1,2,0.0,,2,2,      172503201
1725,33,1,1,0.0,si,1,1,      172503301
1725,33,1,1,0.0,,2,2,      172503301
1726,68,1,5,0.0,si,1,1,      172606801
1726,68,1,5,0.0,,2,2,      172606801
1726,83,1,3,0.0,si,1,1,      172608301
1726,83,1,3,0.0,,2,2,      172608301
1726,144,1,1,0.0,no,1,1,      172614401
1728,120,1,2,10.0,no,1,5,      172812001
1728,131,1,4,0.0,,1,1,      172813101
1729,11,1,0,8.0,,1,1,      172901101
1729,66,1,2,0.0,,1,1,      172906601
1729,68,1,3,0.0,no,1,3,      172906801
1730,16,1,4,0.0,,1,1,      173001601
1730,18,1,4,0.0,,1,4,      173001801
1730,41,1,2,0.0,si,1,1,      173004101
1730,41,1,2,0.0,,2,2,      173004101
1730,45,1,0,6.0,,1,1,      173004501
1730,78,1,3,0.0,,1,1,      173007801
1731,27,1,1,0.0,si,1,1,      173102701
1731,27,1,1,0.0,,2,2,      173102701
1731,38,1,0,8.0,si,1,1,      173103801
1731,38,1,0,2.0,,2,2,      173103801
1731,55,1,1,0.0,no,1,2,      173105501
1732,57,1,1,0.0,,1,1,      173205701
1733,60,1,3,0.0,,1,2,      173306001
1734,59,1,3,0.0,,1,1,      173405901
1735,24,1,1,0.0,,1,5,      173502401
1736,28,1,0,6.0,no,1,1,      173602801
1736,136,1,1,0.0,,1,1,      173613601
1736,137,1,0,4.0,,1,1,      173613701
1736,140,1,0,2.0,,1,1,      173614001
1737,25,1,1,0.0,,1,1,      173702501
1737,76,1,0,9.0,,1,1,      173707601
1738,146,1,0,6.0,,1,6,      173814601
1739,6,1,1,0.0,,1,4,      173900601
1740,40,1,1,0.0,si,1,1,      174004001
1740,40,1,0,10.0,,2,2,      174004001
1740,131,1,2,0.0,si,1,1,      174013101
1740,131,1,2,0.0,,2,2,      174013101
1740,133,1,1,6.0,si,1,1,      174013301
1740,133,1,2,0.0,,2,2,      174013301
1741,132,1,0,6.0,no,1,1,      174113201
1742,104,1,3,6.0,,1,1,      174210401
1743,3,1,0,10.0,,1,1,      174300301
1743,18,1,1,0.0,no,1,1,      174301801
1743,51,1,0,3.0,no,1,1,      174305101
1744,11,1,1,0.0,,1,1,      174401101
1744,21,1,1,6.0,,1,3,      174402101
1744,47,1,0,6.0,,1,1,      174404701
1744,54,1,1,0.0,,1,4,      174405401
1745,111,1,0,6.0,,1,1,      174511101
1746,90,1,3,0.0,si,1,1,      174609001
1746,90,1,0,6.0,,2,2,      174609001
1747,45,1,0,6.0,si,1,1,      174704501
1747,45,1,0,6.0,,2,2,      174704501
1748,12,1,1,3.0,si,1,1,      174801201
1748,12,1,3,0.0,,2,2,      174801201
1748,25,1,2,0.0,,1,1,      174802501
1749,7,1,0,2.0,no,1,1,      174900701
1749,154,1,1,0.0,,1,5,      174915401
1750,86,1,2,10.0,,1,1,      175008601
1750,87,1,2,0.0,,1,2,      175008701
1753,26,1,2,0.0,no,1,1,      175302601
1753,91,1,1,0.0,,1,5,      175309101
1753,93,1,2,0.0,si,1,1,      175309301
1753,93,1,2,0.0,,2,2,      175309301
1759,79,1,3,0.0,no,1,9,      175907901
1760,36,1,0,2.0,,1,1,      176003601
1805,35,1,1,0.0,,1,5,      180503501
1813,134,1,1,0.0,,1,7,      181313401
1816,54,1,1,0.0,,1,1,      181605401
1821,15,1,0,4.0,,1,3,      182101501
1823,34,1,1,0.0,si,1,1,      182303401
1823,34,1,1,0.0,,2,2,      182303401
1826,2,1,1,0.0,,1,1,      182600201
1826,82,1,1,0.0,,1,4,      182608201
1829,127,1,1,0.0,,1,7,      182912701
1833,13,1,0,8.0,,1,1,      183301301
1834,39,1,0,3.0,,1,1,      183403901
1837,6,1,0,4.0,,1,1,      183700601
1838,99,1,3,0.0,,1,2,      183809901
1843,50,1,1,0.0,si,1,1,      184305001
1843,50,1,1,0.0,,2,2,      184305001
1843,53,1,0,6.0,,1,5,      184305301
1843,86,1,0,1.0,,1,9,      184308601
1846,20,1,1,0.0,si,1,1,      184602001
1846,20,1,2,0.0,,2,2,      184602001
1846,73,1,5,0.0,,1,1,      184607301
1846,89,1,1,2.0,,1,1,      184608901
1847,25,1,1,0.0,,1,1,      184702501
1848,8,1,1,11.0,si,1,1,      184800801
1848,8,1,1,11.0,,2,2,      184800801
1849,78,1,1,0.0,,1,9,      184907801
1850,1,1,2,9.0,si,1,1,      185000101
1850,1,1,0,10.0,,2,2,      185000101
1850,11,1,2,0.0,,1,1,      185001101
1850,16,1,2,9.0,,1,2,      185001601
1851,34,1,1,0.0,si,1,5,      185103401
1851,34,1,1,0.0,,2,6,      185103401
1852,22,1,0,6.0,,1,7,      185202201
1853,12,1,0,9.0,no,1,1,      185301201
1854,55,1,0,2.0,,1,1,      185405501
1857,9,1,5,0.0,no,1,1,      185700901
1857,45,1,0,10.0,,1,1,      185704501
1858,7,1,2,0.0,,1,1,      185800701
1858,10,1,no sabe,,,1,1,      185801001
1858,11,1,1,0.0,no,1,1,      185801101
1858,47,1,2,0.0,,1,1,      185804701
1858,48,1,1,0.0,,1,1,      185804801
1858,83,1,0,9.0,,1,1,      185808301
1859,49,1,2,0.0,,1,8,      185904901
1859,51,1,2,0.0,,1,8,      185905101
1860,11,1,no sabe,,,1,1,      186001101
1860,12,1,0,8.0,no,1,1,      186001201
1860,43,1,1,0.0,,1,7,      186004301
1861,18,1,0,7.0,no,1,2,      186101801
1861,19,1,0,4.0,,1,1,      186101901
1863,77,1,no sabe,,,1,1,      186307701
1864,30,1,no sabe,,,1,1,      186403001
1864,33,1,2,6.0,,1,1,      186403301
1864,63,1,3,0.0,si,1,1,      186406301
1864,63,1,4,0.0,,2,2,      186406301
1865,20,1,1,0.0,,1,1,      186502001
1865,53,1,1,0.0,si,1,1,      186505301
1865,53,1,1,0.0,,2,2,      186505301
1865,74,1,2,6.0,si,1,1,      186507401
1865,74,1,1,0.0,,2,2,      186507401
1865,75,1,2,0.0,si,1,1,      186507501
1865,75,1,2,0.0,,2,2,      186507501
1865,77,1,1,0.0,no,1,1,      186507701
1866,5,1,0,6.0,,1,4,      186600501
1866,48,1,1,0.0,,1,1,      186604801
1867,46,1,0,7.0,si,1,1,      186704601
1867,46,1,0,7.0,,2,2,      186704601
1868,18,1,2,0.0,,1,5,      186801801
1868,19,1,2,0.0,no,1,1,      186801901
1868,41,1,4,0.0,,1,2,      186804101
1869,4,1,1,0.0,,1,5,      186900401
1870,14,1,1,2.0,si,1,1,      187001401
1870,14,1,1,0.0,,2,2,      187001401
1870,20,1,0,8.0,,1,1,      187002001
1871,5,1,0,3.0,si,1,1,      187100501
1871,5,1,1,11.0,,2,2,      187100501
1871,9,1,0,9.0,,1,3,      187100901
1872,23,1,2,0.0,,1,1,      187202301
1872,50,1,1,6.0,,1,1,      187205001
1874,47,1,4,0.0,,1,1,      187404701
1875,7,1,2,7.0,,1,1,      187500701
1875,21,1,2,0.0,no,1,2,      187502101
1875,43,1,3,0.0,no,1,1,      187504301
1876,16,1,2,0.0,no,1,2,      187601601
1876,28,1,2,0.0,,1,1,      187602801
1876,33,1,1,10.0,no,1,2,      187603301
1876,34,1,1,6.0,,1,10,      187603401
1877,23,1,2,0.0,,1,1,      187702301
1884,30,1,0,6.0,,1,6,      188403001
1888,29,1,2,7.0,,1,1,      188802901
1889,19,1,4,0.0,,1,1,      188901901
1891,71,1,0,5.0,,1,1,      189107101
1892,39,1,0,4.0,,1,3,      189203901
1894,53,1,5,0.0,,1,1,      189405301
1897,60,1,3,0.0,si,1,1,      189706001
1897,60,1,3,0.0,,2,2,      189706001
1898,78,1,2,0.0,,1,1,      189807801
1899,28,1,0,8.0,,1,1,      189902801
1900,35,1,2,0.0,no,1,1,      190003501
1901,70,1,1,0.0,si,1,1,      190107001
1901,70,1,0,9.0,,2,2,      190107001
1902,40,1,1,0.0,no,1,1,      190204001
1902,105,1,2,0.0,no,1,1,      190210501
1902,108,1,1,0.0,si,1,1,      190210801
1902,108,1,0,4.0,,2,2,      190210801
1904,9,1,0,2.0,si,1,1,      190400901
1904,9,1,0,2.0,,2,2,      190400901
1904,22,1,0,4.0,,1,7,      190402201
1904,23,1,0,2.0,,1,1,      190402301
1907,6,1,1,6.0,,1,1,      190700601
1907,7,1,0,5.0,no,1,1,      190700701
1907,59,1,0,8.0,,1,6,      190705901
1908,137,1,0,6.0,,1,2,      190813701
1908,138,1,1,8.0,si,1,1,      190813801
1908,138,1,0,2.0,,2,2,      190813801
1909,48,1,0,8.0,si,1,1,      190904801
1909,48,1,0,2.0,,2,2,      190904801
1909,82,1,5,0.0,,1,5,      190908201
1910,69,1,0,4.0,,1,1,      191006901
1910,237,1,2,no sabe,,1,6,      191023701
1911,93,1,2,0.0,si,1,1,      191109301
1911,93,1,1,4.0,,2,2,      191109301
1912,34,1,2,0.0,,1,1,      191203401
1912,85,1,1,6.0,,1,1,      191208501
1915,45,1,2,11.0,,1,1,      191504501
1915,71,1,1,no sabe,,1,1,      191507101
1915,72,1,1,no sabe,,1,2,      191507201
1915,99,1,2,0.0,,1,1,      191509901
1916,3,1,3,3.0,no,1,1,      191600301
1916,18,1,1,9.0,,1,1,      191601801
1916,19,1,0,6.0,no,1,2,      191601901
1918,80,1,0,6.0,si,1,1,      191808001
1918,80,1,0,3.0,,2,2,      191808001
1918,109,1,1,0.0,,1,1,      191810901
1919,1,1,0,11.0,si,1,1,      191900101
1919,1,1,0,11.0,,2,2,      191900101
1919,4,1,0,8.0,si,1,1,      191900401
1919,4,1,0,8.0,,2,2,      191900401
1920,2,1,5,0.0,si,1,1,      192000201
1920,2,1,2,6.0,,2,2,      192000201
1920,3,1,4,0.0,si,1,1,      192000301
1920,3,1,4,0.0,,2,2,      192000301
1920,27,1,1,0.0,si,1,1,      192002701
1920,27,1,0,8.0,,2,2,      192002701
1923,57,1,1,0.0,si,1,1,      192305701
1923,57,1,0,6.0,,2,2,      192305701
1924,66,1,3,0.0,,1,3,      192406601
1926,67,1,0,5.0,no,1,1,      192606701
1926,245,1,2,no sabe,,1,5,      192624501
1933,46,1,0,8.0,,1,3,      193304601
1934,70,1,0,3.0,,1,1,      193407001
1940,9,1,0,10.0,,1,5,      194000901
1942,120,1,0,6.0,,1,5,      194212001
1945,80,1,0,6.0,no,1,2,      194508001
1946,77,1,5,0.0,no,1,1,      194607701
1970,30,1,no sabe,,,1,5,      197003001
1979,143,1,1,0.0,si,1,1,      197914301
1979,143,1,1,0.0,,2,2,      197914301
1989,16,1,1,0.0,,1,4,      198901601
2013,65,1,1,5.0,,1,1,      201306501
2016,27,1,0,8.0,,1,5,      201602701
2016,31,1,1,9.0,,1,1,      201603101
2016,67,1,1,9.0,,1,4,      201606701
2017,130,1,2,11.0,,1,6,      201713001
2020,8,1,2,0.0,,1,1,      202000801
2024,18,1,0,6.0,no,1,1,      202401801
2024,20,1,2,7.0,,1,1,      202402001
2027,32,1,1,10.0,,1,5,      202703201
2028,61,1,0,8.0,no,1,1,      202806101
2028,83,1,0,5.0,,1,6,      202808301
2029,2,1,3,9.0,si,1,1,      202900201
2029,2,1,0,4.0,,2,2,      202900201
2030,7,1,0,6.0,,1,1,      203000701
2030,29,1,1,0.0,,1,3,      203002901
2031,14,1,1,0.0,,1,1,      203101401
2032,47,1,2,11.0,,1,1,      203204701
2033,31,1,0,6.0,,1,1,      203303101
2033,33,1,0,4.0,,1,1,      203303301
2033,34,1,1,11.0,si,1,1,      203303401
2033,34,1,1,0.0,,2,2,      203303401
2034,38,1,2,7.0,si,1,1,      203403801
2034,38,1,3,3.0,,2,2,      203403801
2034,50,1,2,9.0,,1,2,      203405001
2039,7,1,1,0.0,,1,1,      203900701
2039,8,1,2,4.0,,1,3,      203900801
2039,10,1,1,8.0,si,1,1,      203901001
2039,10,1,1,8.0,,2,2,      203901001
2039,11,1,2,8.0,,1,1,      203901101
2039,12,1,3,8.0,no,1,1,      203901201
2041,14,1,2,0.0,,1,1,      204101401
2041,71,1,2,0.0,,1,1,      204107101
2043,11,1,1,0.0,no,1,1,      204301101
2043,12,1,3,0.0,,1,1,      204301201
2043,35,1,1,0.0,si,1,1,      204303501
2043,35,1,1,0.0,,2,2,      204303501
2043,62,1,1,7.0,,1,1,      204306201
2044,21,1,1,1.0,,1,1,      204402101
2048,6,1,2,0.0,,1,6,      204800601
2053,28,1,0,2.0,,1,1,      205302801
2053,44,1,2,4.0,,1,1,      205304401
2054,12,1,1,6.0,,1,1,      205401201
2057,57,1,5,0.0,,1,1,      205705701
2057,76,1,1,0.0,si,1,1,      205707601
2057,76,1,1,0.0,,2,2,      205707601
2058,64,1,1,0.0,,1,1,      205806401
2061,2,1,1,0.0,no,1,1,      206100201
2061,4,1,0,4.0,si,1,1,      206100401
2061,4,1,0,4.0,,2,2,      206100401
2061,70,1,0,3.0,,1,2,      206107001
2061,71,1,3,0.0,no,1,1,      206107101
2063,11,1,1,0.0,,1,1,      206301101
2063,12,1,1,0.0,,1,3,      206301201
2063,25,1,3,0.0,,1,7,      206302501
2064,99,1,3,0.0,si,1,1,      206409901
2064,99,1,3,0.0,,2,2,      206409901
2064,117,1,0,8.0,si,1,1,      206411701
2064,117,1,2,0.0,,2,2,      206411701
2064,120,1,2,0.0,,1,1,      206412001
2065,4,1,1,6.0,,1,6,      206500401
2065,12,1,5,0.0,si,1,1,      206501201
2065,12,1,2,0.0,,2,2,      206501201
2066,22,1,no sabe,,,1,8,      206602201
2067,32,1,0,1.0,,1,7,      206703201
2067,67,1,1,0.0,,1,1,      206706701
2067,86,1,1,0.0,,1,1,      206708601
2068,38,1,1,0.0,,1,4,      206803801
2068,46,1,1,0.0,no,1,2,      206804601
2068,59,1,0,11.0,no,1,2,      206805901
2069,2,1,0,9.0,,1,1,      206900201
2069,17,1,3,6.0,,1,1,      206901701
2070,4,1,1,0.0,,1,7,      207000401
2070,42,1,1,4.0,,1,1,      207004201
2070,43,1,2,0.0,si,1,1,      207004301
2070,43,1,2,0.0,,2,2,      207004301
2071,2,1,0,6.0,,1,5,      207100201
2071,5,1,3,0.0,si,1,1,      207100501
2071,5,1,3,0.0,,2,2,      207100501
2072,9,1,2,4.0,,1,6,      207200901
2072,50,1,2,0.0,,1,1,      207205001
2072,63,1,no sabe,,,1,1,      207206301
2073,31,1,2,0.0,,1,1,      207303101
2073,39,1,1,0.0,si,1,1,      207303901
2073,39,1,1,0.0,,2,2,      207303901
2073,40,1,2,0.0,,1,4,      207304001
2073,42,1,1,0.0,,1,1,      207304201
2074,29,1,4,0.0,,1,7,      207402901
2074,43,1,1,0.0,no,1,2,      207404301
2074,97,1,1,0.0,,1,8,      207409701
2076,6,1,0,6.0,,1,5,      207600601
2076,7,1,2,0.0,,1,6,      207600701
2076,64,1,2,0.0,,1,6,      207606401
2077,50,1,0,3.0,,1,1,      207705001
2078,1,1,2,0.0,,1,1,      207800101
2078,3,1,5,0.0,,1,1,      207800301
2078,4,1,1,8.0,,1,1,      207800401
2079,17,1,2,0.0,no,1,1,      207901701
2079,18,1,2,0.0,,1,1,      207901801
2079,19,1,3,0.0,,1,4,      207901901
2079,69,1,3,0.0,si,1,1,      207906901
2079,69,1,3,0.0,,2,2,      207906901
2079,78,1,1,0.0,no,1,2,      207907801
2079,79,1,0,3.0,si,1,1,      207907901
2079,79,1,0,4.0,,2,2,      207907901
2081,13,1,3,0.0,,1,1,      208101301
2081,15,1,0,6.0,,1,1,      208101501
2082,33,1,1,6.0,,1,1,      208203301
2082,45,1,3,0.0,,1,6,      208204501
2082,46,1,1,0.0,,1,1,      208204601
2082,48,1,2,0.0,si,1,1,      208204801
2082,48,1,1,0.0,,2,2,      208204801
2083,3,1,1,0.0,,1,1,      208300301
2083,30,1,3,0.0,si,1,1,      208303001
2083,30,1,3,0.0,no,2,2,      208303001
2083,32,1,2,0.0,,1,5,      208303201
2083,33,1,0,2.0,,1,1,      208303301
2084,2,1,1,0.0,,1,2,      208400201
2084,31,1,1,0.0,,1,1,      208403101
2085,84,1,1,0.0,no,1,1,      208508401
2086,16,1,1,0.0,,1,1,      208601601
2087,12,1,3,0.0,,1,1,      208701201
2087,39,1,1,0.0,si,1,1,      208703901
2087,39,1,2,0.0,,2,2,      208703901
2088,48,1,2,0.0,si,1,1,      208804801
2088,48,1,3,0.0,,2,2,      208804801
2088,49,1,1,0.0,si,1,1,      208804901
2088,49,1,2,0.0,,2,2,      208804901
2088,54,1,4,0.0,,1,1,      208805401
2088,57,1,4,0.0,no,1,1,      208805701
2088,58,1,4,0.0,,1,1,      208805801
2089,45,1,1,7.0,,1,1,      208904501
2089,47,1,1,0.0,,1,1,      208904701
2090,1,1,3,0.0,,1,1,      209000101
2090,2,1,no sabe,,no,1,1,      209000201
2090,3,1,3,0.0,,1,1,      209000301
2090,5,1,3,0.0,si,1,1,      209000501
2090,5,1,2,0.0,,2,2,      209000501
2090,6,1,3,0.0,,1,1,      209000601
2090,8,1,3,0.0,,1,1,      209000801
2090,9,1,3,0.0,si,1,1,      209000901
2090,9,1,3,0.0,,2,2,      209000901
2091,58,1,2,0.0,si,1,1,      209105801
2091,58,1,2,0.0,,2,2,      209105801
2091,62,1,3,0.0,,1,1,      209106201
2092,18,1,0,8.0,,1,1,      209201801
2092,31,1,1,6.0,si,1,1,      209203101
2092,31,1,1,6.0,,2,2,      209203101
2092,33,1,0,6.0,,1,2,      209203301
2092,57,1,0,6.0,,1,1,      209205701
2093,88,1,4,0.0,,1,1,      209308801
2093,136,1,1,6.0,,1,13,      209313601
2093,137,1,0,4.0,no,1,2,      209313701
2093,140,1,2,0.0,no,1,1,      209314001
2102,54,1,3,0.0,,1,1,      210205401
2103,44,1,2,11.0,,1,1,      210304401
2105,66,1,2,8.0,,1,3,      210506601
2107,94,1,1,2.0,,1,1,      210709401
2107,155,1,3,2.0,,1,1,      210715501
2108,88,1,1,0.0,no,1,1,      210808801
2110,47,1,0,8.0,,1,1,      211004701
2112,27,1,3,0.0,,1,1,      211202701
2114,4,1,1,6.0,,1,5,      211400401
2114,58,1,0,9.0,si,1,1,      211405801
2114,58,1,2,9.0,,2,3,      211405801
2117,1,1,0,6.0,,1,8,      211700101
2119,9,1,1,4.0,,1,1,      211900901
2119,19,1,1,6.0,no,1,2,      211901901
2122,49,1,2,0.0,,1,1,      212204901
2124,33,1,5,5.0,,1,2,      212403301
2125,26,1,0,10.0,no,1,1,      212502601
2125,69,1,3,6.0,si,1,1,      212506901
2125,69,1,3,3.0,,2,2,      212506901
2125,92,1,3,5.0,,1,2,      212509201
2126,8,1,1,11.0,no,1,2,      212600801
2126,33,1,2,6.0,si,1,1,      212603301
2126,33,1,2,6.0,,2,2,      212603301
2126,39,1,2,11.0,,1,1,      212603901
2127,17,1,2,0.0,no,1,1,      212701701
2127,113,1,2,10.0,no,1,2,      212711301
2128,17,1,3,0.0,,1,1,      212801701
2128,122,1,2,0.0,no,1,1,      212812201
2128,128,1,3,0.0,,1,1,      212812801
2129,30,1,1,10.0,no,1,1,      212903001
2129,33,1,3,0.0,,1,1,      212903301
2130,47,1,1,6.0,,1,1,      213004701
2130,92,1,1,7.0,si,1,1,      213009201
2130,92,1,1,7.0,,2,2,      213009201
2130,94,1,4,0.0,si,1,1,      213009401
2130,94,1,0,9.0,,2,2,      213009401
2131,21,1,2,2.0,,1,1,      213102101
2132,8,1,3,0.0,no,1,1,      213200801
2133,20,1,1,2.0,,1,9,      213302001
2133,124,1,1,0.0,,1,1,      213312401
2134,17,1,1,6.0,,1,1,      213401701
2134,18,1,3,4.0,,1,1,      213401801
2134,79,1,3,0.0,si,1,1,      213407901
2134,79,1,3,0.0,,2,2,      213407901
2135,2,1,1,0.0,,1,1,      213500201
2135,7,1,2,1.0,,1,2,      213500701
2135,96,1,2,11.0,,1,1,      213509601
2137,3,1,0,2.0,,1,1,      213700301
2138,52,1,2,11.0,,1,2,      213805201
2141,90,1,4,5.0,,1,1,      214109001
2141,91,1,1,10.0,si,1,1,      214109101
2141,91,1,1,10.0,,2,2,      214109101
2142,58,1,1,0.0,no,1,2,      214205801
2143,7,1,1,8.0,no,1,1,      214300701
2143,8,1,2,0.0,,1,1,      214300801
2143,33,1,1,1.0,no,1,1,      214303301
2143,93,1,1,8.0,,1,1,      214309301
2144,14,1,0,1.0,,1,1,      214401401
2144,53,1,0,7.0,si,1,1,      214405301
2144,53,1,3,2.0,,2,2,      214405301
2147,25,1,4,0.0,,1,1,      214702501
2147,95,1,1,6.0,,1,6,      214709501
2147,99,1,1,10.0,si,1,1,      214709901
2147,99,1,1,10.0,,2,2,      214709901
2147,101,1,2,8.0,si,1,1,      214710101
2147,101,1,2,8.0,,2,2,      214710101
2148,12,1,0,4.0,no,1,1,      214801201
2149,12,1,2,0.0,,1,4,      214901201
2149,13,1,3,0.0,,1,1,      214901301
2149,30,1,2,0.0,no,1,1,      214903001
2149,32,1,1,0.0,,1,4,      214903201
2149,60,1,1,0.0,si,1,1,      214906001
2149,60,1,0,6.0,,2,2,      214906001
2150,89,1,3,0.0,,1,1,      215008901
2159,108,1,0,10.0,,1,7,      215910801
2170,100,1,0,4.0,,1,1,      217010001
2171,15,1,1,0.0,,1,1,      217101501
2171,88,1,1,0.0,,1,7,      217108801
2174,127,1,0,6.0,no,1,2,      217412701
2175,16,1,2,0.0,,1,5,      217501601
2183,79,1,0,6.0,,1,1,      218307901
2191,70,1,3,0.0,,1,3,      219107001
2205,84,1,1,0.0,,1,1,      220508401
2224,90,1,0,2.0,,1,1,      222409001
2235,52,1,0,7.0,,1,7,      223505201
2242,15,1,2,0.0,,1,1,      224201501
2243,39,1,1,0.0,,1,6,      224303901
2245,54,1,0,8.0,,1,1,      224505401
2246,31,1,0,4.0,no,1,1,      224603101
2247,39,1,1,0.0,,1,1,      224703901
2251,44,1,2,6.0,si,1,1,      225104401
2251,44,1,0,1.0,,2,2,      225104401
2255,1,1,1,0.0,,1,6,      225500101
2260,66,1,3,0.0,,1,1,      226006601
2261,2,1,0,6.0,no,1,2,      226100201
2261,5,1,2,0.0,no,1,1,      226100501
2262,44,1,0,4.0,,1,1,      226204401
2265,119,1,1,0.0,,1,3,      226511901
2266,21,1,2,0.0,,1,5,      226602101
2266,77,1,1,6.0,,1,4,      226607701
2273,5,1,0,10.0,no,1,5,      227300501
2277,51,1,1,0.0,,1,11,      227705101
2295,24,1,4,0.0,,1,4,      229502401
2297,71,1,0,4.0,no,1,2,      229707101
2304,60,1,0,6.0,no,1,1,      230406001
2314,140,1,1,0.0,no,1,2,      231414001
2318,21,1,2,0.0,si,1,1,      231802101
2318,21,1,2,0.0,,2,2,      231802101
2318,79,1,1,10.0,,1,6,      231807901
2320,154,1,0,2.0,,1,8,      232015401
2321,37,1,1,0.0,,1,4,      232103701
2321,88,1,0,11.0,no,1,6,      232108801
2322,58,1,0,8.0,si,1,1,      232205801
2322,58,1,0,6.0,,2,2,      232205801
2323,45,1,2,0.0,no,1,1,      232304501
2323,60,1,2,0.0,,1,1,      232306001
2323,62,1,2,0.0,,1,1,      232306201
2324,45,1,4,0.0,,1,1,      232404501
2350,13,1,0,6.0,no,1,1,      235001301
2352,14,1,0,11.0,si,1,1,      235201401
2352,14,1,0,11.0,,2,2,      235201401
2355,4,1,0,6.0,si,1,1,      235500401
2355,4,1,0,6.0,,2,2,      235500401
2355,52,1,2,0.0,si,1,1,      235505201
2355,52,1,1,6.0,,2,2,      235505201
2362,130,1,0,3.0,,1,4,      236213001
2366,7,1,0,6.0,no,1,2,      236600701
2366,52,1,1,6.0,,1,8,      236605201
2366,60,1,0,10.0,si,1,1,      236606001
2366,60,1,0,10.0,,2,2,      236606001
2369,91,1,0,6.0,,1,5,      236909101
2373,118,1,1,0.0,no,1,3,      237311801
2381,20,1,1,0.0,si,1,1,      238102001
2381,20,1,2,0.0,,2,2,      238102001
2383,65,1,0,4.0,,1,1,      238306501
2384,104,1,1,0.0,si,1,1,      238410401
2384,104,1,1,0.0,,2,2,      238410401
2384,106,1,1,0.0,,1,1,      238410601
2385,27,1,0,8.0,si,1,1,      238502701
2385,27,1,0,8.0,,2,2,      238502701
2385,71,1,1,2.0,,1,1,      238507101
2386,82,1,2,0.0,,1,1,      238608201
2387,55,1,2,no sabe,si,1,1,      238705501
2387,55,1,1,no sabe,,2,2,      238705501
2391,5,1,0,1.0,,1,1,      239100501
2391,7,1,2,0.0,,1,1,      239100701
2391,78,1,1,3.0,si,1,1,      239107801
2391,78,1,1,3.0,,2,2,      239107801
2394,193,1,1,1.0,,1,5,      239419301
2396,2,1,0,11.0,,1,1,      239600201
2415,132,1,1,9.0,no,1,1,      241513201
2459,85,1,0,6.0,,1,1,      245908501
2464,11,1,1,0.0,no,1,2,      246401101
2505,101,1,2,1.0,,1,5,      250510101
2518,8,1,0,1.0,,1,1,      251800801
2520,35,1,0,2.0,,1,9,      252003501
2529,105,1,1,6.0,,1,3,      252910501
2533,107,1,1,0.0,,1,1,      253310701
2539,69,1,0,8.0,si,1,1,      253906901
2539,69,1,0,8.0,,2,2,      253906901
2548,66,1,2,6.0,,1,6,      254806601
2562,122,1,1,0.0,,1,5,      256212201
2566,77,1,0,6.0,si,1,1,      256607701
2566,77,1,0,6.0,,2,2,      256607701
2570,67,1,0,5.0,,1,1,      257006701
2577,40,1,1,6.0,,1,1,      257704001
2581,27,1,1,0.0,,1,1,      258102701
2585,9,1,0,3.0,,1,1,      258500901
2585,10,1,0,6.0,,1,1,      258501001
2589,9,1,0,10.0,no,1,1,      258900901
2590,107,1,0,6.0,,1,1,      259010701
2591,90,1,0,3.0,,1,8,      259109001
2594,98,1,0,3.0,,1,5,      259409801
2597,8,1,0,1.0,,1,1,      259700801
2599,2,1,1,0.0,,1,1,      259900201
2607,100,1,1,0.0,no,1,8,      260710001
2608,80,1,0,6.0,,1,6,      260808001
2609,180,1,0,8.0,no,1,2,      260918001
2616,37,1,0,4.0,,1,2,      261603701
2619,10,1,2,0.0,,1,1,      261901001
2621,4,1,1,0.0,no,1,1,      262100401
2621,48,1,1,1.0,si,1,7,      262104801
2621,48,1,1,1.0,,2,8,      262104801
2621,108,1,1,10.0,,1,1,      262110801
2622,44,1,2,0.0,,1,1,      262204401
2622,64,1,1,0.0,si,1,1,      262206401
2622,64,1,1,0.0,,2,2,      262206401
2624,35,1,0,4.0,,1,1,      262403501
2625,66,1,0,5.0,,1,1,      262506601
2626,135,1,0,10.0,no,1,2,      262613501
2629,125,1,0,3.0,no,1,2,      262912501
2630,30,1,2,7.0,si,1,1,      263003001
2630,30,1,0,4.0,,2,2,      263003001
2630,83,1,1,0.0,si,1,1,      263008301
2630,83,1,0,6.0,,2,2,      263008301
2634,55,1,0,2.0,si,1,1,      263405501
2634,55,1,0,1.0,,2,2,      263405501
2637,129,1,0,4.0,si,1,1,      263712901
2637,129,1,0,3.0,,2,2,      263712901
2640,60,1,0,6.0,,1,1,      264006001
2645,116,1,0,8.0,,1,1,      264511601
2664,51,1,0,8.0,,1,1,      266405101
2682,21,1,0,9.0,,1,5,      268202101
2685,50,1,1,2.0,,1,1,      268505001
2687,34,1,3,8.0,,1,7,      268703401
2696,65,1,1,4.0,,1,2,      269606501
2713,42,1,1,0.0,si,1,1,      271304201
2713,42,1,1,0.0,,2,2,      271304201
2713,67,1,0,2.0,no,1,2,      271306701
2715,28,1,2,0.0,no,1,5,      271502801
2725,1,1,0,2.0,no,1,1,      272500101
2727,17,1,0,6.0,,1,5,      272701701
2732,18,1,0,0.0,,1,1,      273201801
2733,67,1,2,0.0,,1,1,      273306701
2733,78,1,3,2.0,no,1,1,      273307801
2753,28,1,0,4.0,,1,1,      275302801
2756,70,1,0,2.0,,1,4,      275607001
2757,91,1,0,8.0,no,1,2,      275709101
2757,93,1,1,10.0,si,1,1,      275709301
2757,93,1,1,10.0,,2,2,      275709301
2758,3,1,4,0.0,,1,1,      275800301
2758,6,1,5,7.0,,1,2,      275800601
2758,7,1,1,0.0,si,1,1,      275800701
2758,7,1,1,0.0,,2,2,      275800701
2758,17,1,0,4.0,,1,1,      275801701
2760,8,1,1,0.0,,1,1,      276000801
2760,18,1,0,6.0,,1,1,      276001801
2760,19,1,4,0.0,,1,2,      276001901
2761,24,1,1,10.0,,1,1,      276102401
2761,53,1,1,10.0,,1,1,      276105301
2761,54,1,0,2.0,no,1,1,      276105401
2763,10,1,1,0.0,no,1,3,      276301001
2770,168,1,1,4.0,,1,1,      277016801
2776,45,1,2,0.0,,1,10,      277604501
2782,95,1,0,3.0,,1,1,      278209501
2783,9,1,0,8.0,,1,1,      278300901
2784,3,1,1,0.0,si,1,1,      278400301
2784,3,1,1,0.0,,2,2,      278400301
2784,74,1,1,0.0,,1,3,      278407401
2786,37,1,0,10.0,,1,1,      278603701
2786,40,1,1,9.0,,1,4,      278604001
2787,84,1,2,0.0,,1,2,      278708401
2791,45,1,no sabe,,,1,1,      279104501
2791,58,1,2,1.0,no,1,1,      279105801
2792,49,1,2,3.0,,1,1,      279204901
2797,57,1,0,9.0,no,1,2,      279705701
2806,6,1,2,0.0,si,1,6,      280600601
2806,6,1,2,0.0,,2,7,      280600601
2806,11,1,2,0.0,,1,1,      280601101
2806,15,1,0,4.0,,1,4,      280601501
2806,18,1,1,0.0,,1,1,      280601801
2806,30,1,99,99.0,,1,1,      280603001
2806,36,1,1,0.0,,1,1,      280603601
2807,6,1,0,9.0,,1,2,      280700601
2807,8,1,2,9.0,,1,4,      280700801
2808,11,1,2,0.0,no,1,1,      280801101
2810,31,1,1,3.0,,1,1,      281003101
2810,40,1,2,0.0,,1,1,      281004001
2811,50,1,1,6.0,si,1,1,      281105001
2811,50,1,1,9.0,,2,2,      281105001
2811,68,1,0,6.0,,1,1,      281106801
2813,14,1,0,8.0,,1,1,      281301401
2817,26,1,2,4.0,no,1,2,      281702601
2818,48,1,2,0.0,,1,1,      281804801
2820,17,1,1,8.0,no,1,2,      282001701
2822,32,1,0,8.0,,1,1,      282203201
2823,112,1,2,0.0,,1,6,      282311201
2830,45,1,0,6.0,no,1,1,      283004501
2851,51,1,2,0.0,,1,1,      285105101
2856,1,1,1,0.0,no,1,1,      285600101
2856,9,1,0,7.0,,1,1,      285600901
2856,20,1,0,5.0,si,1,1,      285602001
2856,20,1,1,0.0,,2,2,      285602001
2857,27,1,0,3.0,,1,1,      285702701
2858,8,1,0,6.0,no,1,2,      285800801
2858,10,1,2,0.0,,1,9,      285801001
2862,156,1,3,0.0,,1,1,      286215601
2862,165,1,1,0.0,,1,1,      286216501
2863,45,1,0,1.0,,1,1,      286304501
2872,46,1,1,9.0,,1,1,      287204601
2873,21,1,1,0.0,,1,2,      287302101
2873,23,1,2,0.0,,1,1,      287302301
2875,34,1,0,4.0,si,1,1,      287503401
2875,34,1,0,3.0,,2,2,      287503401
2875,38,1,2,8.0,,1,2,      287503801
2876,5,1,0,5.0,si,1,1,      287600501
2876,5,1,0,5.0,,2,2,      287600501
2876,34,1,3,0.0,,1,1,      287603401
2876,80,1,2,0.0,si,1,1,      287608001
2876,80,1,2,0.0,,2,2,      287608001
2878,10,1,1,0.0,,1,1,      287801001
2878,89,1,0,2.0,,1,1,      287808901
2879,4,1,1,0.0,,1,3,      287900401
2879,30,1,0,6.0,no,1,1,      287903001
2881,22,1,2,0.0,no,1,1,      288102201
2881,30,1,3,0.0,,1,1,      288103001
2886,67,1,0,10.0,si,1,1,      288606701
2886,67,1,1,6.0,,2,2,      288606701
2887,43,1,1,0.0,,1,1,      288704301
2888,78,1,1,8.0,,1,1,      288807801
2891,85,1,0,3.0,no,1,2,      289108501
2893,87,1,2,7.0,no,1,2,      289308701
2904,40,1,2,4.0,,1,4,      290404001
2908,43,1,2,7.0,,1,1,      290804301
2909,76,1,1,0.0,,1,1,      290907601
2910,52,1,0,4.0,,1,2,      291005201
2910,54,1,1,0.0,,1,1,      291005401
2912,52,1,0,6.0,no,1,2,      291205201
2912,93,1,0,4.0,no,1,1,      291209301
2914,14,1,3,9.0,,1,1,      291401401
2914,56,1,1,6.0,si,1,1,      291405601
2914,56,1,2,0.0,,2,2,      291405601
2914,58,1,2,9.0,,1,1,      291405801
2915,12,1,0,8.0,no,1,1,      291501201
2915,14,1,2,8.0,si,1,1,      291501401
2915,14,1,2,8.0,,2,2,      291501401
2917,140,1,0,10.0,,1,1,      291714001
2918,5,1,1,6.0,,1,1,      291800501
2918,37,1,2,10.0,,1,1,      291803701
2918,38,1,0,8.0,no,1,1,      291803801
2918,52,1,0,3.0,,1,1,      291805201
2918,55,1,0,6.0,,1,1,      291805501
2919,33,1,0,3.0,,1,4,      291903301
2919,76,1,1,10.0,,1,3,      291907601
2920,4,1,0,4.0,,1,1,      292000401
2920,5,1,4,10.0,,1,1,      292000501
2920,6,1,2,0.0,,1,1,      292000601
2920,7,1,1,9.0,,1,1,      292000701
2920,20,1,2,9.0,,1,1,      292002001
2920,21,1,0,10.0,si,1,1,      292002101
2920,21,1,0,10.0,,2,2,      292002101
2921,39,1,0,6.0,,1,1,      292103901
2921,40,1,1,0.0,si,1,1,      292104001
2921,40,1,1,0.0,,2,2,      292104001
2921,59,1,3,0.0,,1,2,      292105901
2921,60,1,1,11.0,,1,1,      292106001
2921,61,1,2,0.0,,1,1,      292106101
2921,62,1,2,0.0,,1,1,      292106201
2923,1,1,1,0.0,,1,1,      292300101
2923,16,1,1,0.0,si,1,1,      292301601
2923,16,1,1,6.0,,2,2,      292301601
2923,54,1,3,0.0,,1,3,      292305401
2924,1,1,1,0.0,,1,1,      292400101
2924,4,1,1,9.0,,1,1,      292400401
2924,74,1,1,6.0,,1,1,      292407401
2924,95,1,0,7.0,,1,1,      292409501
2926,51,1,0,8.0,si,1,1,      292605101
2926,51,1,0,8.0,,2,2,      292605101
2927,13,1,1,0.0,si,1,1,      292701301
2927,13,1,2,0.0,,2,2,      292701301
2927,15,1,1,0.0,,1,1,      292701501
2927,67,1,2,0.0,si,1,1,      292706701
2927,67,1,1,0.0,,2,2,      292706701
2928,3,1,1,0.0,si,1,1,      292800301
2928,3,1,5,0.0,,2,2,      292800301
2928,5,1,1,2.0,no,1,1,      292800501
2928,86,1,2,6.0,,1,2,      292808601
2929,2,1,2,0.0,si,1,1,      292900201
2929,2,1,2,0.0,,2,2,      292900201
2929,19,1,2,0.0,,1,1,      292901901
2931,7,1,2,8.0,si,1,1,      293100701
2931,7,1,2,8.0,,2,2,      293100701
2931,28,1,0,4.0,,1,1,      293102801
2931,31,1,1,0.0,no,1,1,      293103101
2931,37,1,1,7.0,si,1,1,      293103701
2931,37,1,0,11.0,,2,2,      293103701
2932,9,1,1,8.0,si,1,1,      293200901
2932,9,1,1,8.0,,2,2,      293200901
2933,6,1,2,0.0,,1,1,      293300601
2933,8,1,0,4.0,,1,1,      293300801
2933,9,1,1,4.0,,1,1,      293300901
2933,10,1,1,2.0,no,1,2,      293301001
2933,11,1,2,0.0,,1,1,      293301101
2934,5,1,1,0.0,no,1,2,      293400501
2945,30,1,1,0.0,,1,7,      294503001
2950,122,1,0,6.0,si,1,1,      295012201
2950,122,1,0,6.0,,2,2,      295012201
2951,44,1,0,5.0,si,1,1,      295104401
2951,44,1,0,5.0,,2,2,      295104401
2951,161,1,0,5.0,si,1,1,      295116101
2951,161,1,0,5.0,,2,2,      295116101
2957,101,1,1,0.0,,1,1,      295710101
2958,44,1,0,3.0,,1,1,      295804401
2959,95,1,0,11.0,,1,1,      295909501
2961,103,1,2,0.0,si,1,1,      296110301
2961,103,1,1,0.0,,2,2,      296110301
2962,33,1,1,0.0,,1,1,      296203301
2963,100,1,1,2.0,,1,5,      296310001
2964,79,1,1,3.0,,1,1,      296407901
2964,84,1,3,0.0,si,1,1,      296408401
2964,84,1,3,0.0,,2,2,      296408401
2964,110,1,4,0.0,,1,1,      296411001
2966,53,2,2,0.0,si,1,1,      296605302
2966,53,2,2,0.0,,2,2,      296605302
2966,110,1,1,1.0,,1,1,      296611001
2968,88,1,1,0.0,,1,1,      296808801
2972,22,1,1,0.0,si,1,1,      297202201
2972,22,1,1,0.0,,2,2,      297202201
2972,121,1,0,10.0,,1,1,      297212101
2972,142,1,1,11.0,,1,5,      297214201
2974,145,1,0,6.0,,1,7,      297414501
2979,120,1,0,8.0,,1,1,      297912001
2981,32,1,0,8.0,no,1,2,      298103201
2987,10,1,1,0.0,no,1,1,      298701001
2988,11,1,2,1.0,,1,1,      298801101
2988,21,1,1,6.0,,1,5,      298802101
2989,20,1,2,0.0,,1,1,      298902001
2990,56,1,2,0.0,,1,1,      299005601
3015,76,1,0,9.0,,1,1,      301507601
3047,49,1,1,11.0,si,1,1,      304704901
3047,49,1,1,11.0,,2,2,      304704901
3048,10,1,0,3.0,si,1,1,      304801001
3048,10,1,0,8.0,,2,2,      304801001
3049,3,1,1,7.0,,1,1,      304900301
3049,21,1,1,7.0,no,1,2,      304902101
3050,23,1,1,0.0,no,1,1,      305002301
3050,29,1,1,10.0,,1,1,      305002901
3050,36,1,1,10.0,,1,1,      305003601
3050,48,1,0,4.0,no,1,1,      305004801
3058,91,1,0,3.0,,1,1,      305809101
3063,34,1,1,4.0,,1,1,      306303401
3066,61,1,0,11.0,,1,1,      306606101
3066,63,1,0,7.0,,1,1,      306606301
3067,96,1,1,0.0,,1,7,      306709601
3068,68,1,0,11.0,si,1,1,      306806801
3068,68,1,0,11.0,,2,2,      306806801
3079,78,1,1,0.0,,1,1,      307907801
3086,150,1,2,0.0,,1,1,      308615001
3093,85,1,0,6.0,,1,1,      309308501
3095,38,1,0,8.0,,1,1,      309503801
3097,53,1,1,0.0,,1,7,      309705301
3097,101,1,0,10.0,no,1,2,      309710101
3106,139,1,0,7.0,no,1,1,      310613901
3111,6,1,1,0.0,,1,1,      311100601
3112,110,1,1,0.0,no,1,1,      311211001
3114,54,1,0,6.0,,1,1,      311405401
3116,151,1,0,8.0,no,1,2,      311615101
3122,115,1,2,10.0,,1,5,      312211501
3127,100,1,0,7.0,no,1,1,      312710001
3128,13,1,1,0.0,,1,1,      312801301
3131,94,1,1,0.0,,1,1,      313109401
3134,69,1,0,8.0,,1,8,      313406901
3135,38,1,0,8.0,,1,1,      313503801
3139,42,1,2,5.0,,1,8,      313904201
3139,106,1,0,6.0,no,1,4,      313910601
3140,44,1,0,4.0,,1,1,      314004401
3141,56,1,1,2.0,,1,1,      314105601
3141,60,1,0,4.0,,1,10,      314106001
3141,74,1,0,6.0,,1,1,      314107401
3142,45,1,2,0.0,si,1,1,      314204501
3142,45,1,0,3.0,,2,2,      314204501
3143,72,1,0,4.0,,1,1,      314307201
3155,116,1,1,0.0,,1,1,      315511601
3156,66,1,1,0.0,,1,6,      315606601
3157,36,1,0,11.0,,1,4,      315703601
3157,54,1,0,7.0,,1,1,      315705401
3167,12,1,2,2.0,no,1,1,      316701201
3167,51,1,1,0.0,,1,6,      316705101
3167,52,1,1,6.0,,1,5,      316705201
3169,108,1,2,7.0,,1,1,      316910801
3169,111,1,0,3.0,,1,1,      316911101
3169,112,1,2,0.0,,1,1,      316911201
3169,115,1,2,6.0,,1,1,      316911501
3170,14,1,1,1.0,,1,1,      317001401
3172,31,1,1,8.0,,1,1,      317203101
3174,36,1,1,7.0,,1,1,      317403601
