qhcluster,qhnumber,qhhome,ps107_1a,ps107_1m,ps107_1s,ps6,hvidx,hhid
10,74,1,0,6.0,,1,8,      001007401
11,26,1,0,1.0,,1,4,      001102601
15,146,1,0,11.0,,1,5,      001514601
50,8,1,0,10.0,no,1,3,      005000801
50,21,1,0,8.0,,1,5,      005002101
50,22,1,0,8.0,,1,4,      005002201
50,23,1,0,3.0,,1,12,      005002301
50,25,1,1,3.0,no,1,6,      005002501
62,97,1,1,3.0,,1,4,      006209701
64,15,2,1,0.0,,1,3,      006401502
64,39,1,0,4.0,,1,7,      006403901
76,74,1,0,1.0,,1,3,      007607401
80,14,1,1,0.0,,1,5,      008001401
88,29,1,1,0.0,,1,7,      008802901
94,28,1,0,1.0,,1,5,      009402801
94,100,1,0,1.0,,1,4,      009410001
95,37,1,1,0.0,no,1,12,      009503701
97,18,1,0,9.0,,1,7,      009701801
97,19,1,0,1.0,,1,4,      009701901
97,33,1,1,0.0,,1,7,      009703301
97,58,1,0,6.0,,1,3,      009705801
100,12,1,0,3.0,,1,3,      010001201
100,15,1,0,1.0,,1,4,      010001501
100,24,1,0,3.0,,1,6,      010002401
100,89,1,0,3.0,,1,3,      010008901
101,62,1,1,0.0,,1,5,      010106201
101,64,1,1,0.0,,1,4,      010106401
103,64,1,0,2.0,,1,4,      010306401
113,33,1,0,7.0,,1,3,      011303301
120,80,1,0,2.0,,1,3,      012008001
121,6,1,0,6.0,,1,3,      012100601
121,84,1,0,4.0,,1,5,      012108401
121,123,1,0,4.0,,1,4,      012112301
121,183,1,2,4.0,,1,5,      012118301
124,30,1,0,8.0,,1,5,      012403001
124,44,1,0,8.0,,1,5,      012404401
124,48,1,0,5.0,,1,10,      012404801
126,15,1,0,5.0,,1,4,      012601501
126,150,1,0,6.0,si,1,4,      012615001
126,150,1,0,6.0,,2,5,      012615001
127,45,1,0,1.0,,1,3,      012704501
128,120,1,0,5.0,,1,4,      012812001
130,18,1,0,6.0,,1,6,      013001801
130,105,1,1,3.0,,1,5,      013010501
130,136,1,0,6.0,,1,3,      013013601
132,127,1,0,1.0,,1,3,      013212701
132,173,1,0,2.0,,1,4,      013217301
132,185,1,0,4.0,,1,8,      013218501
133,12,1,0,6.0,,1,7,      013301201
133,68,1,0,6.0,,1,6,      013306801
136,53,1,0,2.0,,1,4,      013605301
136,109,1,1,0.0,no,1,6,      013610901
138,50,1,0,5.0,,1,6,      013805001
140,38,1,0,6.0,,1,4,      014003801
140,40,1,1,2.0,,1,8,      014004001
140,104,1,1,0.0,si,1,3,      014010401
140,104,1,0,2.0,,2,4,      014010401
140,105,1,1,0.0,no,1,4,      014010501
142,74,1,0,6.0,,1,4,      014207401
145,87,1,2,0.0,,1,5,      014508701
146,12,1,0,10.0,,1,6,      014601201
146,41,1,0,5.0,,1,5,      014604101
146,98,1,0,1.0,,1,4,      014609801
147,3,1,0,6.0,no,1,3,      014700301
147,94,1,2,4.0,,1,7,      014709401
148,27,1,1,6.0,,1,6,      014802701
149,8,1,0,8.0,,1,4,      014900801
149,10,1,1,3.0,no,1,4,      014901001
149,43,1,1,5.0,,1,4,      014904301
149,45,1,0,2.0,,1,8,      014904501
149,90,1,1,3.0,,1,6,      014909001
150,6,1,0,6.0,,1,7,      015000601
150,8,1,1,0.0,si,1,3,      015000801
150,8,1,0,1.0,,2,4,      015000801
155,2,1,0,6.0,,1,5,      015500201
155,23,1,0,7.0,,1,4,      015502301
155,45,1,0,10.0,,1,4,      015504501
155,58,1,0,7.0,,1,4,      015505801
155,59,1,0,11.0,,1,4,      015505901
155,90,1,0,6.0,,1,5,      015509001
155,93,1,0,9.0,,1,5,      015509301
155,107,1,0,5.0,,1,3,      015510701
158,4,1,0,5.0,,1,6,      015800401
158,11,1,2,0.0,,1,3,      015801101
158,24,1,0,2.0,,1,4,      015802401
158,62,1,0,3.0,,1,4,      015806201
158,66,1,1,0.0,,1,3,      015806601
158,73,1,0,2.0,,1,5,      015807301
159,114,1,no sabe,,,1,4,      015911401
161,17,1,1,6.0,,1,4,      016101701
161,58,1,0,3.0,,1,7,      016105801
161,59,1,0,2.0,,1,4,      016105901
162,50,1,0,2.0,,1,2,      016205001
164,2,1,1,0.0,,1,5,      016400201
164,47,1,1,0.0,,1,2,      016404701
164,69,1,1,0.0,,1,6,      016406901
177,18,1,1,0.0,,1,4,      017701801
185,64,1,99,99.0,,1,3,      018506401
198,62,1,0,1.0,,1,4,      019806201
212,19,1,0,5.0,no,1,2,      021201901
213,149,1,1,0.0,,1,4,      021314901
216,15,1,2,3.0,,1,5,      021601501
216,30,1,0,2.0,,1,3,      021603001
220,3,1,0,1.0,,1,4,      022000301
224,17,1,0,4.0,no,1,3,      022401701
224,87,1,1,0.0,,1,4,      022408701
224,93,1,1,0.0,,1,5,      022409301
233,12,1,0,7.0,,1,8,      023301201
236,58,1,1,0.0,,1,4,      023605801
236,95,1,1,0.0,,1,4,      023609501
236,152,1,0,2.0,,1,7,      023615201
247,51,1,0,3.0,,1,6,      024705101
249,32,1,0,1.0,,1,5,      024903201
249,97,1,1,0.0,no,1,4,      024909701
250,70,1,0,5.0,,1,7,      025007001
253,23,1,0,0.0,,1,5,      025302301
253,49,1,1,6.0,,1,4,      025304901
254,5,1,0,8.0,,1,3,      025400501
254,82,1,0,1.0,,1,5,      025408201
256,12,1,1,5.0,,1,6,      025601201
258,57,1,1,2.0,,1,5,      025805701
262,2,1,0,0.0,no,1,2,      026200201
262,33,1,0,3.0,,1,2,      026203301
262,44,1,1,5.0,,1,3,      026204401
263,29,1,0,5.0,,1,7,      026302901
263,30,1,0,6.0,,1,9,      026303001
264,68,1,0,1.0,,1,6,      026406801
265,17,1,0,1.0,,1,6,      026501701
265,46,1,2,0.0,,1,3,      026504601
265,48,1,1,0.0,,1,3,      026504801
265,50,1,0,3.0,,1,4,      026505001
268,4,1,1,0.0,,1,7,      026800401
269,34,1,2,2.0,,1,6,      026903401
269,68,1,2,0.0,,1,4,      026906801
270,34,1,2,0.0,,1,5,      027003401
270,42,1,0,7.0,,1,3,      027004201
270,44,1,2,0.0,,1,4,      027004401
271,58,1,1,6.0,,1,7,      027105801
272,82,1,0,5.0,no,1,3,      027208201
272,85,1,0,3.0,,1,11,      027208501
272,88,1,0,2.0,,1,5,      027208801
272,89,1,1,0.0,,1,4,      027208901
272,93,1,0,6.0,,1,5,      027209301
273,36,1,2,0.0,,1,3,      027303601
273,60,1,1,10.0,,1,4,      027306001
275,32,1,2,0.0,,1,6,      027503201
276,24,1,0,0.0,,1,5,      027602401
280,29,1,0,6.0,,1,4,      028002901
280,36,1,2,0.0,,1,4,      028003601
280,37,1,2,0.0,,1,4,      028003701
280,41,1,1,6.0,,1,4,      028004101
280,68,1,1,0.0,,1,4,      028006801
293,35,1,0,2.0,,1,3,      029303501
303,33,1,1,7.0,,1,3,      030303301
311,4,1,1,0.0,,1,3,      031100401
311,5,1,1,3.0,,1,4,      031100501
311,8,1,1,0.0,,1,5,      031100801
311,10,1,1,0.0,,1,8,      031101001
311,75,1,1,1.0,,1,3,      031107501
313,41,1,0,1.0,,1,5,      031304101
313,49,1,1,3.0,,1,7,      031304901
313,67,1,1,1.0,,1,5,      031306701
313,68,1,1,0.0,si,1,3,      031306801
313,68,1,0,1.0,,2,4,      031306801
313,70,1,1,6.0,,1,3,      031307001
314,52,1,1,4.0,,1,2,      031405201
314,56,1,0,11.0,,1,9,      031405601
314,60,1,1,0.0,,1,3,      031406001
314,61,1,0,5.0,,1,4,      031406101
314,65,1,1,2.0,,1,4,      031406501
315,36,1,1,4.0,,1,6,      031503601
315,38,1,0,6.0,,1,6,      031503801
315,40,1,0,2.0,,1,4,      031504001
315,52,1,0,1.0,,1,3,      031505201
315,53,1,0,5.0,,1,3,      031505301
315,110,1,0,8.0,,1,6,      031511001
317,17,1,1,2.0,,1,4,      031701701
317,93,1,1,0.0,,1,5,      031709301
317,94,1,0,2.0,,1,4,      031709401
322,31,1,0,6.0,,1,4,      032203101
326,70,1,0,10.0,,1,3,      032607001
326,72,1,0,9.0,,1,5,      032607201
327,17,1,1,0.0,,1,3,      032701701
328,40,1,2,0.0,,1,4,      032804001
328,62,1,1,0.0,,1,7,      032806201
328,63,1,2,2.0,,1,4,      032806301
330,82,1,1,0.0,,1,4,      033008201
330,83,1,0,7.0,,1,5,      033008301
330,84,1,0,5.0,,1,4,      033008401
330,99,1,1,0.0,,1,4,      033009901
334,117,1,0,6.0,,1,5,      033411701
334,118,1,0,5.0,no,1,3,      033411801
336,16,1,2,5.0,,1,6,      033601601
341,32,1,0,0.0,no,1,6,      034103201
347,106,1,0,5.0,,1,5,      034710601
354,94,1,0,3.0,,1,7,      035409401
358,88,1,2,0.0,no,1,4,      035808801
418,11,1,0,1.0,si,1,4,      041801101
418,11,1,0,1.0,,2,5,      041801101
428,21,1,1,5.0,no,1,8,      042802101
428,33,1,0,2.0,no,1,3,      042803301
428,51,1,0,9.0,,1,4,      042805101
431,56,1,2,0.0,,1,2,      043105601
441,30,1,0,6.0,,1,3,      044103001
448,82,1,1,1.0,,1,6,      044808201
453,10,1,1,4.0,,1,4,      045301001
453,47,1,1,0.0,,1,4,      045304701
454,8,1,0,6.0,,1,6,      045400801
454,52,1,1,4.0,no,1,4,      045405201
454,66,1,0,5.0,,1,4,      045406601
459,28,1,1,3.0,,1,3,      045902801
461,31,1,0,4.0,,1,3,      046103101
461,87,1,0,4.0,,1,7,      046108701
466,27,1,0,8.0,,1,3,      046602701
468,14,1,1,6.0,,1,4,      046801401
470,11,1,1,4.0,si,1,7,      047001101
470,11,1,0,3.0,,2,9,      047001101
471,62,1,0,1.0,,1,4,      047106201
473,99,1,0,5.0,,1,3,      047309901
481,91,1,0,7.0,,1,6,      048109101
482,37,1,0,1.0,,1,7,      048203701
483,8,1,0,0.0,,1,5,      048300801
483,24,1,0,0.0,,1,7,      048302401
484,46,1,1,0.0,,1,4,      048404601
484,48,1,1,0.0,,1,5,      048404801
484,58,1,1,0.0,,1,5,      048405801
486,62,1,0,5.0,,1,3,      048606201
489,52,1,0,7.0,,1,5,      048905201
491,36,1,1,0.0,,1,4,      049103601
491,46,1,1,0.0,,1,5,      049104601
492,4,1,1,0.0,,1,5,      049200401
492,5,1,0,6.0,,1,3,      049200501
492,18,1,2,0.0,,1,5,      049201801
492,20,1,1,8.0,,1,5,      049202001
493,71,1,0,6.0,,1,4,      049307101
499,43,1,1,0.0,,1,6,      049904301
500,1,1,1,1.0,no,1,3,      050000101
500,38,1,0,6.0,,1,6,      050003801
501,3,1,1,6.0,,1,6,      050100301
501,31,1,1,2.0,,1,9,      050103101
501,108,1,1,6.0,,1,4,      050110801
507,112,1,1,6.0,,1,4,      050711201
511,13,1,0,2.0,,1,6,      051101301
511,54,1,0,5.0,,1,4,      051105401
518,119,1,0,1.0,,1,5,      051811901
532,3,1,0,6.0,,1,4,      053200301
538,9,1,1,1.0,no,1,3,      053800901
538,26,1,1,0.0,,1,4,      053802601
539,110,1,0,4.0,,1,3,      053911001
545,22,1,0,2.0,,1,6,      054502201
545,23,1,0,3.0,,1,4,      054502301
547,80,1,1,6.0,no,1,4,      054708001
548,34,1,0,6.0,,1,5,      054803401
548,54,1,0,9.0,,1,5,      054805401
561,21,1,0,3.0,,1,3,      056102101
561,22,1,0,10.0,no,1,8,      056102201
561,23,1,0,0.0,,1,6,      056102301
562,39,1,1,2.0,,1,3,      056203901
562,59,1,1,0.0,,1,5,      056205901
562,114,1,1,4.0,,1,3,      056211401
562,116,1,0,2.0,,1,5,      056211601
601,28,1,0,1.0,,1,6,      060102801
605,132,1,0,6.0,,1,4,      060513201
613,24,1,2,0.0,no,1,5,      061302401
617,82,1,0,3.0,no,1,9,      061708201
618,29,1,0,2.0,,1,3,      061802901
619,16,1,0,2.0,,1,4,      061901601
640,48,1,99,99.0,,1,5,      064004801
643,56,1,0,1.0,no,1,10,      064305601
652,50,1,0,1.0,,1,3,      065205001
652,67,1,1,6.0,,1,4,      065206701
659,77,1,0,6.0,,1,4,      065907701
665,75,1,0,5.0,,1,7,      066507501
666,6,1,0,3.0,,1,5,      066600601
672,125,1,1,3.0,,1,5,      067212501
675,14,1,0,6.0,,1,7,      067501401
675,28,1,0,10.0,,1,3,      067502801
677,46,1,1,1.0,,1,5,      067704601
677,48,1,0,6.0,,1,7,      067704801
677,49,1,1,1.0,,1,3,      067704901
677,51,1,0,6.0,,1,3,      067705101
677,55,1,1,0.0,,1,2,      067705501
677,87,1,1,0.0,,1,5,      067708701
683,61,1,1,6.0,,1,7,      068306101
701,50,1,1,9.0,,1,5,      070105001
711,66,1,0,6.0,,1,5,      071106601
735,90,1,0,1.0,,1,4,      073509001
738,65,1,1,7.0,,1,4,      073806501
738,103,1,0,5.0,,1,4,      073810301
738,104,1,0,1.0,,1,4,      073810401
741,29,1,0,4.0,,1,6,      074102901
741,30,1,1,7.0,,1,8,      074103001
741,33,1,0,6.0,,1,6,      074103301
741,109,1,1,0.0,,1,3,      074110901
741,113,1,1,0.0,no,1,10,      074111301
742,123,1,0,4.0,,1,7,      074212301
746,68,1,0,4.0,,1,7,      074606801
746,132,1,0,no sabe,,1,4,      074613201
759,27,1,0,8.0,,1,4,      075902701
771,49,1,0,2.0,,1,3,      077104901
775,60,1,0,6.0,,1,4,      077506001
778,19,1,0,1.0,,1,4,      077801901
781,91,1,1,0.0,,1,6,      078109101
784,1,1,1,1.0,,1,6,      078400101
790,17,1,0,8.0,,1,4,      079001701
853,31,1,0,0.0,,1,6,      085303101
863,42,1,0,5.0,,1,4,      086304201
863,51,1,0,9.0,,1,4,      086305101
888,40,1,1,0.0,,1,9,      088804001
906,125,1,1,4.0,,1,6,      090612501
941,30,1,99,99.0,,1,6,      094103001
942,66,1,0,4.0,,1,3,      094206601
947,58,1,0,8.0,,1,3,      094705801
952,66,1,1,0.0,no,1,10,      095206601
959,85,1,0,3.0,,1,5,      095908501
959,125,1,1,5.0,,1,8,      095912501
961,68,1,0,1.0,,1,6,      096106801
963,8,1,0,1.0,,1,4,      096300801
967,36,1,0,4.0,,1,5,      096703601
968,8,1,1,6.0,,1,3,      096800801
968,132,1,1,0.0,,1,6,      096813201
979,19,1,0,6.0,,1,11,      097901901
995,83,1,0,1.0,,1,4,      099508301
1000,72,1,0,3.0,,1,3,      100007201
1005,1,1,0,2.0,,1,5,      100500101
1010,86,1,0,6.0,,1,5,      101008601
1026,130,1,0,2.0,no,1,4,      102613001
1026,130,2,0,2.0,,1,3,      102613002
1026,162,1,0,8.0,,1,4,      102616201
1028,79,1,0,3.0,,1,6,      102807901
1064,45,1,0,1.0,,1,5,      106404501
1067,4,1,0,2.0,,1,6,      106700401
1118,6,1,0,1.0,,1,7,      111800601
1123,99,1,0,5.0,,1,3,      112309901
1130,29,1,1,1.0,,1,5,      113002901
1145,31,1,0,3.0,,1,6,      114503101
1150,23,1,1,0.0,,1,5,      115002301
1152,39,1,1,5.0,,1,3,      115203901
1152,67,1,1,0.0,,1,3,      115206701
1152,72,1,1,0.0,,1,7,      115207201
1156,28,1,0,2.0,,1,5,      115602801
1158,56,1,0,3.0,,1,4,      115805601
1167,60,1,1,5.0,,1,3,      116706001
1168,11,1,0,5.0,no,1,3,      116801101
1168,61,1,0,0.0,,1,4,      116806101
1169,69,1,0,2.0,,1,4,      116906901
1174,17,1,2,0.0,si,1,3,      117401701
1174,17,1,1,0.0,,2,4,      117401701
1174,68,1,1,0.0,,1,3,      117406801
1182,27,1,0,9.0,,1,5,      118202701
1186,42,1,0,9.0,,1,3,      118604201
1192,92,1,0,3.0,,1,3,      119209201
1192,145,1,1,2.0,,1,3,      119214501
1195,98,1,0,6.0,si,1,6,      119509801
1195,98,1,0,6.0,,2,7,      119509801
1197,95,1,1,6.0,,1,5,      119709501
1199,4,1,0,4.0,,1,3,      119900401
1199,58,1,1,2.0,,1,4,      119905801
1200,39,1,1,6.0,,1,3,      120003901
1200,45,1,1,1.0,,1,3,      120004501
1201,114,1,0,7.0,,1,4,      120111401
1209,49,1,2,0.0,,1,4,      120904901
1213,10,1,0,6.0,,1,2,      121301001
1214,13,1,0,2.0,,1,3,      121401301
1217,69,1,0,6.0,,1,2,      121706901
1229,4,1,0,4.0,,1,3,      122900401
1265,107,2,0,3.0,,1,3,      126510702
1281,27,1,0,7.0,,1,5,      128102701
1281,28,1,1,3.0,,1,4,      128102801
1285,93,1,1,0.0,,1,5,      128509301
1293,30,1,1,3.0,,1,9,      129303001
1295,51,1,1,0.0,no,1,3,      129505101
1295,53,1,0,4.0,,1,7,      129505301
1295,91,1,1,5.0,,1,5,      129509101
1301,28,1,0,5.0,si,1,3,      130102801
1301,28,1,0,3.0,,2,4,      130102801
1307,4,1,0,6.0,,1,3,      130700401
1307,87,1,0,6.0,,1,6,      130708701
1308,37,1,0,2.0,,1,3,      130803701
1310,16,1,2,0.0,,1,4,      131001601
1320,57,1,1,0.0,,1,5,      132005701
1321,34,1,1,2.0,,1,4,      132103401
1325,41,1,0,1.0,,1,7,      132504101
1325,43,2,0,2.0,,1,3,      132504302
1325,45,1,99,99.0,,1,4,      132504501
1326,35,1,0,1.0,no,1,5,      132603501
1326,55,1,0,1.0,,1,4,      132605501
1351,89,1,1,3.0,,1,3,      135108901
1362,5,1,0,4.0,,1,5,      136200501
1364,19,1,0,1.0,,1,3,      136401901
1366,99,1,0,1.0,,1,6,      136609901
1407,12,1,no sabe,,,1,5,      140701201
1415,26,1,0,2.0,,1,3,      141502601
1415,57,1,0,1.0,,1,5,      141505701
1434,114,1,0,1.0,,1,3,      143411401
1441,41,1,0,2.0,,1,6,      144104101
1445,65,1,1,2.0,,1,5,      144506501
1446,32,1,1,0.0,,1,4,      144603201
1447,56,1,1,1.0,,1,5,      144705601
1447,104,1,1,0.0,,1,5,      144710401
1448,64,1,0,2.0,,1,3,      144806401
1449,77,1,0,2.0,,1,4,      144907701
1458,59,1,0,4.0,,1,4,      145805901
1461,82,1,0,2.0,,1,5,      146108201
1461,86,1,0,2.0,,1,4,      146108601
1463,5,1,0,1.0,,1,5,      146300501
1463,26,1,2,1.0,,1,3,      146302601
1463,27,1,1,3.0,,1,4,      146302701
1463,47,1,1,0.0,,1,5,      146304701
1464,47,1,1,0.0,,1,3,      146404701
1468,58,1,0,7.0,si,1,5,      146805801
1468,58,1,0,7.0,,2,6,      146805801
1471,77,1,1,0.0,,1,6,      147107701
1472,85,1,0,5.0,,1,5,      147208501
1473,36,1,0,5.0,,1,4,      147303601
1476,183,1,0,1.0,si,1,3,      147618301
1476,183,1,0,1.0,,2,4,      147618301
1477,10,1,0,11.0,,1,5,      147701001
1478,4,1,0,4.0,,1,7,      147800401
1478,36,1,0,7.0,,1,7,      147803601
1480,50,1,0,1.0,,1,4,      148005001
1486,13,1,0,4.0,no,1,3,      148601301
1486,103,1,0,4.0,,1,4,      148610301
1489,145,1,1,6.0,,1,5,      148914501
1491,27,1,0,2.0,,1,7,      149102701
1491,40,1,0,6.0,,1,6,      149104001
1492,63,1,0,8.0,si,1,5,      149206301
1492,63,1,0,8.0,,2,6,      149206301
1492,75,1,0,6.0,,1,10,      149207501
1499,3,1,0,6.0,si,1,4,      149900301
1499,3,1,0,0.0,,2,5,      149900301
1499,69,1,1,0.0,,1,7,      149906901
1499,93,1,0,4.0,,1,5,      149909301
1502,6,1,0,0.0,,1,5,      150200601
1503,28,1,0,3.0,,1,5,      150302801
1503,65,1,0,6.0,,1,4,      150306501
1505,35,2,0,4.0,,1,3,      150503502
1510,27,1,0,3.0,,1,4,      151002701
1511,43,1,0,6.0,,1,6,      151104301
1512,130,1,0,1.0,,1,7,      151213001
1515,51,1,0,0.0,,1,5,      151505101
1519,120,1,0,0.0,,1,2,      151912001
1520,20,1,0,1.0,,1,5,      152002001
1522,85,1,0,11.0,,1,5,      152208501
1524,173,1,1,2.0,,1,5,      152417301
1525,12,1,1,0.0,,1,4,      152501201
1525,143,1,1,6.0,,1,4,      152514301
1525,145,1,0,6.0,,1,6,      152514501
1526,37,1,0,2.0,,1,6,      152603701
1526,38,1,0,1.0,,1,3,      152603801
1526,102,2,0,1.0,,1,3,      152610202
1531,137,1,0,3.0,,1,5,      153113701
1533,94,1,0,6.0,,1,4,      153309401
1534,3,1,2,0.0,si,1,5,      153400301
1534,3,1,2,0.0,,2,6,      153400301
1535,109,1,1,1.0,,1,5,      153510901
1539,47,1,0,1.0,,1,3,      153904701
1539,63,1,0,2.0,,1,3,      153906301
1540,102,1,1,6.0,no,1,5,      154010201
1545,68,1,1,2.0,no,1,8,      154506801
1576,20,1,0,4.0,,1,4,      157602001
1592,12,1,0,7.0,,1,4,      159201201
1603,6,1,0,3.0,,1,8,      160300601
1607,66,1,1,10.0,,1,4,      160706601
1607,92,1,1,4.0,,1,4,      160709201
1607,128,1,0,3.0,,1,4,      160712801
1608,28,1,1,8.0,,1,4,      160802801
1620,12,1,1,0.0,,1,5,      162001201
1620,13,1,1,6.0,,1,4,      162001301
1620,60,1,1,0.0,,1,3,      162006001
1620,71,1,0,3.0,,1,7,      162007101
1634,76,1,0,3.0,,1,3,      163407601
1637,5,1,0,5.0,,1,5,      163700501
1637,26,1,1,4.0,,1,7,      163702601
1637,36,1,0,4.0,,1,5,      163703601
1637,39,1,1,0.0,,1,6,      163703901
1649,23,1,1,6.0,no,1,3,      164902301
1653,3,1,2,0.0,,1,4,      165300301
1653,52,1,1,8.0,,1,7,      165305201
1656,54,1,0,1.0,si,1,4,      165605401
1656,54,1,0,1.0,,2,5,      165605401
1661,87,1,1,1.0,,1,3,      166108701
1662,117,1,0,8.0,,1,4,      166211701
1664,85,1,0,8.0,,1,3,      166408501
1665,43,1,0,11.0,,1,3,      166504301
1666,35,1,1,6.0,,1,4,      166603501
1672,68,1,0,3.0,,1,5,      167206801
1677,147,1,0,6.0,no,1,11,      167714701
1679,20,1,0,7.0,,1,4,      167902001
1679,21,1,0,2.0,,1,6,      167902101
1682,1,1,1,0.0,,1,6,      168200101
1682,5,1,1,0.0,,1,5,      168200501
1682,78,1,1,0.0,,1,5,      168207801
1682,79,1,0,5.0,,1,3,      168207901
1683,18,1,1,9.0,,1,6,      168301801
1683,20,1,1,5.0,,1,3,      168302001
1686,24,1,0,8.0,,1,6,      168602401
1686,67,1,0,4.0,,1,4,      168606701
1686,69,1,2,0.0,,1,4,      168606901
1686,89,1,0,4.0,,1,8,      168608901
1692,57,1,0,6.0,,1,6,      169205701
1692,71,1,2,0.0,,1,5,      169207101
1692,74,1,0,1.0,,1,2,      169207401
1694,40,1,0,8.0,no,1,4,      169404001
1697,2,1,2,3.0,no,1,4,      169700201
1697,4,1,1,0.0,,1,4,      169700401
1697,51,1,2,0.0,,1,4,      169705101
1697,53,1,1,6.0,si,1,3,      169705301
1697,53,1,1,6.0,,2,4,      169705301
1697,54,1,0,7.0,no,1,13,      169705401
1697,55,1,1,0.0,,1,8,      169705501
1700,18,1,1,0.0,,1,4,      170001801
1700,35,1,0,5.0,,1,8,      170003501
1703,15,1,1,0.0,,1,4,      170301501
1704,5,1,0,5.0,,1,4,      170400501
1704,13,1,1,0.0,,1,3,      170401301
1704,90,1,1,4.0,,1,3,      170409001
1705,101,1,0,2.0,,1,7,      170510101
1706,31,1,1,6.0,,1,4,      170603101
1707,96,1,1,6.0,,1,4,      170709601
1709,40,1,0,7.0,,1,4,      170904001
1710,92,1,0,3.0,,1,4,      171009201
1712,100,1,0,8.0,,1,4,      171210001
1713,44,1,0,4.0,,1,3,      171304401
1714,37,1,1,6.0,,1,6,      171403701
1716,68,1,0,6.0,,1,8,      171606801
1716,146,1,0,3.0,no,1,3,      171614601
1717,10,1,0,4.0,,1,3,      171701001
1719,59,1,1,5.0,,1,4,      171905901
1721,133,1,0,0.0,si,1,3,      172113301
1721,133,1,0,1.0,,2,5,      172113301
1722,85,1,1,2.0,,1,3,      172208501
1724,59,1,1,0.0,si,1,4,      172405901
1724,59,1,0,1.0,,2,5,      172405901
1727,32,1,0,3.0,,1,7,      172703201
1727,34,1,0,8.0,,1,4,      172703401
1727,50,1,1,6.0,,1,4,      172705001
1728,4,1,1,0.0,,1,3,      172800401
1728,17,1,1,0.0,,1,5,      172801701
1728,44,1,2,0.0,,1,3,      172804401
1728,96,1,0,9.0,si,1,5,      172809601
1728,96,1,0,6.0,,2,6,      172809601
1728,110,1,1,0.0,,1,3,      172811001
1732,57,1,0,1.0,,1,7,      173205701
1732,68,1,1,0.0,,1,3,      173206801
1733,46,1,2,5.0,,1,2,      173304601
1733,47,1,1,0.0,,1,3,      173304701
1733,49,1,1,2.0,no,1,4,      173304901
1733,56,1,0,8.0,,1,3,      173305601
1733,59,1,0,5.0,,1,8,      173305901
1733,81,1,0,6.0,,1,3,      173308101
1733,83,1,0,9.0,,1,4,      173308301
1734,165,1,1,3.0,si,1,3,      173416501
1734,165,1,0,3.0,,2,4,      173416501
1735,24,1,1,0.0,,1,4,      173502401
1735,89,1,1,2.0,,1,4,      173508901
1736,25,1,0,11.0,,1,13,      173602501
1736,29,1,1,6.0,,1,6,      173602901
1738,209,1,0,3.0,,1,4,      173820901
1738,213,1,1,0.0,,1,6,      173821301
1739,10,1,1,0.0,,1,4,      173901001
1739,36,1,0,0.0,,1,4,      173903601
1739,38,1,0,5.0,,1,3,      173903801
1739,40,1,1,8.0,,1,3,      173904001
1739,43,1,0,6.0,,1,4,      173904301
1740,115,1,0,1.0,,1,4,      174011501
1745,2,1,2,2.0,,1,6,      174500201
1745,25,1,0,6.0,,1,4,      174502501
1745,63,1,0,6.0,,1,3,      174506301
1747,86,1,0,1.0,,1,6,      174708601
1748,52,1,0,8.0,,1,3,      174805201
1748,53,1,0,4.0,,1,3,      174805301
1748,74,1,0,7.0,,1,3,      174807401
1751,83,1,0,3.0,,1,3,      175108301
1758,83,1,0,4.0,,1,6,      175808301
1761,84,1,1,6.0,,1,3,      176108401
1775,85,1,0,8.0,,1,5,      177508501
1794,13,1,0,9.0,,1,6,      179401301
1794,62,1,1,0.0,,1,3,      179406201
1794,63,1,1,4.0,,1,3,      179406301
1815,95,1,0,6.0,,1,4,      181509501
1815,100,1,0,0.0,,1,5,      181510001
1818,13,1,0,2.0,,1,3,      181801301
1821,20,1,1,10.0,,1,4,      182102001
1821,58,1,0,2.0,si,1,4,      182105801
1821,58,1,0,2.0,,2,10,      182105801
1821,82,1,0,4.0,,1,3,      182108201
1823,109,1,0,6.0,,1,3,      182310901
1830,39,1,0,8.0,,1,5,      183003901
1834,49,1,0,7.0,,1,3,      183404901
1836,83,1,0,2.0,,1,4,      183608301
1840,22,1,1,6.0,si,1,3,      184002201
1840,22,1,0,4.0,,2,4,      184002201
1842,21,1,2,0.0,no,1,3,      184202101
1842,23,1,1,6.0,,1,4,      184202301
1842,52,1,1,4.0,,1,5,      184205201
1843,86,1,0,0.0,,1,8,      184308601
1846,19,1,1,2.0,,1,6,      184601901
1846,26,1,1,6.0,,1,5,      184602601
1847,67,1,0,4.0,,1,4,      184706701
1848,42,1,1,6.0,,1,4,      184804201
1848,57,1,2,0.0,,1,7,      184805701
1858,47,1,1,0.0,,1,5,      185804701
1858,81,1,1,6.0,,1,4,      185808101
1858,82,1,1,0.0,,1,3,      185808201
1858,84,1,1,0.0,,1,3,      185808401
1859,26,1,1,0.0,,1,4,      185902601
1861,7,1,2,0.0,,1,4,      186100701
1863,76,1,0,8.0,no,1,6,      186307601
1866,28,1,2,8.0,,1,4,      186602801
1866,57,1,2,0.0,,1,4,      186605701
1869,20,1,2,0.0,,1,5,      186902001
1875,19,1,0,4.0,,1,3,      187501901
1884,21,1,0,7.0,,1,3,      188402101
1884,38,1,0,9.0,,1,5,      188403801
1885,68,1,1,0.0,,1,4,      188506801
1892,119,1,0,1.0,,1,5,      189211901
1893,108,1,0,6.0,,1,4,      189310801
1894,51,1,1,0.0,,1,4,      189405101
1894,83,1,1,10.0,no,1,5,      189408301
1894,122,1,1,0.0,,1,4,      189412201
1899,1,1,2,1.0,,1,8,      189900101
1899,2,1,0,1.0,,1,3,      189900201
1899,29,1,2,10.0,,1,4,      189902901
1901,60,1,0,1.0,,1,4,      190106001
1901,66,1,0,1.0,,1,6,      190106601
1901,70,1,0,6.0,,1,5,      190107001
1901,112,1,0,6.0,,1,5,      190111201
1902,107,1,0,7.0,,1,10,      190210701
1909,46,1,2,0.0,no,1,7,      190904601
1909,72,1,0,8.0,,1,3,      190907201
1909,80,1,1,0.0,,1,5,      190908001
1923,21,1,2,0.0,,1,6,      192302101
1924,70,1,0,4.0,,1,4,      192407001
1927,76,1,0,7.0,,1,7,      192707601
1928,98,1,0,6.0,,1,7,      192809801
1929,88,1,1,0.0,,1,3,      192908801
1938,28,1,0,3.0,,1,6,      193802801
1941,36,1,0,1.0,,1,5,      194103601
1942,34,1,0,1.0,,1,5,      194203401
1995,42,1,0,1.0,,1,4,      199504201
2000,50,1,1,0.0,,1,5,      200005001
2016,22,1,1,6.0,,1,3,      201602201
2020,8,1,0,2.0,,1,4,      202000801
2020,97,1,0,7.0,,1,6,      202009701
2027,46,1,1,10.0,,1,4,      202704601
2027,49,1,0,7.0,,1,5,      202704901
2037,1,1,1,6.0,,1,9,      203700101
2037,27,1,0,5.0,,1,5,      203702701
2037,28,1,1,3.0,,1,5,      203702801
2038,7,1,0,10.0,,1,6,      203800701
2038,26,1,1,0.0,,1,5,      203802601
2038,110,1,1,11.0,no,1,3,      203811001
2043,37,1,0,8.0,,1,5,      204303701
2045,97,1,1,9.0,,1,3,      204509701
2046,33,1,1,0.0,,1,5,      204603301
2047,4,1,1,0.0,,1,3,      204700401
2051,36,1,2,0.0,si,1,4,      205103601
2051,36,1,2,0.0,,2,5,      205103601
2054,2,1,1,0.0,,1,5,      205400201
2054,10,1,0,6.0,,1,6,      205401001
2055,66,1,2,0.0,no,1,7,      205506601
2055,90,1,0,2.0,,1,5,      205509001
2056,17,1,1,6.0,,1,3,      205601701
2057,42,1,0,10.0,,1,5,      205704201
2057,75,1,0,9.0,,1,6,      205707501
2063,16,1,99,99.0,,1,9,      206301601
2063,30,1,1,0.0,,1,4,      206303001
2065,4,1,1,0.0,si,1,4,      206500401
2065,4,1,0,6.0,,2,5,      206500401
2065,11,1,0,2.0,,1,3,      206501101
2065,14,1,0,5.0,,1,3,      206501401
2065,146,1,0,4.0,,1,5,      206514601
2065,147,1,1,6.0,,1,6,      206514701
2065,148,1,0,2.0,,1,5,      206514801
2065,150,1,1,0.0,,1,6,      206515001
2067,17,1,0,2.0,,1,3,      206701701
2067,30,1,1,0.0,,1,3,      206703001
2067,46,1,0,2.0,,1,5,      206704601
2067,78,1,0,3.0,,1,6,      206707801
2071,45,1,1,2.0,,1,6,      207104501
2076,58,1,0,1.0,,1,7,      207605801
2076,59,1,0,5.0,,1,10,      207605901
2076,61,1,0,7.0,,1,5,      207606101
2077,49,1,0,4.0,,1,6,      207704901
2077,51,1,0,6.0,,1,4,      207705101
2078,22,1,1,0.0,no,1,5,      207802201
2079,68,1,0,3.0,,1,6,      207906801
2084,15,1,0,4.0,no,1,3,      208401501
2084,49,1,1,10.0,,1,7,      208404901
2084,63,1,1,6.0,,1,4,      208406301
2084,65,1,0,6.0,,1,6,      208406501
2084,75,1,1,11.0,,1,4,      208407501
2084,77,1,0,4.0,,1,5,      208407701
2084,80,1,0,1.0,,1,2,      208408001
2085,82,1,0,4.0,,1,5,      208508201
2092,53,1,0,1.0,no,1,7,      209205301
2095,45,1,0,4.0,,1,5,      209504501
2115,11,1,0,1.0,,1,4,      211501101
2115,65,1,0,0.0,,1,3,      211506501
2115,76,1,0,0.0,,1,5,      211507601
2119,10,1,0,11.0,,1,4,      211901001
2119,15,1,1,4.0,,1,4,      211901501
2119,16,1,0,1.0,,1,4,      211901601
2119,17,1,1,3.0,,1,3,      211901701
2121,8,1,0,0.0,,1,4,      212100801
2121,10,1,1,9.0,,1,4,      212101001
2121,21,1,1,2.0,no,1,3,      212102101
2125,89,1,0,6.0,si,1,8,      212508901
2125,89,1,0,6.0,,2,9,      212508901
2128,16,1,0,2.0,,1,4,      212801601
2128,127,1,0,1.0,,1,6,      212812701
2141,108,1,0,3.0,,1,2,      214110801
2147,94,1,0,3.0,,1,3,      214709401
2147,102,1,0,1.0,,1,5,      214710201
2149,30,1,0,11.0,,1,5,      214903001
2159,139,1,0,6.0,no,1,7,      215913901
2181,9,1,1,0.0,,1,4,      218100901
2182,149,1,0,9.0,,1,5,      218214901
2208,82,1,0,11.0,,1,3,      220808201
2213,51,1,0,7.0,,1,4,      221305101
2235,52,1,1,7.0,,1,6,      223505201
2243,45,1,0,5.0,,1,4,      224304501
2243,52,1,1,3.0,,1,3,      224305201
2251,62,1,0,2.0,,1,6,      225106201
2257,11,1,0,4.0,,1,4,      225701101
2260,24,1,0,4.0,,1,4,      226002401
2260,37,1,0,8.0,,1,6,      226003701
2267,35,1,1,0.0,,1,5,      226703501
2267,43,1,0,10.0,,1,4,      226704301
2268,75,1,2,1.0,si,1,3,      226807501
2268,75,1,0,9.0,,2,4,      226807501
2290,78,1,0,3.0,,1,5,      229007801
2293,50,1,1,0.0,,1,7,      229305001
2301,10,1,1,0.0,,1,5,      230101001
2301,24,1,0,6.0,,1,6,      230102401
2301,78,1,2,0.0,,1,5,      230107801
2306,3,1,0,1.0,,1,6,      230600301
2321,1,1,0,4.0,,1,6,      232100101
2321,5,1,1,0.0,,1,4,      232100501
2321,89,1,2,2.0,,1,3,      232108901
2321,91,1,0,2.0,,1,3,      232109101
2323,25,1,0,1.0,no,1,3,      232302501
2323,44,1,0,1.0,,1,7,      232304401
2323,58,1,0,3.0,,1,5,      232305801
2323,61,1,0,6.0,,1,7,      232306101
2326,39,1,0,1.0,,1,3,      232603901
2326,41,1,0,2.0,,1,3,      232604101
2327,172,1,0,1.0,si,1,4,      232717201
2327,172,1,1,0.0,,2,7,      232717201
2328,8,1,2,0.0,,1,4,      232800801
2328,42,1,1,0.0,,1,5,      232804201
2329,15,1,0,1.0,,1,7,      232901501
2354,106,1,0,5.0,si,1,4,      235410601
2354,106,1,0,5.0,,2,5,      235410601
2374,66,1,1,6.0,,1,4,      237406601
2392,80,1,0,9.0,,1,4,      239208001
2428,15,1,0,8.0,,1,5,      242801501
2428,77,1,1,0.0,no,1,5,      242807701
2430,117,1,0,6.0,,1,6,      243011701
2446,2,1,0,6.0,,1,4,      244600201
2458,47,1,0,2.0,,1,5,      245804701
2519,22,1,0,11.0,,1,4,      251902201
2531,95,1,1,3.0,,1,10,      253109501
2533,16,1,0,7.0,,1,4,      253301601
2533,23,1,0,6.0,,1,5,      253302301
2539,85,1,0,4.0,,1,3,      253908501
2540,110,1,1,6.0,,1,9,      254011001
2554,95,1,1,1.0,,1,4,      255409501
2567,110,1,0,2.0,si,1,5,      256711001
2567,110,1,0,2.0,,2,8,      256711001
2570,18,1,0,1.0,,1,4,      257001801
2572,47,1,0,2.0,,1,4,      257204701
2574,17,1,0,6.0,,1,6,      257401701
2574,23,1,0,11.0,,1,6,      257402301
2590,98,1,1,2.0,,1,4,      259009801
2594,86,1,1,1.0,,1,3,      259408601
2608,35,1,1,0.0,,1,4,      260803501
2614,30,1,1,1.0,,1,5,      261403001
2615,90,1,1,3.0,si,1,4,      261509001
2615,90,1,1,3.0,,2,5,      261509001
2644,131,1,1,0.0,no,1,7,      264413101
2706,24,1,0,8.0,,1,4,      270602401
2720,27,1,0,1.0,,1,4,      272002701
2740,5,1,0,1.0,,1,4,      274000501
2743,57,1,0,10.0,,1,6,      274305701
2755,43,1,0,9.0,,1,6,      275504301
2756,17,1,0,1.0,,1,4,      275601701
2766,20,1,0,1.0,,1,4,      276602001
2767,130,1,1,6.0,,1,3,      276713001
2770,143,1,1,6.0,,1,6,      277014301
2776,56,1,0,5.0,,1,3,      277605601
2778,59,1,2,0.0,,1,4,      277805901
2783,44,1,0,6.0,,1,5,      278304401
2783,79,1,1,0.0,,1,4,      278307901
2784,8,1,1,4.0,,1,5,      278400801
2784,32,1,1,0.0,,1,7,      278403201
2784,53,1,1,8.0,,1,4,      278405301
2784,81,1,0,8.0,,1,5,      278408101
2787,96,1,0,3.0,,1,5,      278709601
2788,28,1,0,0.0,no,1,10,      278802801
2789,50,1,1,6.0,,1,3,      278905001
2790,56,1,0,4.0,si,1,4,      279005601
2790,56,1,0,4.0,,2,5,      279005601
2790,98,1,0,5.0,,1,7,      279009801
2800,11,1,0,3.0,,1,3,      280001101
2800,64,1,1,1.0,,1,5,      280006401
2809,19,1,1,6.0,,1,6,      280901901
2811,49,1,1,10.0,,1,5,      281104901
2835,69,1,0,5.0,,1,3,      283506901
2855,28,1,0,3.0,,1,4,      285502801
2858,21,1,0,0.0,,1,6,      285802101
2858,35,1,1,0.0,,1,4,      285803501
2860,63,1,0,0.0,,1,5,      286006301
2860,69,1,0,6.0,,1,4,      286006901
2863,8,1,0,3.0,,1,5,      286300801
2875,94,1,1,2.0,,1,3,      287509401
2876,79,1,2,5.0,,1,6,      287607901
2878,9,1,1,6.0,,1,8,      287800901
2878,96,1,1,1.0,,1,7,      287809601
2878,99,1,1,6.0,,1,5,      287809901
2879,3,1,1,2.0,,1,6,      287900301
2879,35,1,0,1.0,,1,3,      287903501
2880,14,1,0,4.0,no,1,5,      288001401
2880,40,1,0,7.0,,1,5,      288004001
2884,59,1,0,7.0,,1,3,      288405901
2887,14,1,2,0.0,,1,3,      288701401
2887,133,1,0,8.0,,1,4,      288713301
2887,151,1,1,0.0,,1,3,      288715101
2890,12,1,0,6.0,,1,4,      289001201
2890,22,1,0,10.0,,1,4,      289002201
2890,42,1,0,8.0,,1,4,      289004201
2892,85,1,0,5.0,,1,3,      289208501
2895,7,1,0,1.0,no,1,3,      289500701
2897,1,1,0,1.0,,1,3,      289700101
2909,38,1,0,3.0,,1,5,      290903801
2909,77,1,0,8.0,,1,6,      290907701
2910,15,1,1,0.0,si,1,3,      291001501
2910,15,1,0,1.0,,2,4,      291001501
2922,38,1,0,10.0,,1,7,      292203801
2924,75,1,0,4.0,,1,5,      292407501
2926,28,1,0,4.0,,1,5,      292602801
2930,49,1,0,2.0,,1,4,      293004901
2954,28,1,no sabe,,,1,4,      295402801
2959,42,2,0,2.0,si,1,7,      295904202
2959,42,2,0,2.0,,2,8,      295904202
2960,119,1,0,11.0,,1,7,      296011901
2977,32,1,0,1.0,,1,5,      297703201
2993,88,1,0,1.0,si,1,6,      299308801
2993,88,1,0,1.0,,2,7,      299308801
2995,64,1,1,6.0,,1,3,      299506401
2995,94,1,0,6.0,,1,3,      299509401
2997,40,1,0,7.0,,1,5,      299704001
2998,60,1,0,4.0,,1,5,      299806001
2998,67,1,1,0.0,,1,3,      299806701
3000,70,1,0,5.0,,1,6,      300007001
3016,78,1,0,5.0,,1,5,      301607801
3025,13,1,1,9.0,,1,6,      302501301
3030,59,1,1,3.0,,1,7,      303005901
3040,60,1,0,3.0,,1,6,      304006001
3044,40,1,0,1.0,no,1,7,      304404001
3044,54,1,0,1.0,,1,4,      304405401
3044,73,1,1,0.0,,1,7,      304407301
3059,27,1,0,9.0,,1,5,      305902701
3064,142,1,0,1.0,,1,4,      306414201
3066,26,1,0,4.0,no,1,5,      306602601
3067,94,1,1,0.0,,1,4,      306709401
3070,55,1,1,0.0,,1,5,      307005501
3070,89,1,0,5.0,,1,7,      307008901
3070,89,2,1,8.0,,1,4,      307008902
3070,96,2,0,4.0,,1,3,      307009602
3075,80,1,1,4.0,,1,4,      307508001
3087,100,1,0,0.0,,1,6,      308710001
3092,9,1,1,8.0,,1,3,      309200901
3092,74,1,0,6.0,,1,7,      309207401
3093,84,1,1,10.0,,1,3,      309308401
3096,59,1,1,8.0,,1,4,      309605901
3097,40,1,0,4.0,,1,4,      309704001
3097,59,1,0,3.0,,1,8,      309705901
3097,98,1,0,1.0,,1,4,      309709801
3102,11,1,0,6.0,no,1,3,      310201101
3102,56,1,0,8.0,,1,4,      310205601
3108,73,1,0,5.0,,1,3,      310807301
3109,4,1,1,3.0,,1,6,      310900401
3112,9,1,0,1.0,,1,5,      311200901
3116,197,1,0,6.0,,1,3,      311619701
3117,3,1,1,6.0,,1,4,      311700301
3123,64,1,1,0.0,,1,4,      312306401
3123,154,1,0,7.0,,1,7,      312315401
3124,56,1,0,11.0,,1,4,      312405601
3124,80,1,0,1.0,,1,5,      312408001
3145,14,1,2,1.0,,1,3,      314501401
3149,146,1,0,4.0,,1,5,      314914601
3151,36,1,0,2.0,,1,9,      315103601
3151,79,1,0,0.0,no,1,4,      315107901
3155,106,1,0,10.0,,1,4,      315510601
3157,26,1,0,8.0,no,1,7,      315702601
