ID1,HHID,NRO_ORDEN,QH30M,QH31M,QH32M_M,QH32M_Y,QH33M
2019,"000400601",1,1,86,6,2014,nan
2019,"000417401",1,2,38,10,2017,4
2019,"000803701",1,2,15,10,2018,1
2019,"000806301",1,2,11,5,2016,nan
2019,"000808701",1,1,1,11,2017,nan
2019,"000903401",1,1,64,2,2015,nan
2019,"001714101",1,2,95,8,2015,nan
2019,"001805101",1,1,82,11,2018,nan
2019,"001907501",1,1,26,10,2015,nan
2019,"002019601",1,1,83,9,2018,nan
2019,"002303601",1,2,57,6,2017,nan
2019,"002610901",1,1,84,1,2018,nan
2019,"002801201",1,1,0,3,2019,nan
2019,"003010201",1,1,49,7,2018,nan
2019,"003118001",1,2,3,8,2017,nan
2019,"003217501",1,1,50,6,2017,nan
2019,"003302001",1,1,13,5,2018,nan
2019,"003416001",1,2,60,6,2017,nan
2019,"003809401",1,2,85,1,2017,nan
2019,"003815201",1,2,29,8,2015,4
2019,"003909501",1,2,38,7,2014,4
2019,"004108601",1,2,75,8,2017,nan
2019,"004203801",1,2,18,10,2015,4
2019,"004304201",1,2,53,11,2018,nan
2019,"004304301",1,1,59,12,2016,nan
2019,"004304301",2,2,52,11,2018,nan
2019,"004402301",1,1,27,5,2015,nan
2019,"004402501",1,1,12,3,2018,nan
2019,"004501401",1,1,80,10,2017,nan
2019,"004503701",1,2,82,1,2015,nan
2019,"004600801",1,1,89,11,2014,nan
2019,"004710801",1,1,45,3,2016,nan
2019,"005008201",1,1,75,9,2016,nan
2019,"005201901",1,1,54,6,2018,nan
2019,"005205101",1,1,72,5,2019,nan
2019,"005210601",1,1,58,10,2015,nan
2019,"005305301",1,1,78,6,2017,nan
2019,"005500801",1,1,90,1,2015,nan
2019,"005500801",2,2,91,5,2016,nan
2019,"005500801",3,2,85,11,2017,nan
2019,"005504501",1,1,34,11,2014,nan
2019,"005902701",1,1,85,10,2016,nan
2019,"006006901",1,1,82,9,2017,nan
2019,"006116001",1,2,62,7,2016,nan
2019,"006203301",1,1,82,12,2016,nan
2019,"006407401",1,2,68,12,2014,nan
2019,"006503901",1,1,72,3,2018,nan
2019,"006505501",1,2,94,6,2018,nan
2019,"006701701",1,1,42,6,2014,nan
2019,"006705101",1,1,82,3,2018,nan
2019,"006714901",1,1,94,1,2019,nan
2019,"006809401",1,1,66,6,2015,nan
2019,"006908401",1,1,75,8,2015,nan
2019,"007005901",1,2,82,3,2016,nan
2019,"007008401",1,2,84,9,2016,nan
2019,"007102201",1,2,80,4,2018,nan
2019,"007300401",1,2,81,5,2018,nan
2019,"007302301",1,1,80,9,2016,nan
2019,"007312701",1,2,97,2,2017,nan
2019,"007803601",1,2,60,8,2018,nan
2019,"007906301",1,2,72,11,2014,nan
2019,"008005501",1,2,98,8,2014,nan
2019,"008210401",1,2,95,10,2014,nan
2019,"008210601",1,2,16,10,2014,4
2019,"008302401",1,2,60,8,2018,nan
2019,"008809001",1,2,67,5,2019,nan
2019,"008907301",1,1,43,8,2014,nan
2019,"008909401",1,1,83,12,2014,nan
2019,"009011001",1,1,28,12,2016,nan
2019,"009402001",1,2,55,4,2017,nan
2019,"009402801",1,2,45,6,2017,4
2019,"009502501",1,2,26,2,2017,4
2019,"009508801",1,2,75,8,2016,nan
2019,"009508801",2,2,78,2,2019,nan
2019,"009602901",1,2,75,2,2015,nan
2019,"009703401",1,2,70,11,2017,nan
2019,"009703901",1,2,2,2,2014,nan
2019,"009802001",1,2,50,9,2015,nan
2019,"009803101",1,2,38,7,2016,2
2019,"010009401",1,2,70,8,2017,nan
2019,"010011501",1,2,100,4,2018,nan
2019,"010011601",1,2,100,4,2018,nan
2019,"010104001",1,1,78,4,2017,nan
2019,"010304101",1,1,0,2,2019,nan
2019,"010304601",1,2,21,6,2018,4
2019,"010304701",1,1,36,12,2015,nan
2019,"010404501",1,2,97,4,2018,nan
2019,"010507801",1,2,80,8,2014,nan
2019,"010606401",1,1,57,9,2015,nan
2019,"010606501",1,1,68,1,2017,nan
2019,"010700101",1,2,56,5,2018,nan
2019,"010907801",1,1,42,12,2016,nan
2019,"010907801",2,2,90,11,2017,nan
2019,"010907901",1,1,64,11,2018,nan
2019,"011001301",1,2,72,3,2016,nan
2019,"011105901",1,1,85,3,2018,nan
2019,"011105901",2,2,97,10,2018,nan
2019,"011106101",1,2,74,7,2017,nan
2019,"011202801",1,1,47,4,2014,nan
2019,"011202801",2,2,80,12,2017,nan
2019,"011209401",1,1,40,9,2018,nan
2019,"011302901",1,2,94,4,2018,nan
2019,"011304301",1,1,39,5,2014,nan
2019,"011304301",2,1,14,5,2014,nan
2019,"011401101",1,2,34,2,2017,4
2019,"011402201",1,1,30,11,2015,nan
2019,"011402301",1,1,32,11,2015,nan
2019,"011402901",1,1,98,11,2015,nan
2019,"011504201",1,1,73,5,2018,nan
2019,"011504301",1,1,71,4,2018,nan
2019,"011507501",1,2,94,2,2014,nan
2019,"011704701",1,2,75,5,2018,nan
2019,"012521201",1,1,78,3,2016,nan
2019,"012601801",1,2,80,12,2017,nan
2019,"012812801",1,2,83,11,2015,nan
2019,"012909401",1,1,96,7,2018,nan
2019,"013005501",1,1,78,12,2018,nan
2019,"013102501",1,1,0,11,2017,nan
2019,"013306401",1,2,49,5,2015,4
2019,"013500101",1,1,15,6,2017,nan
2019,"013504701",1,1,56,3,2016,nan
2019,"013903001",1,1,98,6,2017,nan
2019,"013904701",1,2,80,8,2014,nan
2019,"013904701",2,1,85,12,2018,nan
2019,"014005901",1,2,67,3,2019,nan
2019,"014105301",1,1,73,8,2014,nan
2019,"014106901",1,2,80,3,2017,nan
2019,"014209701",1,1,46,10,2017,nan
2019,"014308501",1,2,1,3,2016,nan
2019,"014602901",1,1,54,5,2015,nan
2019,"014702901",1,1,77,9,2017,nan
2019,"014800601",1,1,81,5,2016,nan
2019,"014902901",1,2,33,12,2015,4
2019,"014903101",1,1,58,2,2019,nan
2019,"014903301",1,1,74,4,2014,nan
2019,"015003201",1,2,69,12,2014,nan
2019,"015307701",1,1,20,5,2014,nan
2019,"015403301",1,2,98,7,2017,nan
2019,"015404001",1,2,78,2,2014,nan
2019,"015503601",1,1,53,2,2017,nan
2019,"015801301",1,1,78,1,2019,nan
2019,"015900101",1,2,85,11,2015,nan
2019,"015901701",1,1,80,3,2019,nan
2019,"015903101",1,1,35,1,2017,nan
2019,"016204401",1,2,78,11,2018,nan
2019,"016206101",1,1,87,6,2014,nan
2019,"016502601",1,2,52,4,2014,nan
2019,"016506301",1,1,94,5,2017,nan
2019,"016601201",1,2,83,6,2017,nan
2019,"016713701",1,2,84,5,2018,nan
2019,"016713801",1,1,77,7,2016,nan
2019,"017000401",1,1,85,4,2017,nan
2019,"017110601",1,2,102,4,2019,nan
2019,"017206501",1,1,81,10,2015,nan
2019,"017206501",2,2,82,9,2016,nan
2019,"017402801",1,1,72,1,2019,nan
2019,"017404801",1,1,98,8,2015,nan
2019,"017707801",1,2,86,9,2014,nan
2019,"017711801",1,2,80,7,2017,nan
2019,"018106601",1,1,18,3,2014,nan
2019,"018112201",1,2,95,8,2017,nan
2019,"018311901",1,2,77,3,2015,nan
2019,"018402201",1,2,68,2,2015,nan
2019,"018606701",1,1,75,2,2019,nan
2019,"018900401",1,1,83,2,2014,nan
2019,"018911701",1,1,89,3,2018,nan
2019,"019003801",1,1,60,7,2014,nan
2019,"019101601",1,1,20,5,2015,nan
2019,"019507101",1,1,1,4,2018,nan
2019,"019610101",1,1,47,8,2017,nan
2019,"019706401",1,1,87,10,2015,nan
2019,"020104901",1,1,84,2,2015,nan
2019,"020109801",1,1,70,6,2017,nan
2019,"020206901",1,2,70,5,2018,nan
2019,"020208201",1,2,96,9,2015,nan
2019,"020312901",1,1,54,8,2014,nan
2019,"020504701",1,1,74,4,2018,nan
2019,"020600301",1,2,43,1,2016,4
2019,"020814601",1,1,45,2,2019,nan
2019,"021001301",1,2,60,11,2014,nan
2019,"021009901",1,1,84,10,2017,nan
2019,"021501301",1,1,63,5,2014,nan
2019,"021601701",1,2,38,4,2018,4
2019,"021806901",1,1,33,2,2017,nan
2019,"021807401",1,2,57,3,2019,nan
2019,"022100301",1,2,74,6,2018,nan
2019,"022200201",1,2,58,5,2015,nan
2019,"022603101",1,2,39,8,2016,4
2019,"022800301",1,1,72,11,2016,nan
2019,"022901001",1,2,3,1,2014,nan
2019,"022905301",1,1,83,1,2014,nan
2019,"023102601",1,1,93,1,2015,nan
2019,"023107001",1,2,85,8,2017,nan
2019,"023111901",1,2,54,7,2016,nan
2019,"023402101",1,1,98,3,2018,nan
2019,"023504701",1,2,8,1,2014,nan
2019,"023506001",1,1,1,9,2017,nan
2019,"023607501",1,1,82,5,2014,nan
2019,"023710301",1,2,58,11,2017,nan
2019,"023805001",1,2,96,5,2018,nan
2019,"023805801",1,1,92,7,2018,nan
2019,"023904001",1,2,85,12,2017,nan
2019,"023910301",1,1,40,3,2019,nan
2019,"024003601",1,2,64,7,2018,nan
2019,"024308801",1,2,60,7,2015,nan
2019,"024311701",1,2,87,2,2018,nan
2019,"024402001",1,1,86,7,2018,nan
2019,"024402401",1,1,91,12,2018,nan
2019,"024504501",1,2,88,11,2016,nan
2019,"024603401",1,1,30,6,2015,nan
2019,"024705101",1,2,100,10,2016,nan
2019,"024714501",1,2,74,1,2018,nan
2019,"025315601",1,2,85,9,2016,nan
2019,"025612701",1,2,67,10,2016,nan
2019,"025904401",1,2,61,1,2017,nan
2019,"025905301",1,1,0,4,2017,nan
2019,"026100201",1,2,90,7,2015,nan
2019,"026101401",1,1,88,6,2018,nan
2019,"026303501",1,1,90,4,2016,nan
2019,"026509301",1,2,80,9,2015,nan
2019,"026509301",2,2,83,8,2016,nan
2019,"026804201",1,1,88,2,2018,nan
2019,"027001001",1,1,83,9,2015,nan
2019,"027002301",1,2,103,12,2017,nan
2019,"027101901",1,1,70,11,2018,nan
2019,"027105201",1,2,30,3,2014,4
2019,"027105501",1,1,85,3,2016,nan
2019,"027207101",1,2,61,2,2015,nan
2019,"027406601",1,1,2,1,2016,nan
2019,"028100701",1,1,51,3,2015,nan
2019,"028101701",1,1,51,4,2016,nan
2019,"028201501",1,1,78,12,2017,nan
2019,"028201901",1,1,70,2,2014,nan
2019,"028301801",1,1,83,9,2018,nan
2019,"028409101",1,2,84,12,2016,nan
2019,"028502401",1,2,88,11,2016,nan
2019,"028602701",1,1,87,5,2014,nan
2019,"028604101",1,1,94,12,2018,nan
2019,"028702601",1,1,50,6,2016,nan
2019,"028702801",1,2,64,3,2014,nan
2019,"028807401",1,1,92,10,2017,nan
2019,"028901701",1,2,67,9,2018,nan
2019,"029002001",1,1,29,2,2014,nan
2019,"029002101",1,2,90,1,2016,nan
2019,"029103701",1,1,82,12,2017,nan
2019,"029300701",1,2,53,5,2015,nan
2019,"029301801",1,2,60,2,2019,nan
2019,"029404401",1,1,22,3,2019,nan
2019,"029404501",1,2,85,8,2015,nan
2019,"029404501",2,2,106,9,2016,nan
2019,"029502801",1,2,62,1,2019,nan
2019,"029602001",1,1,94,3,2019,nan
2019,"029716101",1,2,89,7,2018,nan
2019,"029725101",1,1,93,8,2016,nan
2019,"029725101",2,2,80,11,2017,nan
2019,"030617901",1,1,87,5,2014,nan
2019,"030708601",1,1,87,8,2014,nan
2019,"030905301",1,2,86,12,2017,nan
2019,"031403001",1,1,49,3,2015,nan
2019,"031507401",1,2,88,10,2018,nan
2019,"032302201",1,1,70,4,2014,nan
2019,"032403201",1,2,88,4,2016,nan
2019,"032606301",1,1,83,4,2017,nan
2019,"032606401",1,2,84,4,2017,nan
2019,"032702901",1,1,38,1,2019,nan
2019,"032807901",1,1,0,7,2015,nan
2019,"032905401",1,1,82,12,2014,nan
2019,"033300201",1,2,88,5,2019,nan
2019,"033407901",1,2,15,2,2016,4
2019,"033409001",1,1,21,12,2018,nan
2019,"033409501",1,1,87,4,2019,nan
2019,"033409701",1,1,19,12,2017,nan
2019,"033504601",1,1,71,3,2015,nan
2019,"033601501",1,2,87,7,2014,nan
2019,"033701501",1,1,78,9,2015,nan
2019,"033707101",1,1,80,6,2014,nan
2019,"033904401",1,1,66,3,2018,nan
2019,"033906001",1,1,53,2,2017,nan
2019,"034014701",1,1,80,7,2017,nan
2019,"034014701",2,1,81,4,2018,nan
2019,"034309701",1,1,77,5,2015,nan
2019,"034601401",1,1,35,4,2015,nan
2019,"034811901",1,1,81,2,2017,nan
2019,"034902501",1,1,85,6,2014,nan
2019,"035003301",1,2,92,4,2018,nan
2019,"035003501",1,1,74,6,2018,nan
2019,"035006401",1,1,90,6,2015,nan
2019,"035210901",1,1,75,9,2016,nan
2019,"035301901",1,1,54,2,2018,nan
2019,"035409501",1,1,65,11,2014,nan
2019,"035505201",1,1,84,3,2018,nan
2019,"035506801",1,1,84,3,2016,nan
2019,"035709901",1,2,93,2,2018,nan
2019,"035800101",1,1,27,5,2016,nan
2019,"036403901",1,2,84,6,2015,nan
2019,"036702701",1,1,62,10,2017,nan
2019,"036706701",1,2,84,11,2016,nan
2019,"036908801",1,1,80,11,2016,nan
2019,"037112701",1,1,85,12,2016,nan
2019,"037203401",1,1,55,11,2014,nan
2019,"037602501",1,1,57,10,2018,nan
2019,"037906201",1,1,69,8,2017,nan
2019,"038004901",1,2,55,1,2019,nan
2019,"038107801",1,1,72,5,2016,nan
2019,"038110901",1,1,56,1,2014,nan
2019,"038609901",1,1,40,8,2014,nan
2019,"038813101",1,1,8,2,2017,nan
2019,"038909101",1,1,82,9,2018,nan
2019,"039110801",1,1,79,6,2018,nan
2019,"039110801",2,2,80,10,2018,nan
2019,"039303601",1,1,63,3,2015,nan
2019,"039307301",1,1,86,1,2015,nan
2019,"039307301",2,2,60,8,2017,nan
2019,"039406501",1,1,74,5,2016,nan
2019,"039508301",1,1,96,11,2017,nan
2019,"039508301",2,2,99,2,2019,nan
2019,"039510801",1,2,43,4,2017,4
2019,"039602801",1,2,74,2,2019,nan
2019,"039705501",1,1,67,7,2016,nan
2019,"039715301",1,1,63,12,2015,nan
2019,"040011501",1,1,47,3,2019,nan
2019,"040103501",1,2,77,6,2018,nan
2019,"040104401",1,1,40,2,2019,nan
2019,"040114501",1,2,62,10,2018,nan
2019,"040201201",1,2,23,9,2014,4
2019,"040201201",2,1,30,3,2016,nan
2019,"040208901",1,1,89,5,2015,nan
2019,"040409502",1,1,82,5,2017,nan
2019,"040409801",1,1,53,9,2017,nan
2019,"040611101",1,1,85,5,2018,nan
2019,"040702301",1,1,83,9,2017,nan
2019,"040801901",1,2,70,2,2017,nan
2019,"041207201",1,2,94,11,2018,nan
2019,"041306601",1,2,57,7,2014,nan
2019,"041615601",1,2,62,5,2015,nan
2019,"041804401",1,1,82,11,2017,nan
2019,"041902601",1,1,60,3,2015,nan
2019,"042003501",1,2,75,3,2016,nan
2019,"042106601",1,2,85,7,2015,nan
2019,"042405401",1,2,68,11,2015,nan
2019,"042510601",1,2,76,2,2018,nan
2019,"042513101",1,2,81,4,2014,nan
2019,"042513101",2,1,0,8,2015,nan
2019,"042519501",1,2,67,9,2018,nan
2019,"042604401",1,2,75,9,2015,nan
2019,"042605301",1,2,98,4,2018,nan
2019,"042607401",1,1,82,12,2016,nan
2019,"042609901",1,2,93,12,2017,nan
2019,"042803001",1,2,57,6,2018,nan
2019,"043200101",1,1,90,7,2016,nan
2019,"043207501",1,1,21,1,2016,nan
2019,"043301501",1,2,75,10,2017,nan
2019,"043404701",1,2,90,11,2018,nan
2019,"043404901",1,2,56,2,2014,nan
2019,"043404901",2,1,26,9,2014,nan
2019,"043410401",1,2,74,11,2018,nan
2019,"043418501",1,1,60,8,2015,nan
2019,"043501501",1,2,84,5,2019,nan
2019,"044007001",1,1,84,1,2019,nan
2019,"044201101",1,1,93,6,2017,nan
2019,"044207701",1,2,81,1,2015,nan
2019,"044208001",1,2,80,1,2018,nan
2019,"044303701",1,1,77,6,2016,nan
2019,"044400101",1,1,76,9,2018,nan
2019,"044402501",1,2,65,7,2017,nan
2019,"044502901",1,2,62,4,2015,nan
2019,"044504801",1,1,52,12,2017,nan
2019,"044504901",1,1,49,12,2017,nan
2019,"044801401",1,1,79,4,2014,nan
2019,"044804101",1,1,1,9,2015,nan
2019,"045002701",1,1,35,3,2017,nan
2019,"045009201",1,1,82,5,2014,nan
2019,"045308301",1,1,83,1,2018,nan
2019,"045402701",1,1,7,1,2017,nan
2019,"045402901",1,2,88,7,2014,nan
2019,"045502801",1,2,110,10,2014,nan
2019,"045505001",1,1,14,8,2015,nan
2019,"045708201",1,1,33,4,2017,nan
2019,"045802701",1,1,36,6,2016,nan
2019,"045802801",1,2,74,12,2015,nan
2019,"046007201",1,1,35,6,2014,nan
2019,"046309801",1,1,90,6,2014,nan
2019,"046402501",1,1,84,11,2018,nan
2019,"046807701",1,1,81,8,2015,nan
2019,"047402801",1,1,89,7,2014,nan
2019,"047511901",1,2,77,3,2017,nan
2019,"047600801",1,2,64,12,2017,nan
2019,"047801901",1,1,43,9,2018,nan
2019,"048006401",1,1,77,11,2017,nan
2019,"048008701",1,2,67,2,2014,nan
2019,"048215101",1,2,57,10,2017,nan
2019,"048215301",1,1,66,1,2015,nan
2019,"048408501",1,1,40,7,2016,nan
2019,"048409601",1,1,72,12,2017,nan
2019,"048501701",1,1,41,12,2014,nan
2019,"048601801",1,1,15,6,2014,nan
2019,"048903001",1,1,2,11,2018,nan
2019,"048904101",1,2,65,7,2014,nan
2019,"049100401",1,2,76,1,2016,nan
2019,"049205401",1,1,99,12,2018,nan
2019,"049205701",1,2,88,11,2014,nan
2019,"049401101",1,1,0,7,2017,nan
2019,"049604501",1,1,84,2,2018,nan
2019,"049800901",1,1,0,3,2018,nan
2019,"050006001",1,2,30,2,2016,4
2019,"050006301",1,1,25,12,2015,nan
2019,"050006701",1,1,98,12,2016,nan
2019,"050102601",1,2,64,2,2018,nan
2019,"050102901",1,1,32,1,2014,nan
2019,"050102901",2,2,88,9,2015,nan
2019,"050108301",1,2,84,3,2018,nan
2019,"050203301",1,1,85,2,2017,nan
2019,"050300401",1,1,51,10,2014,nan
2019,"050404601",1,1,77,5,2018,nan
2019,"050501001",1,1,52,4,2018,nan
2019,"050602801",1,1,69,8,2018,nan
2019,"050804201",1,2,34,4,2014,2
2019,"050900501",1,2,90,8,2014,nan
2019,"050901001",1,2,89,11,2017,nan
2019,"050901201",1,2,54,4,2017,nan
2019,"051201501",1,1,33,9,2016,nan
2019,"051204201",1,1,85,12,2018,nan
2019,"051400701",1,1,60,8,2015,nan
2019,"051400701",2,2,60,8,2016,nan
2019,"051403901",1,1,9,12,2014,nan
2019,"051409201",1,2,14,12,2016,4
2019,"051602801",1,1,82,10,2014,nan
2019,"051605601",1,2,93,11,2017,nan
2019,"051707001",1,2,56,1,2018,nan
2019,"051707601",1,1,78,3,2018,nan
2019,"051707701",1,2,1,4,2015,nan
2019,"051708401",1,2,90,6,2018,nan
2019,"051807301",1,1,50,10,2018,nan
2019,"052210901",1,1,90,4,2017,nan
2019,"052301901",1,2,67,11,2018,nan
2019,"052406801",1,1,42,11,2014,nan
2019,"052505701",1,2,95,2,2017,nan
2019,"052506301",1,2,98,11,2018,nan
2019,"052901801",1,1,65,12,2016,nan
2019,"052908801",1,2,76,5,2015,nan
2019,"052908801",2,1,48,5,2016,nan
2019,"053401001",1,2,98,2,2018,nan
2019,"053700301",1,2,74,10,2015,nan
2019,"053806001",1,2,23,2,2015,4
2019,"053911701",1,1,59,4,2015,nan
2019,"054009301",1,2,86,11,2018,nan
2019,"054114401",1,1,81,7,2018,nan
2019,"054207202",1,2,63,3,2015,nan
2019,"054311901",1,1,16,12,2014,nan
2019,"054608401",1,2,33,1,2019,4
2019,"054701801",1,2,68,10,2017,nan
2019,"054707401",1,2,89,1,2019,nan
2019,"054903701",1,1,36,10,2016,nan
2019,"054907701",1,1,0,7,2018,nan
2019,"055002901",1,2,90,7,2017,nan
2019,"055101501",1,2,94,1,2015,nan
2019,"055106201",1,1,31,4,2017,nan
2019,"055411801",1,2,25,5,2015,4
2019,"055504901",1,1,68,5,2017,nan
2019,"055506901",1,1,42,3,2015,nan
2019,"055601401",1,1,84,7,2018,nan
2019,"055601501",1,1,87,6,2018,nan
2019,"055709301",1,1,55,6,2015,nan
2019,"055711301",1,1,60,12,2017,nan
2019,"055715801",1,1,19,3,2015,nan
2019,"055803301",1,1,58,11,2017,nan
2019,"055813301",1,2,63,7,2018,nan
2019,"055907901",1,2,19,5,2017,4
2019,"056007901",1,1,50,1,2014,nan
2019,"056103401",1,1,64,12,2016,nan
2019,"056202501",1,2,86,8,2015,nan
2019,"056203801",1,1,11,6,2014,nan
2019,"056301201",1,1,73,2,2015,nan
2019,"056308701",1,1,66,11,2016,nan
2019,"056401901",1,2,78,2,2014,nan
2019,"056411601",1,2,63,9,2016,nan
2019,"056606901",1,1,63,2,2018,nan
2019,"056700101",1,2,15,8,2016,2
2019,"056903901",1,2,20,1,2017,4
2019,"057100801",1,1,1,10,2015,nan
2019,"057300101",1,1,68,11,2015,nan
2019,"057300301",1,1,82,12,2018,nan
2019,"057502301",1,2,76,4,2017,nan
2019,"057503601",1,2,41,10,2017,4
2019,"057603501",1,2,86,8,2016,nan
2019,"057603501",2,1,79,10,2016,nan
2019,"057704501",1,2,68,2,2018,nan
2019,"057805001",1,1,68,5,2017,nan
2019,"057807701",1,2,2,6,2014,nan
2019,"057908801",1,2,60,7,2016,nan
2019,"057911101",1,1,77,2,2019,nan
2019,"058008801",1,1,68,4,2016,nan
2019,"058103601",1,2,89,2,2016,nan
2019,"058608001",1,1,81,7,2018,nan
2019,"058710501",1,1,52,4,2015,nan
2019,"058713301",1,2,0,2,2019,nan
2019,"058801301",1,1,0,3,2019,nan
2019,"058803501",1,2,55,2,2016,nan
2019,"058806801",1,2,70,3,2014,nan
2019,"058807401",1,1,36,11,2018,nan
2019,"059002801",1,1,68,12,2017,nan
2019,"059005001",1,2,86,4,2017,nan
2019,"059005001",2,1,94,12,2018,nan
2019,"059013101",1,2,78,10,2014,nan
2019,"059300201",1,1,92,12,2015,nan
2019,"059313701",1,1,74,8,2014,nan
2019,"059512801",1,2,63,1,2017,nan
2019,"059610701",1,2,92,9,2016,nan
2019,"059610701",2,2,72,4,2019,nan
2019,"059708301",1,1,14,3,2014,nan
2019,"059808501",1,1,78,10,2017,nan
2019,"059811301",1,2,39,3,2018,4
2019,"059911001",1,2,102,5,2016,nan
2019,"060000201",1,2,70,10,2015,nan
2019,"060005801",1,2,30,4,2014,4
2019,"060009701",1,2,68,2,2018,nan
2019,"060202801",1,2,84,5,2014,nan
2019,"060206901",1,2,60,4,2016,nan
2019,"060301001",1,1,62,7,2016,nan
2019,"060301001",2,2,67,11,2017,nan
2019,"060413801",1,1,75,12,2017,nan
2019,"060414001",1,2,14,5,2018,4
2019,"060502201",1,1,76,10,2016,nan
2019,"060503601",1,1,38,11,2018,nan
2019,"060702701",1,1,1,12,2015,nan
2019,"060702701",2,2,0,3,2019,nan
2019,"060713101",1,1,16,2,2014,nan
2019,"060815201",1,1,74,1,2015,nan
2019,"060816901",1,1,16,5,2019,nan
2019,"060912201",1,2,74,1,2018,nan
2019,"061005801",1,1,63,2,2016,nan
2019,"061201701",1,1,93,2,2018,nan
2019,"061203601",1,2,63,4,2015,nan
2019,"061204301",1,1,58,5,2018,nan
2019,"061209002",1,1,0,9,2014,nan
2019,"061209002",2,1,0,3,2018,nan
2019,"061213701",1,1,78,2,2015,nan
2019,"061311201",1,1,59,3,2018,nan
2019,"061414701",1,2,88,2,2014,nan
2019,"061500401",1,1,74,1,2014,nan
2019,"061901101",1,1,0,4,2019,nan
2019,"061906701",1,1,74,7,2017,nan
2019,"062107601",1,1,68,3,2019,nan
2019,"062213601",1,2,78,1,2016,nan
2019,"062611001",1,2,96,6,2015,nan
2019,"062707001",1,1,78,8,2017,nan
2019,"062708501",1,1,0,2,2017,nan
2019,"062805301",1,1,80,3,2015,nan
2019,"062908601",1,2,64,4,2018,nan
2019,"063006501",1,1,78,12,2017,nan
2019,"063205501",1,1,0,6,2014,nan
2019,"063205501",2,1,64,3,2016,nan
2019,"063905001",1,1,90,10,2014,nan
2019,"063908701",1,1,59,10,2018,nan
2019,"064000301",1,2,86,3,2014,nan
2019,"064202301",1,2,83,4,2017,nan
2019,"064401901",1,2,93,4,2016,nan
2019,"064412801",1,2,58,8,2015,nan
2019,"064500901",1,1,87,7,2018,nan
2019,"064708601",1,2,74,12,2017,nan
2019,"064811801",1,2,65,6,2017,nan
2019,"065216001",1,1,28,9,2015,nan
2019,"065410301",1,2,79,10,2017,nan
2019,"065501201",1,1,12,5,2016,nan
2019,"065501801",1,2,55,1,2018,nan
2019,"065507801",1,2,42,3,2016,4
2019,"065801701",1,2,77,6,2018,nan
2019,"065916301",1,2,65,1,2014,nan
2019,"066114001",1,2,82,4,2017,nan
2019,"066203501",1,1,56,1,2015,nan
2019,"066301801",1,1,75,8,2015,nan
2019,"066610501",1,2,1,9,2014,nan
2019,"066616601",1,2,10,12,2015,nan
2019,"066812601",1,1,67,12,2018,nan
2019,"067005801",1,2,80,6,2018,nan
2019,"067100101",1,1,75,8,2016,nan
2019,"067100601",1,2,94,10,2014,nan
2019,"067206601",1,1,70,7,2014,nan
2019,"067407101",1,1,80,11,2015,nan
2019,"067710901",1,1,78,9,2017,nan
2019,"067711801",1,1,29,3,2015,nan
2019,"067814901",1,1,60,8,2017,nan
2019,"067908501",1,1,96,2,2014,nan
2019,"068311001",1,2,95,5,2016,nan
2019,"068500101",1,1,16,12,2014,nan
2019,"068501801",1,2,86,9,2014,nan
2019,"068604401",1,2,80,2,2015,nan
2019,"068604401",2,1,82,2,2016,nan
2019,"068605401",1,2,45,12,2018,4
2019,"068605901",1,1,69,3,2014,nan
2019,"068608301",1,2,85,5,2019,nan
2019,"068904601",1,2,27,4,2017,2
2019,"068904701",1,1,72,6,2015,nan
2019,"069000401",1,2,56,5,2015,nan
2019,"069106701",1,1,62,12,2015,nan
2019,"069210301",1,2,100,1,2019,nan
2019,"069309201",1,1,82,6,2016,nan
2019,"069314701",1,1,17,11,2018,nan
2019,"069503101",1,2,45,12,2014,4
2019,"069508201",1,2,96,10,2016,nan
2019,"069814601",1,1,79,2,2018,nan
2019,"069900801",1,1,79,5,2019,nan
2019,"070005901",1,1,60,11,2017,nan
2019,"070414601",1,1,88,2,2019,nan
2019,"070414701",1,2,94,10,2018,nan
2019,"070509201",1,1,78,12,2018,nan
2019,"070709401",1,2,25,3,2014,4
2019,"070902701",1,2,57,6,2015,nan
2019,"071201301",1,2,75,11,2017,nan
2019,"071216501",1,2,64,8,2015,nan
2019,"071217101",1,2,60,5,2016,nan
2019,"071303501",1,2,71,4,2016,nan
2019,"071404001",1,2,8,4,2014,nan
2019,"071614001",1,1,65,8,2015,nan
2019,"071804601",1,2,68,5,2018,nan
2019,"071905301",1,1,98,6,2016,nan
2019,"071910801",1,2,86,4,2019,nan
2019,"072112901",1,1,79,7,2017,nan
2019,"072304401",1,2,63,2,2015,nan
2019,"072406601",1,1,74,7,2016,nan
2019,"072406601",2,2,73,12,2018,nan
2019,"072418801",1,1,81,6,2015,nan
2019,"072619301",1,2,3,3,2016,nan
2019,"072713201",1,2,91,4,2015,nan
2019,"072802801",1,1,80,4,2017,nan
2019,"072802801",2,2,0,10,2018,nan
2019,"072806701",1,2,25,7,2014,4
2019,"072907901",1,1,52,1,2015,nan
2019,"073011501",1,1,62,8,2015,nan
2019,"073107501",1,1,72,6,2014,nan
2019,"073203401",1,1,35,8,2018,nan
2019,"073208101",1,1,96,12,2018,nan
2019,"073208901",1,1,23,4,2014,nan
2019,"073208902",1,1,1,8,2016,nan
2019,"073208902",2,1,0,9,2018,nan
2019,"073216501",1,1,60,12,2015,nan
2019,"073410501",1,2,79,3,2018,nan
2019,"073712301",1,1,95,9,2015,nan
2019,"073805701",1,2,66,4,2017,nan
2019,"073808701",1,1,82,11,2018,nan
2019,"074307201",1,1,89,4,2016,nan
2019,"074609801",1,1,58,1,2014,nan
2019,"074708001",1,2,67,12,2014,nan
2019,"075209901",1,2,74,11,2015,nan
2019,"075306501",1,2,76,9,2014,nan
2019,"075306701",1,2,85,2,2014,nan
2019,"075613701",1,2,36,5,2017,4
2019,"075613801",1,2,75,5,2014,nan
2019,"075700101",1,2,90,11,2015,nan
2019,"075705301",1,1,68,2,2017,nan
2019,"075705401",1,2,70,11,2015,nan
2019,"075804101",1,2,65,8,2018,nan
2019,"075805601",1,2,84,6,2016,nan
2019,"076002501",1,1,83,7,2017,nan
2019,"076002701",1,2,35,3,2019,4
2019,"076310301",1,2,87,6,2017,nan
2019,"076315301",1,2,60,5,2018,nan
2019,"076513301",1,2,62,8,2016,nan
2019,"076608601",1,2,76,10,2017,nan
2019,"076906001",1,1,78,10,2018,nan
2019,"077212801",1,2,65,3,2017,nan
2019,"077402201",1,1,57,10,2018,nan
2019,"077405701",1,1,55,3,2017,nan
2019,"077409001",1,1,86,6,2018,nan
2019,"077602601",1,1,73,11,2014,nan
2019,"077908401",1,1,93,12,2017,nan
2019,"078125501",1,1,66,2,2017,nan
2019,"078304002",1,1,47,3,2016,nan
2019,"078304601",1,1,96,1,2017,nan
2019,"078813201",1,2,96,1,2017,nan
2019,"078902601",1,2,61,6,2017,nan
2019,"078906001",1,2,66,9,2014,nan
2019,"079002101",1,1,85,1,2017,nan
2019,"079110401",1,1,0,1,2015,nan
2019,"079215101",1,2,80,7,2016,nan
2019,"079517001",1,2,53,8,2016,nan
2019,"079709301",1,1,19,7,2017,nan
2019,"079805201",1,2,52,3,2014,nan
2019,"080000201",1,2,61,4,2016,nan
2019,"080311401",1,1,57,8,2014,nan
2019,"080508001",1,1,50,11,2018,nan
2019,"080612401",1,1,72,3,2018,nan
2019,"080613701",1,2,47,6,2014,4
2019,"080800801",1,1,96,2,2014,nan
2019,"080905601",1,2,66,8,2017,nan
2019,"081113701",1,2,66,6,2015,nan
2019,"081401101",1,2,46,12,2015,4
2019,"081401301",1,2,87,10,2018,nan
2019,"081601101",1,2,72,12,2014,nan
2019,"081702301",1,1,1,7,2018,nan
2019,"082503301",1,1,56,10,2017,nan
2019,"082711701",1,2,59,8,2014,nan
2019,"082920901",1,1,67,1,2017,nan
2019,"083012501",1,2,19,2,2014,4
2019,"083406501",1,2,95,6,2017,nan
2019,"083700201",1,2,85,7,2016,nan
2019,"083702901",1,1,81,5,2018,nan
2019,"083908301",1,2,84,1,2019,nan
2019,"084213101",1,1,67,11,2016,nan
2019,"084403401",1,2,59,4,2018,nan
2019,"084406801",1,2,78,4,2017,nan
2019,"084505101",1,1,83,8,2015,nan
2019,"085012301",1,1,60,3,2014,nan
2019,"085202501",1,1,92,12,2016,nan
2019,"085304201",1,1,74,3,2014,nan
2019,"085614502",1,1,35,3,2014,nan
2019,"085801901",1,1,75,3,2016,nan
2019,"085801901",2,2,75,5,2017,nan
2019,"086104901",1,1,77,11,2016,nan
2019,"086306701",1,1,76,4,2018,nan
2019,"086412901",1,2,33,10,2016,4
2019,"087200501",1,2,85,2,2016,nan
2019,"087209201",1,1,91,10,2017,nan
2019,"087511601",1,2,50,12,2015,nan
2019,"087601001",1,1,67,1,2018,nan
2019,"087616401",1,1,67,9,2015,nan
2019,"087707601",1,2,53,8,2016,nan
2019,"087801001",1,2,71,1,2018,nan
2019,"088114901",1,1,76,5,2015,nan
2019,"088115801",1,2,53,10,2016,nan
2019,"088214101",1,2,43,1,2017,4
2019,"088311201",1,1,83,1,2016,nan
2019,"088311202",1,1,86,1,2016,nan
2019,"088706301",1,2,78,5,2018,nan
2019,"088709701",1,1,70,7,2017,nan
2019,"088812601",1,1,86,1,2017,nan
2019,"088908101",1,1,81,2,2019,nan
2019,"089303801",1,2,79,7,2017,nan
2019,"089506901",1,2,3,1,2014,nan
2019,"089610301",1,1,92,1,2018,nan
2019,"089807901",1,1,90,6,2014,nan
2019,"090001901",1,2,87,6,2018,nan
2019,"090009101",1,2,72,8,2014,nan
2019,"090509601",1,2,8,1,2017,nan
2019,"090602301",1,1,97,7,2017,nan
2019,"090608101",1,2,58,9,2015,nan
2019,"090807501",1,2,67,6,2014,nan
2019,"091010801",1,2,92,12,2018,nan
2019,"091103201",1,1,0,4,2018,nan
2019,"091112501",1,1,62,3,2017,nan
2019,"091502301",1,1,69,2,2018,nan
2019,"091514101",1,2,82,6,2018,nan
2019,"091607601",1,1,68,12,2017,nan
2019,"091607601",2,1,47,12,2017,nan
2019,"091709201",1,1,2,1,2014,nan
2019,"091709201",2,2,33,6,2016,4
2019,"091800901",1,1,85,4,2015,nan
2019,"091805101",1,1,75,3,2017,nan
2019,"092110301",1,1,81,12,2018,nan
2019,"092509701",1,2,47,6,2017,4
2019,"092709101",1,1,89,4,2017,nan
2019,"093210901",1,2,33,7,2016,4
2019,"093307701",1,1,79,6,2018,nan
2019,"093409101",1,1,87,1,2016,nan
2019,"093504301",1,1,50,12,2016,nan
2019,"093609901",1,1,67,6,2017,nan
2019,"093615901",1,2,74,6,2018,nan
2019,"093812401",1,1,74,5,2016,nan
2019,"093902901",1,2,76,4,2015,nan
2019,"094204501",1,1,67,6,2015,nan
2019,"094506401",1,2,54,8,2018,nan
2019,"094506404",1,2,53,8,2018,nan
2019,"094800501",1,2,83,8,2015,nan
2019,"094809801",1,1,72,10,2018,nan
2019,"094916001",1,2,67,6,2015,nan
2019,"094916001",2,1,51,12,2015,nan
2019,"095106301",1,1,72,6,2016,nan
2019,"095202601",1,1,74,7,2017,nan
2019,"095210701",1,2,66,10,2014,nan
2019,"095400201",1,1,66,5,2016,nan
2019,"096005701",1,1,2,2,2018,nan
2019,"096112101",1,2,87,8,2018,nan
2019,"096408601",1,2,82,10,2014,nan
2019,"096408601",2,1,91,12,2016,nan
2019,"096408701",1,1,90,12,2017,nan
2019,"096408701",2,2,85,12,2017,nan
2019,"096505501",1,1,84,5,2018,nan
2019,"096603301",1,2,0,11,2014,nan
2019,"096700501",1,1,97,5,2018,nan
2019,"096703701",1,2,83,12,2017,nan
2019,"096703901",1,1,39,2,2017,nan
2019,"097309601",1,1,56,3,2017,nan
2019,"097309601",2,2,53,2,2018,nan
2019,"097511501",1,1,74,3,2017,nan
2019,"097515001",1,2,75,2,2017,nan
2019,"097703701",1,2,102,7,2018,nan
2019,"097813301",1,1,65,8,2015,nan
2019,"097813301",2,2,92,8,2017,nan
2019,"098302301",1,2,38,4,2018,3
2019,"098605101",1,1,92,6,2016,nan
2019,"098611901",1,2,60,12,2016,nan
2019,"098612801",1,1,51,9,2015,nan
2019,"098801401",1,2,75,6,2015,nan
2019,"098906301",1,2,93,8,2016,nan
2019,"098906301",2,1,97,8,2017,nan
2019,"098906801",1,1,89,10,2017,nan
2019,"098907301",1,1,50,8,2015,nan
2019,"099006801",1,2,83,7,2016,nan
2019,"099100601",1,2,47,1,2018,4
2019,"099102501",1,1,68,9,2015,nan
2019,"099502401",1,2,47,6,2018,4
2019,"099505801",1,2,78,6,2017,nan
2019,"099604301",1,1,54,2,2017,nan
2019,"099612601",1,1,0,11,2015,nan
2019,"099712301",1,1,78,9,2017,nan
2019,"099912801",1,2,75,7,2018,nan
2019,"100008601",1,2,38,4,2018,1
2019,"100311501",1,2,84,10,2018,nan
2019,"100507301",1,2,89,7,2017,nan
2019,"100511101",1,2,76,12,2017,nan
2019,"100625701",1,2,70,5,2014,nan
2019,"101004001",1,1,87,8,2018,nan
2019,"101307201",1,2,74,9,2016,nan
2019,"101516201",1,2,69,6,2014,nan
2019,"101908101",1,1,84,7,2016,nan
2019,"102003101",1,1,96,5,2019,nan
2019,"102005001",1,1,80,11,2018,nan
2019,"102008001",1,2,65,2,2016,nan
2019,"102307201",1,1,65,4,2019,nan
2019,"102307601",1,1,31,4,2018,nan
2019,"102312901",1,1,51,10,2018,nan
2019,"102501801",1,2,74,8,2016,nan
2019,"102509501",1,2,61,3,2015,nan
2019,"102611001",1,1,87,8,2017,nan
2019,"102700801",1,1,53,7,2016,nan
2019,"102905301",1,2,72,6,2019,nan
2019,"102907001",1,1,43,5,2014,nan
2019,"103007601",1,2,95,11,2014,nan
2019,"103007901",1,1,64,2,2014,nan
2019,"103202101",1,2,63,4,2018,nan
2019,"103204501",1,2,35,11,2016,4
2019,"103507001",1,1,79,5,2014,nan
2019,"103603401",1,1,89,3,2019,nan
2019,"103801401",1,2,85,5,2014,nan
2019,"103902801",1,1,38,12,2016,nan
2019,"104101301",1,1,35,6,2016,nan
2019,"104108201",1,2,96,7,2017,nan
2019,"104108401",1,2,98,8,2016,nan
2019,"104108501",1,2,97,7,2015,nan
2019,"104302801",1,2,79,8,2017,nan
2019,"104419901",1,1,70,8,2015,nan
2019,"104511301",1,1,68,10,2015,nan
2019,"104614301",1,2,33,7,2016,4
2019,"104705301",1,1,85,1,2014,nan
2019,"104712701",1,1,44,1,2019,nan
2019,"104915301",1,1,89,1,2016,nan
2019,"105100401",1,2,64,5,2016,nan
2019,"105105601",1,1,63,2,2019,nan
2019,"105106201",1,1,65,2,2019,nan
2019,"105202101",1,1,68,11,2015,nan
2019,"105212101",1,1,36,11,2017,nan
2019,"105214301",1,1,78,11,2016,nan
2019,"105214301",2,1,54,4,2018,nan
2019,"105406101",1,1,64,5,2018,nan
2019,"105606901",1,1,79,10,2014,nan
2019,"105707201",1,1,79,7,2014,nan
2019,"105715001",1,1,58,2,2019,nan
2019,"106204301",1,1,75,1,2016,nan
2019,"106610901",1,2,78,11,2018,nan
2019,"106707001",1,2,23,4,2019,4
2019,"106913001",1,2,79,1,2018,nan
2019,"106915801",1,1,36,1,2015,nan
2019,"107005301",1,1,80,6,2015,nan
2019,"107100501",1,2,26,6,2015,4
2019,"107211301",1,2,43,8,2018,4
2019,"107308001",1,2,78,5,2019,nan
2019,"107312201",1,1,1,6,2015,nan
2019,"107408301",1,1,98,5,2015,nan
2019,"107506301",1,2,31,4,2018,4
2019,"107513801",1,1,45,11,2016,nan
2019,"107605601",1,1,9,7,2015,nan
2019,"107706801",1,1,87,7,2018,nan
2019,"107707001",1,1,22,6,2014,nan
2019,"107707601",1,2,89,2,2015,nan
2019,"107800601",1,2,21,6,2015,4
2019,"107801201",1,1,75,1,2018,nan
2019,"107801201",2,1,85,12,2018,nan
2019,"107805901",1,2,69,8,2018,nan
2019,"107906701",1,2,38,5,2018,4
2019,"108204101",1,1,0,5,2014,nan
2019,"108204101",2,2,0,5,2014,nan
2019,"108204501",1,1,65,12,2017,nan
2019,"108205501",1,1,54,10,2018,nan
2019,"108403601",1,2,54,12,2017,nan
2019,"108406501",1,1,80,7,2018,nan
2019,"108602501",1,1,0,2,2019,nan
2019,"108608501",1,1,49,7,2014,nan
2019,"108712101",1,2,33,6,2015,4
2019,"108712201",1,1,63,1,2017,nan
2019,"108801801",1,1,65,10,2016,nan
2019,"108804901",1,1,78,1,2017,nan
2019,"108804901",2,2,38,7,2018,4
2019,"108901201",1,1,17,12,2017,nan
2019,"109002501",1,2,2,9,2014,nan
2019,"109002701",1,1,78,6,2015,nan
2019,"109100101",1,2,76,11,2018,nan
2019,"109511201",1,2,58,11,2018,nan
2019,"109511901",1,1,78,6,2016,nan
2019,"109530201",1,2,1,2,2019,nan
2019,"109610201",1,1,99,8,2016,nan
2019,"109704301",1,2,82,5,2014,nan
2019,"109704701",1,1,88,12,2016,nan
2019,"109800901",1,1,25,12,2018,nan
2019,"109904801",1,1,85,8,2018,nan
2019,"109904901",1,1,91,8,2018,nan
2019,"109907801",1,2,0,5,2014,nan
2019,"110107901",1,1,77,12,2015,nan
2019,"110506001",1,2,15,7,2014,4
2019,"110614901",1,1,75,2,2014,nan
2019,"110618501",1,2,65,8,2017,nan
2019,"110710601",1,1,72,4,2014,nan
2019,"111201601",1,1,0,2,2015,nan
2019,"111303601",1,2,49,1,2018,4
2019,"111504601",1,1,16,12,2017,nan
2019,"111601401",1,1,32,3,2015,nan
2019,"111702001",1,2,59,8,2015,nan
2019,"111704101",1,1,73,1,2019,nan
2019,"111704601",1,1,50,12,2016,nan
2019,"111902701",1,1,71,12,2018,nan
2019,"112206001",1,2,65,8,2016,nan
2019,"112502301",1,1,84,8,2017,nan
2019,"112709101",1,2,55,4,2014,nan
2019,"112909301",1,1,40,6,2019,nan
2019,"113110801",1,1,56,1,2017,nan
2019,"113207801",1,1,55,11,2014,nan
2019,"113209801",1,1,52,4,2014,nan
2019,"113410001",1,1,55,8,2017,nan
2019,"114105101",1,1,16,2,2014,nan
2019,"114214601",1,2,36,8,2017,4
2019,"114309201",1,1,23,5,2014,nan
2019,"114410301",1,1,89,7,2015,nan
2019,"114603901",1,2,37,1,2014,4
2019,"114702201",1,2,0,8,2015,nan
2019,"114907101",1,2,88,6,2017,nan
2019,"114907201",1,2,99,6,2017,nan
2019,"115105601",1,1,76,8,2018,nan
2019,"115107801",1,1,23,4,2018,nan
2019,"115107901",1,2,71,1,2014,nan
2019,"115605901",1,1,47,7,2018,nan
2019,"115710801",1,1,0,2,2018,nan
2019,"115801701",1,1,53,3,2014,nan
2019,"115903501",1,1,19,4,2014,nan
2019,"115903501",2,1,64,1,2015,nan
2019,"116309001",1,1,77,1,2017,nan
2019,"116404001",1,2,67,3,2017,nan
2019,"116614701",1,2,79,8,2017,nan
2019,"116804701",1,2,73,7,2018,nan
2019,"116902801",1,2,27,1,2017,4
2019,"117104201",1,1,84,7,2015,nan
2019,"117104201",2,2,86,12,2017,nan
2019,"118005701",1,1,66,10,2016,nan
2019,"118508001",1,2,73,11,2014,nan
2019,"119006701",1,2,16,11,2014,4
2019,"119204401",1,2,68,4,2017,nan
2019,"119207101",1,2,94,7,2017,nan
2019,"119705501",1,2,59,9,2015,nan
2019,"119708301",1,2,98,12,2016,nan
2019,"119804201",1,1,73,12,2014,nan
2019,"120111901",1,1,76,1,2019,nan
2019,"120209801",1,2,85,5,2014,nan
2019,"120405001",1,2,64,6,2015,nan
2019,"120603201",1,1,40,5,2018,nan
2019,"120805601",1,2,73,1,2014,nan
2019,"120903601",1,2,85,7,2018,nan
2019,"120909601",1,2,67,7,2017,nan
2019,"121100101",1,2,90,1,2019,nan
2019,"121200101",1,2,85,7,2014,nan
2019,"121301301",1,1,23,12,2015,nan
2019,"121403201",1,1,22,12,2017,nan
2019,"121404401",1,1,88,5,2019,nan
2019,"121505701",1,2,85,4,2019,nan
2019,"121600501",1,1,80,7,2016,nan
2019,"122109401",1,1,0,6,2018,nan
2019,"122300601",1,1,73,4,2016,nan
2019,"122303701",1,1,62,6,2018,nan
2019,"122402201",1,1,85,4,2018,nan
2019,"122414101",1,1,66,9,2018,nan
2019,"122502201",1,1,0,9,2018,nan
2019,"122609701",1,1,28,7,2017,nan
2019,"122802601",1,2,63,11,2016,nan
2019,"122802601",2,1,89,1,2018,nan
2019,"122808601",1,1,77,4,2015,nan
2019,"122904301",1,1,56,10,2015,nan
2019,"123312001",1,2,67,7,2018,nan
2019,"123511901",1,2,0,7,2018,nan
2019,"123702301",1,2,79,12,2015,nan
2019,"123813401",1,2,55,12,2017,nan
2019,"124008301",1,1,54,10,2017,nan
2019,"124200801",1,1,70,12,2018,nan
2019,"124405801",1,2,99,2,2014,nan
2019,"124704201",1,1,34,5,2018,nan
2019,"124901201",1,1,23,11,2015,nan
2019,"124908201",1,2,96,3,2018,nan
2019,"124909801",1,1,84,5,2018,nan
2019,"125005101",1,1,18,8,2016,nan
2019,"125203501",1,2,52,7,2018,nan
2019,"125305301",1,1,72,3,2014,nan
2019,"125405401",1,1,69,12,2017,nan
2019,"125408201",1,1,22,6,2014,nan
2019,"125408501",1,2,66,10,2016,nan
2019,"125604301",1,1,62,7,2014,nan
2019,"125604301",2,2,58,5,2017,nan
2019,"125712801",1,1,19,8,2018,nan
2019,"125907601",1,1,0,11,2014,nan
2019,"126002701",1,2,98,2,2018,nan
2019,"126102901",1,1,62,7,2017,nan
2019,"126210201",1,2,90,3,2018,nan
2019,"126400501",1,2,86,10,2014,nan
2019,"126400801",1,1,75,4,2014,nan
2019,"126401401",1,1,23,3,2019,nan
2019,"126401501",1,2,95,3,2018,nan
2019,"126401901",1,2,110,3,2018,nan
2019,"126503201",1,2,82,4,2018,nan
2019,"126503401",1,2,82,10,2015,nan
2019,"126601101",1,1,19,10,2014,nan
2019,"126601301",1,2,23,7,2015,4
2019,"126806001",1,2,11,9,2018,nan
2019,"127000801",1,1,4,11,2017,nan
2019,"127007401",1,1,37,9,2018,nan
2019,"127009401",1,2,1,3,2014,nan
2019,"127105301",1,1,78,10,2017,nan
2019,"127203501",1,1,3,2,2019,nan
2019,"127207401",1,1,55,3,2014,nan
2019,"127306101",1,2,98,12,2018,nan
2019,"127306401",1,1,92,11,2017,nan
2019,"127409701",1,1,30,11,2018,nan
2019,"127500101",1,1,54,1,2017,nan
2019,"127813101",1,1,38,10,2014,nan
2019,"128013201",1,1,30,5,2015,nan
2019,"128013201",2,1,66,11,2018,nan
2019,"128112701",1,2,80,6,2016,nan
2019,"128112701",2,1,61,5,2018,nan
2019,"128311901",1,2,64,1,2018,nan
2019,"128312201",1,1,66,11,2017,nan
2019,"128506601",1,2,43,3,2014,4
2019,"128511801",1,2,92,12,2017,nan
2019,"128602501",1,2,55,3,2015,nan
2019,"128705501",1,1,69,3,2014,nan
2019,"128705601",1,2,2,3,2014,nan
2019,"128706701",1,1,78,11,2016,nan
2019,"129006401",1,1,51,9,2015,nan
2019,"129009001",1,1,65,12,2015,nan
2019,"129102001",1,1,58,7,2018,nan
2019,"129307601",1,2,81,4,2017,nan
2019,"129402601",1,1,90,2,2015,nan
2019,"129501001",1,1,22,8,2017,nan
2019,"129713301",1,1,73,11,2017,nan
2019,"130016101",1,2,50,7,2017,nan
2019,"130101601",1,1,90,11,2014,nan
2019,"130406401",1,2,77,4,2016,nan
2019,"130406501",1,2,97,10,2016,nan
2019,"130407701",1,2,98,2,2018,nan
2019,"130618801",1,1,73,5,2018,nan
2019,"130713301",1,2,81,9,2016,nan
2019,"130803701",1,1,51,8,2018,nan
2019,"131210701",1,1,66,10,2018,nan
2019,"131310901",1,1,59,6,2017,nan
2019,"131412001",1,1,67,11,2017,nan
2019,"131505701",1,2,64,10,2016,nan
2019,"132010701",1,1,72,2,2018,nan
2019,"132207001",1,1,51,10,2015,nan
2019,"132402001",1,2,62,8,2015,nan
2019,"132406701",1,2,76,2,2014,nan
2019,"132412501",1,2,82,5,2015,nan
2019,"132413901",1,1,60,4,2018,nan
2019,"132503501",1,2,9,10,2018,nan
2019,"132602501",1,1,40,9,2017,nan
2019,"132900101",1,1,29,5,2016,nan
2019,"132902201",1,1,27,9,2018,nan
2019,"132903701",1,1,33,2,2014,nan
2019,"132903701",2,1,89,2,2016,nan
2019,"133015601",1,2,94,5,2017,nan
2019,"133100701",1,2,85,11,2016,nan
2019,"133101601",1,1,46,1,2015,nan
2019,"133112201",1,1,65,5,2014,nan
2019,"133112201",2,1,30,3,2019,nan
2019,"133206701",1,1,90,8,2018,nan
2019,"133209501",1,2,72,3,2016,nan
2019,"133415201",1,1,90,3,2017,nan
2019,"133502901",1,1,63,7,2015,nan
2019,"133705901",1,2,30,2,2015,4
2019,"134307701",1,1,75,6,2017,nan
2019,"134509501",1,1,82,6,2018,nan
2019,"134800701",1,1,79,8,2018,nan
2019,"134901101",1,2,83,10,2018,nan
2019,"134907301",1,1,0,2,2016,nan
2019,"135003401",1,2,73,1,2017,nan
2019,"135003401",2,1,20,8,2018,nan
2019,"135302201",1,1,45,8,2018,nan
2019,"135406401",1,2,57,12,2016,nan
2019,"135407401",1,2,53,3,2016,nan
2019,"135604601",1,2,88,8,2018,nan
2019,"135611701",1,2,82,12,2017,nan
2019,"135612901",1,1,74,2,2016,nan
2019,"135812501",1,1,44,6,2017,nan
2019,"135902201",1,2,0,7,2016,nan
2019,"136105001",1,1,54,10,2015,nan
2019,"136105801",1,2,68,7,2015,nan
2019,"136200201",1,1,72,12,2018,nan
2019,"136601101",1,2,90,9,2016,nan
2019,"136604201",1,1,73,12,2017,nan
2019,"136606601",1,1,40,10,2018,nan
2019,"136606701",1,1,78,12,2014,nan
2019,"136700401",1,2,79,10,2014,nan
2019,"136704101",1,2,0,7,2018,nan
2019,"136704201",1,1,54,3,2019,nan
2019,"136704501",1,1,80,1,2019,nan
2019,"136805401",1,2,80,4,2015,nan
2019,"136805501",1,2,79,4,2016,nan
2019,"136904801",1,1,63,1,2018,nan
2019,"137101201",1,1,91,2,2018,nan
2019,"137101501",1,1,87,3,2019,nan
2019,"137104501",1,1,90,8,2018,nan
2019,"137109301",1,1,52,9,2015,nan
2019,"137204301",1,2,1,1,2018,nan
2019,"137301601",1,1,87,4,2017,nan
2019,"137303601",1,1,54,7,2015,nan
2019,"137500801",1,1,80,6,2016,nan
2019,"137501001",1,1,78,1,2016,nan
2019,"137701101",1,1,78,8,2018,nan
2019,"137800401",1,1,98,1,2017,nan
2019,"137800601",1,2,81,12,2015,nan
2019,"137801201",1,1,95,7,2015,nan
2019,"138002001",1,2,44,8,2016,4
2019,"138002701",1,1,42,8,2018,nan
2019,"138105901",1,1,52,7,2018,nan
2019,"138200401",1,1,30,7,2015,nan
2019,"138203901",1,1,77,8,2017,nan
2019,"138204001",1,1,77,8,2017,nan
2019,"138303101",1,1,16,1,2016,nan
2019,"138605801",1,2,86,9,2017,nan
2019,"138608801",1,1,18,12,2018,nan
2019,"138608801",2,2,51,3,2019,nan
2019,"138702501",1,2,82,6,2016,nan
2019,"138702701",1,1,76,4,2019,nan
2019,"139408001",1,1,45,6,2018,nan
2019,"139508301",1,1,78,8,2015,nan
2019,"139710201",1,1,64,5,2014,nan
2019,"139806701",1,2,60,10,2018,nan
2019,"140100301",1,1,64,7,2017,nan
2019,"140112401",1,1,22,6,2018,nan
2019,"140202301",1,1,71,9,2017,nan
2019,"140203001",1,2,48,1,2018,4
2019,"140205801",1,1,50,11,2014,nan
2019,"140319001",1,2,89,10,2014,nan
2019,"140506201",1,1,0,1,2018,nan
2019,"140803001",1,1,52,8,2018,nan
2019,"141103401",1,1,2,11,2014,nan
2019,"141112701",1,2,6,1,2018,nan
2019,"141216501",1,1,44,1,2017,nan
2019,"141413801",1,2,17,2,2017,4
2019,"141604801",1,2,86,9,2018,nan
2019,"141607201",1,1,85,10,2016,nan
2019,"141711201",1,1,77,12,2018,nan
2019,"141805501",1,1,13,9,2015,nan
2019,"141900501",1,2,86,9,2018,nan
2019,"141904401",1,1,89,8,2014,nan
2019,"142012501",1,2,67,5,2016,nan
2019,"142311801",1,1,12,12,2018,nan
2019,"142321401",1,1,32,8,2015,nan
2019,"142800701",1,2,89,6,2017,nan
2019,"142800801",1,1,49,3,2014,nan
2019,"142801801",1,2,90,6,2014,nan
2019,"142804101",1,1,23,1,2018,nan
2019,"142804101",2,2,39,1,2018,4
2019,"142904001",1,2,85,6,2018,nan
2019,"142904201",1,1,34,3,2018,nan
2019,"143208801",1,2,0,8,2015,nan
2019,"143301901",1,1,75,12,2018,nan
2019,"143402701",1,2,55,5,2014,nan
2019,"143403401",1,2,55,2,2019,nan
2019,"143600101",1,1,70,8,2018,nan
2019,"143601301",1,1,9,9,2016,nan
2019,"143702301",1,1,95,4,2017,nan
2019,"143800701",1,1,70,6,2017,nan
2019,"143803701",1,1,88,10,2018,nan
2019,"144001601",1,1,78,9,2014,nan
2019,"144012401",1,2,82,11,2014,nan
2019,"144012401",2,1,82,3,2017,nan
2019,"144013701",1,1,85,6,2015,nan
2019,"144014101",1,1,56,6,2018,nan
2019,"144014101",2,1,83,9,2018,nan
2019,"144015001",1,1,43,6,2016,nan
2019,"144104601",1,2,58,8,2018,nan
2019,"144405001",1,2,70,8,2014,nan
2019,"144407501",1,1,27,2,2014,nan
2019,"144504601",1,1,64,8,2018,nan
2019,"144703201",1,2,74,2,2017,nan
2019,"144903801",1,2,71,5,2017,nan
2019,"144908001",1,1,22,2,2018,nan
2019,"145204001",1,2,0,2,2018,nan
2019,"145210501",1,2,75,8,2014,nan
2019,"145210501",2,1,52,9,2015,nan
2019,"145210501",3,1,85,8,2016,nan
2019,"145902101",1,1,92,3,2019,nan
2019,"145905601",1,1,71,5,2017,nan
2019,"145907801",1,2,62,2,2018,nan
2019,"146106601",1,1,91,8,2016,nan
2019,"146107901",1,2,83,3,2014,nan
2019,"146202001",1,1,67,5,2018,nan
2019,"146211101",1,1,82,1,2015,nan
2019,"146414201",1,2,50,8,2016,nan
2019,"146606301",1,1,74,11,2014,nan
2019,"147118101",1,2,4,5,2018,nan
2019,"147409601",1,1,60,11,2017,nan
2019,"147700201",1,1,74,12,2017,nan
2019,"148201701",1,2,38,5,2018,4
2019,"148414101",1,1,65,12,2014,nan
2019,"148608601",1,1,65,7,2017,nan
2019,"148801401",1,2,84,6,2014,nan
2019,"149304501",1,1,83,12,2018,nan
2019,"149402001",1,2,35,5,2017,2
2019,"149402301",1,1,115,11,2016,nan
2019,"149405001",1,2,56,6,2014,nan
2019,"149607101",1,2,83,4,2019,nan
2019,"149700401",1,2,60,2,2014,nan
2019,"149807301",1,1,14,6,2015,nan
2019,"149901001",1,1,90,3,2016,nan
2019,"149903901",1,1,22,3,2018,nan
2019,"149905301",1,1,87,4,2014,nan
2019,"150107601",1,2,65,4,2018,nan
2019,"150201101",1,2,60,10,2015,nan
2019,"150207201",1,2,74,1,2019,nan
2019,"150209001",1,1,54,11,2017,nan
2019,"150501201",1,1,10,2,2014,nan
2019,"150605601",1,2,89,1,2018,nan
2019,"150712101",1,1,70,6,2014,nan
2019,"150801501",1,1,90,2,2016,nan
2019,"150801901",1,2,94,10,2018,nan
2019,"150803301",1,1,15,10,2018,nan
2019,"150811801",1,2,13,5,2017,4
2019,"150901101",1,1,72,4,2016,nan
2019,"151007701",1,2,71,12,2015,nan
2019,"151016001",1,1,78,8,2018,nan
2019,"151204601",1,2,51,1,2014,nan
2019,"151205401",1,1,77,4,2018,nan
2019,"151214501",1,1,72,2,2016,nan
2019,"151308001",1,2,19,12,2017,4
2019,"151411901",1,2,54,6,2018,nan
2019,"151500801",1,1,24,7,2014,nan
2019,"151711601",1,2,89,11,2016,nan
2019,"151717401",1,1,42,4,2017,nan
2019,"151720801",1,2,3,8,2014,nan
2019,"151802601",1,1,93,8,2017,nan
2019,"151909001",1,1,28,8,2014,nan
2019,"151909001",2,2,48,10,2014,4
2019,"152613001",1,1,36,8,2018,nan
2019,"152803801",1,1,21,3,2018,nan
2019,"153020701",1,1,90,3,2016,nan
2019,"153108501",1,2,84,3,2015,nan
2019,"153402501",1,2,103,8,2014,nan
2019,"153402701",1,2,80,8,2015,nan
2019,"153506901",1,1,92,11,2018,nan
2019,"153809101",1,1,75,7,2017,nan
2019,"153915601",1,2,68,4,2018,nan
2019,"154000901",1,1,73,2,2016,nan
2019,"154008401",1,1,23,3,2018,nan
2019,"154012701",1,1,69,12,2015,nan
2019,"154114601",1,1,79,10,2017,nan
2019,"154115201",1,1,75,6,2015,nan
2019,"154211201",1,2,70,1,2017,nan
2019,"154306801",1,2,70,3,2014,nan
2019,"154306801",2,1,82,1,2018,nan
2019,"154400201",1,1,82,4,2015,nan
2019,"154406701",1,1,42,3,2017,nan
2019,"154500101",1,2,30,9,2015,2
2019,"154905901",1,2,8,5,2018,nan
2019,"155105501",1,1,62,5,2017,nan
2019,"155111301",1,2,87,5,2014,nan
2019,"155114401",1,1,65,10,2017,nan
2019,"155209001",1,1,62,3,2015,nan
2019,"155209001",2,2,65,4,2017,nan
2019,"155210801",1,2,90,7,2018,nan
2019,"155411301",1,2,82,6,2014,nan
2019,"155512501",1,1,31,10,2015,nan
2019,"155512501",2,1,35,2,2017,nan
2019,"155809601",1,2,50,7,2014,nan
2019,"155908801",1,1,66,4,2015,nan
2019,"155911001",1,1,95,2,2016,nan
2019,"156110801",1,2,27,1,2014,4
2019,"156202501",1,1,87,5,2018,nan
2019,"156208201",1,2,97,2,2016,nan
2019,"156210001",1,2,50,7,2016,nan
2019,"156308301",1,1,42,1,2015,nan
2019,"156414001",1,1,73,4,2017,nan
2019,"156414101",1,1,77,12,2017,nan
2019,"156600701",1,2,17,2,2018,2
2019,"157005001",1,1,75,2,2019,nan
2019,"157413301",1,2,70,8,2018,nan
2019,"157605301",1,2,52,3,2014,nan
2019,"157801801",1,2,33,4,2014,4
2019,"157909801",1,1,79,12,2018,nan
2019,"157914601",1,1,75,11,2017,nan
2019,"158012501",1,2,82,11,2016,nan
2019,"158102201",1,2,80,6,2017,nan
2019,"158102401",1,2,84,10,2016,nan
2019,"158104201",1,2,80,5,2016,nan
2019,"158111101",1,2,94,2,2019,nan
2019,"158304701",1,1,76,10,2018,nan
2019,"158405401",1,2,58,3,2018,nan
2019,"158406301",1,2,85,7,2015,nan
2019,"158506601",1,2,33,7,2015,4
2019,"158602601",1,1,76,6,2017,nan
2019,"158603601",1,2,75,8,2018,nan
2019,"158703701",1,2,15,1,2014,4
2019,"158705801",1,1,6,2,2017,nan
2019,"158814001",1,2,0,3,2016,nan
2019,"158814001",2,2,42,9,2016,4
2019,"158814001",3,2,62,5,2017,nan
2019,"159101501",1,1,58,7,2018,nan
2019,"159205001",1,2,60,1,2016,nan
2019,"159208401",1,2,60,2,2014,nan
2019,"159311401",1,2,53,2,2019,nan
2019,"159312001",1,1,42,3,2016,nan
2019,"159313401",1,1,64,2,2018,nan
2019,"159904601",1,1,89,5,2017,nan
2019,"159907301",1,1,0,4,2016,nan
2019,"160003001",1,1,55,3,2016,nan
2019,"160307601",1,1,0,10,2018,nan
2019,"160602301",1,1,79,2,2019,nan
2019,"160610401",1,1,47,5,2014,nan
2019,"160702101",1,2,69,12,2014,nan
2019,"160815001",1,2,0,7,2014,nan
2019,"160913101",1,1,73,4,2019,nan
2019,"161009301",1,1,59,2,2019,nan
2019,"161205801",1,1,80,6,2017,nan
2019,"161212501",1,1,93,5,2016,nan
2019,"161601801",1,1,16,11,2014,nan
2019,"161603601",1,2,45,11,2017,4
2019,"161801001",1,2,66,11,2016,nan
2019,"161810601",1,1,15,2,2015,nan
2019,"161906201",1,2,42,11,2016,4
2019,"161906401",1,2,52,2,2016,nan
2019,"162102501",1,1,0,1,2019,nan
2019,"162102701",1,1,0,11,2018,nan
2019,"162215901",1,2,15,1,2015,4
2019,"162304901",1,1,72,1,2018,nan
2019,"162504901",1,1,70,3,2017,nan
2019,"162907101",1,2,90,6,2015,nan
2019,"163001901",1,1,52,6,2015,nan
2019,"163206501",1,1,80,11,2018,nan
2019,"163300401",1,2,74,3,2018,nan
2019,"163303601",1,2,70,1,2017,nan
2019,"163504301",1,2,64,10,2015,nan
2019,"163707201",1,1,31,6,2014,nan
2019,"163810201",1,1,78,5,2018,nan
2019,"163908801",1,1,84,3,2018,nan
2019,"164402401",1,1,35,12,2017,nan
2019,"164521101",1,2,11,5,2014,nan
2019,"164803801",1,1,85,2,2016,nan
2019,"165303201",1,2,87,9,2018,nan
2019,"165304501",1,1,55,12,2017,nan
2019,"165405201",1,1,0,11,2014,nan
2019,"165412801",1,1,75,2,2018,nan
2019,"165502801",1,2,83,6,2018,nan
2019,"165606001",1,2,0,3,2017,nan
2019,"165707001",1,1,100,8,2018,nan
2019,"165813901",1,2,18,3,2017,4
2019,"165908201",1,1,18,4,2016,nan
2019,"166002901",1,1,64,11,2014,nan
2019,"166202201",1,1,35,4,2016,nan
2019,"166300101",1,2,51,4,2016,nan
2019,"166301701",1,1,87,7,2017,nan
2019,"166305701",1,1,88,7,2019,nan
2019,"166500301",1,1,65,11,2015,nan
2019,"166503201",1,1,86,6,2015,nan
2019,"166600501",1,1,13,1,2018,nan
2019,"166601801",1,1,47,9,2018,nan
2019,"166804901",1,1,37,11,2016,nan
2019,"166804901",2,1,33,6,2018,nan
2019,"166904801",1,1,85,4,2019,nan
2019,"167003401",1,1,0,7,2017,nan
2019,"167309301",1,1,0,10,2015,nan
2019,"167401301",1,1,76,10,2018,nan
2019,"167401901",1,1,75,7,2014,nan
2019,"167402101",1,2,69,8,2017,nan
2019,"167501001",1,2,4,2,2017,nan
2019,"167702101",1,2,63,7,2016,nan
2019,"167702501",1,1,84,9,2015,nan
2019,"167811201",1,1,62,9,2016,nan
2019,"167900501",1,1,64,5,2018,nan
2019,"168003101",1,2,35,4,2019,2
2019,"168106101",1,1,65,8,2015,nan
2019,"168109901",1,2,82,6,2017,nan
2019,"168202501",1,2,96,4,2017,nan
2019,"168414301",1,2,58,5,2014,nan
2019,"168605901",1,2,86,12,2018,nan
2019,"168803901",1,1,86,4,2015,nan
2019,"168912801",1,2,66,5,2014,nan
2019,"169212701",1,2,0,8,2016,nan
2019,"169301201",1,1,15,9,2014,nan
2019,"169403201",1,1,21,5,2014,nan
2019,"169409001",1,2,47,3,2019,4
2019,"169509201",1,2,52,4,2015,nan
2019,"169906301",1,2,58,3,2019,nan
2019,"170105201",1,1,0,1,2015,nan
2019,"170304301",1,1,45,2,2017,nan
2019,"170500101",1,2,78,4,2015,nan
2019,"170610101",1,2,81,9,2017,nan
2019,"170712801",1,1,0,4,2019,nan
2019,"170804901",1,1,0,10,2014,nan
2019,"171010801",1,1,94,9,2018,nan
2019,"171200901",1,2,84,6,2016,nan
2019,"171303201",1,1,61,7,2016,nan
2019,"171412101",1,1,74,5,2016,nan
2019,"171412101",2,2,96,2,2018,nan
2019,"171507401",1,2,40,7,2017,4
2019,"171507601",1,2,82,5,2019,nan
2019,"171610701",1,1,50,6,2019,nan
2019,"171908801",1,1,92,8,2014,nan
2019,"171908801",2,2,82,2,2018,nan
2019,"171908901",1,2,15,10,2017,4
2019,"172004401",1,2,97,8,2015,nan
2019,"172201601",1,1,82,9,2016,nan
2019,"172201801",1,1,24,6,2018,nan
2019,"172201801",2,1,17,6,2018,nan
2019,"172207201",1,2,72,5,2018,nan
2019,"172302701",1,2,55,6,2019,nan
2019,"172402501",1,1,56,9,2015,nan
2019,"172410601",1,1,48,1,2018,nan
2019,"172501801",1,2,70,1,2019,nan
2019,"172600601",1,1,95,3,2014,nan
2019,"172600701",1,1,38,2,2015,nan
2019,"172600801",1,2,93,1,2016,nan
2019,"172804102",1,2,78,8,2016,nan
2019,"172816001",1,1,86,11,2017,nan
2019,"172906901",1,2,95,5,2018,nan
2019,"172907201",1,2,84,3,2016,nan
2019,"172907301",1,2,43,11,2018,4
2019,"173203101",1,2,56,10,2018,nan
2019,"173206301",1,2,80,1,2017,nan
2019,"173304201",1,2,94,11,2018,nan
2019,"173309301",1,1,51,6,2018,nan
2019,"173400901",1,2,88,5,2018,nan
2019,"173405501",1,2,99,5,2019,nan
2019,"173500301",1,1,47,5,2017,nan
2019,"173506301",1,1,78,11,2014,nan
2019,"173601201",1,2,95,3,2017,nan
2019,"173601401",1,1,64,12,2015,nan
2019,"173602801",1,1,95,7,2015,nan
2019,"173702101",1,2,94,10,2017,nan
2019,"173702901",1,2,87,7,2016,nan
2019,"173801701",1,2,45,6,2016,4
2019,"173806201",1,2,98,5,2019,nan
2019,"174004301",1,1,98,1,2015,nan
2019,"174113001",1,1,100,6,2018,nan
2019,"174418301",1,1,84,6,2018,nan
2019,"174609001",1,1,96,5,2015,nan
2019,"174804101",1,2,0,12,2014,nan
2019,"174903501",1,1,69,11,2018,nan
2019,"175016701",1,1,74,5,2016,nan
2019,"175019201",1,2,93,7,2016,nan
2019,"175903201",1,1,89,2,2017,nan
2019,"175903201",2,2,77,7,2019,nan
2019,"176001901",1,2,24,10,2015,4
2019,"176004001",1,2,95,8,2015,nan
2019,"176406301",1,1,53,7,2015,nan
2019,"176406401",1,1,56,6,2015,nan
2019,"176406601",1,2,67,1,2019,nan
2019,"176417701",1,2,33,4,2019,4
2019,"176600901",1,1,78,6,2016,nan
2019,"176800801",1,1,82,6,2016,nan
2019,"177006501",1,2,76,9,2018,nan
2019,"177107801",1,1,82,8,2019,nan
2019,"177500701",1,1,16,8,2015,nan
2019,"177600801",1,1,80,6,2018,nan
2019,"177612501",1,2,79,10,2019,nan
2019,"177702301",1,1,22,5,2018,nan
2019,"178001501",1,1,65,1,2016,nan
2019,"178005601",1,1,80,6,2017,nan
2019,"178216301",1,2,70,11,2014,nan
2019,"178700201",1,2,18,5,2019,4
2019,"178701801",1,1,46,8,2019,nan
2019,"179006901",1,1,65,11,2018,nan
2019,"179101801",1,1,16,1,2016,nan
2019,"179103001",1,2,60,12,2017,nan
2019,"179206801",1,1,78,7,2016,nan
2019,"179306701",1,2,64,1,2017,nan
2019,"179402201",1,1,34,8,2017,nan
2019,"179701701",1,1,58,2,2017,nan
2019,"179802801",1,2,74,9,2017,nan
2019,"179906001",1,1,65,1,2019,nan
2019,"180303201",1,2,88,2,2019,nan
2019,"180511501",1,1,0,2,2019,nan
2019,"180511502",1,1,0,2,2019,nan
2019,"180706001",1,1,76,12,2018,nan
2019,"180810801",1,1,43,8,2016,nan
2019,"181001401",1,1,62,1,2019,nan
2019,"181003202",1,1,86,10,2015,nan
2019,"181003202",2,2,88,1,2016,nan
2019,"181009701",1,2,100,11,2018,nan
2019,"181214501",1,1,103,10,2019,nan
2019,"181705901",1,1,79,4,2014,nan
2019,"181812701",1,2,65,6,2016,nan
2019,"181903801",1,1,82,9,2016,nan
2019,"182105001",1,2,94,3,2016,nan
2019,"182200801",1,1,24,1,2014,nan
2019,"182210501",1,2,92,9,2018,nan
2019,"182614401",1,2,78,9,2014,nan
2019,"182809001",1,2,69,3,2019,nan
2019,"182809101",1,2,46,12,2018,4
2019,"182812101",1,1,71,1,2019,nan
2019,"183001401",1,1,2,8,2014,nan
2019,"183308601",1,2,54,4,2016,nan
2019,"183500401",1,1,67,11,2018,nan
2019,"183500401",2,2,96,7,2019,nan
2019,"183612401",1,1,70,7,2014,nan
2019,"183700801",1,2,62,10,2016,nan
2019,"184101701",1,2,14,10,2019,4
2019,"184308901",1,1,81,5,2018,nan
2019,"184606701",1,1,99,1,2018,nan
2019,"184611401",1,1,85,9,2014,nan
2019,"184801801",1,1,78,7,2016,nan
2019,"184808101",1,1,90,8,2019,nan
2019,"184808201",1,1,83,10,2017,nan
2019,"184900701",1,2,38,9,2018,4
2019,"184907201",1,2,67,12,2017,nan
2019,"185215101",1,1,39,8,2019,nan
2019,"185306901",1,2,54,10,2018,nan
2019,"185407301",1,1,67,8,2019,nan
2019,"185504601",1,2,77,9,2015,nan
2019,"185700401",1,1,72,6,2014,nan
2019,"185802501",1,1,35,8,2019,nan
2019,"186013401",1,2,78,11,2014,nan
2019,"186104901",1,1,80,4,2016,nan
2019,"186105701",1,1,15,8,2016,nan
2019,"186304601",1,1,54,12,2015,nan
2019,"186304601",2,2,89,12,2017,nan
2019,"186401601",1,1,88,6,2015,nan
2019,"186401601",2,2,89,3,2016,nan
2019,"186402101",1,2,60,9,2018,nan
2019,"186402601",1,2,83,9,2019,nan
2019,"186507701",1,2,58,2,2019,nan
2019,"186606801",1,1,69,11,2018,nan
2019,"186607701",1,1,5,11,2014,nan
2019,"186608401",1,1,82,10,2019,nan
2019,"187000301",1,1,75,12,2018,nan
2019,"187212401",1,1,65,2,2016,nan
2019,"187303301",1,2,88,7,2018,nan
2019,"187502601",1,2,83,10,2016,nan
2019,"187510001",1,1,63,1,2016,nan
2019,"187510901",1,1,71,1,2017,nan
2019,"187601701",1,2,45,8,2017,4
2019,"187904701",1,1,82,10,2014,nan
2019,"188205801",1,1,28,9,2017,nan
2019,"188300301",1,1,23,1,2015,nan
2019,"188300301",2,1,2,1,2015,nan
2019,"188402801",1,1,72,3,2014,nan
2019,"188404801",1,2,67,2,2014,nan
2019,"188405601",1,1,73,7,2016,nan
2019,"188405601",2,1,82,4,2017,nan
2019,"188600301",1,2,85,1,2018,nan
2019,"188802201",1,2,33,12,2016,4
2019,"188900301",1,2,89,5,2014,nan
2019,"188900301",2,1,84,5,2015,nan
2019,"188903101",1,1,40,11,2019,nan
2019,"189009901",1,2,22,11,2015,4
2019,"189202601",1,1,64,3,2017,nan
2019,"189404101",1,1,90,12,2018,nan
2019,"189501601",1,2,0,4,2018,nan
2019,"189700301",1,2,65,12,2015,nan
2019,"189900601",1,1,38,11,2015,nan
2019,"189900901",1,2,85,4,2019,nan
2019,"190000801",1,1,6,5,2016,nan
2019,"190001101",1,1,80,3,2017,nan
2019,"190003801",1,2,52,6,2015,nan
2019,"190004101",1,2,58,1,2014,nan
2019,"190112601",1,2,98,11,2014,nan
2019,"190202101",1,1,32,3,2019,nan
2019,"190300901",1,2,60,9,2015,nan
2019,"190501701",1,2,98,11,2018,nan
2019,"190600701",1,2,57,12,2018,nan
2019,"190803201",1,2,74,7,2019,nan
2019,"191003701",1,2,72,6,2018,nan
2019,"191101001",1,1,51,2,2019,nan
2019,"191102301",1,1,78,8,2015,nan
2019,"191308501",1,1,86,3,2018,nan
2019,"191408201",1,1,95,8,2018,nan
2019,"191409601",1,2,52,6,2019,nan
2019,"192100501",1,1,78,6,2015,nan
2019,"192100501",2,2,66,4,2016,nan
2019,"192402801",1,2,95,5,2015,nan
2019,"192503501",1,1,24,6,2014,nan
2019,"192511101",1,1,78,4,2018,nan
2019,"192602001",1,2,64,10,2019,nan
2019,"192808401",1,1,63,7,2018,nan
2019,"192814201",1,2,28,9,2018,4
2019,"193103601",1,1,80,12,2016,nan
2019,"193107601",1,2,86,1,2019,nan
2019,"193201601",1,2,89,5,2016,nan
2019,"193202101",1,1,77,3,2018,nan
2019,"193409601",1,1,89,3,2017,nan
2019,"193409601",2,1,59,7,2018,nan
2019,"193410101",1,2,85,10,2018,nan
2019,"193515301",1,2,34,2,2019,4
2019,"193604401",1,2,33,3,2019,4
2019,"193804601",1,1,91,1,2018,nan
2019,"193806201",1,2,86,8,2016,nan
2019,"193903901",1,1,0,6,2019,nan
2019,"193919101",1,1,80,12,2015,nan
2019,"194001601",1,1,65,3,2019,nan
2019,"194006801",1,1,83,5,2017,nan
2019,"194100301",1,2,90,9,2015,nan
2019,"194101701",1,2,40,1,2017,1
2019,"194101901",1,2,64,4,2015,nan
2019,"194102001",1,2,95,6,2017,nan
2019,"194202701",1,1,67,12,2014,nan
2019,"194307501",1,2,75,8,2016,nan
2019,"194410801",1,2,86,6,2017,nan
2019,"194411001",1,2,0,10,2015,nan
2019,"194508301",1,2,77,6,2018,nan
2019,"194705901",1,2,85,1,2018,nan
2019,"194802901",1,1,23,1,2016,nan
2019,"195008101",1,2,45,6,2015,4
2019,"195107101",1,2,25,6,2019,4
2019,"195107401",1,1,72,3,2014,nan
2019,"195300101",1,1,95,7,2019,nan
2019,"195302901",1,2,76,9,2016,nan
2019,"195304201",1,1,73,8,2015,nan
2019,"195509001",1,1,49,8,2015,nan
2019,"195605701",1,1,0,5,2017,nan
2019,"195609201",1,2,86,2,2016,nan
2019,"195806301",1,2,57,6,2017,nan
2019,"195901801",1,2,105,7,2019,nan
2019,"195907501",1,1,94,12,2018,nan
2019,"196005301",1,1,86,9,2016,nan
2019,"196105701",1,1,80,1,2015,nan
2019,"196204001",1,2,28,12,2015,4
2019,"196400701",1,1,22,3,2019,nan
2019,"196412401",1,2,75,3,2019,nan
2019,"196612301",1,1,56,12,2015,nan
2019,"196706801",1,1,20,2,2018,nan
2019,"196709001",1,2,24,11,2014,4
2019,"197006001",1,1,43,11,2017,nan
2019,"197011101",1,1,85,4,2016,nan
2019,"197308701",1,1,55,2,2018,nan
2019,"197601801",1,1,72,5,2017,nan
2019,"197716001",1,2,87,2,2014,nan
2019,"198011001",1,2,85,8,2019,nan
2019,"198107401",1,1,34,12,2015,nan
2019,"198601401",1,2,47,10,2015,4
2019,"198711501",1,2,39,6,2018,4
2019,"198811901",1,2,72,12,2014,nan
2019,"198901701",1,2,93,5,2015,nan
2019,"198905001",1,1,54,8,2016,nan
2019,"198905301",1,1,63,8,2019,nan
2019,"198906201",1,2,82,12,2017,nan
2019,"199103301",1,2,73,1,2014,nan
2019,"199304001",1,1,23,11,2014,nan
2019,"199404701",1,1,82,2,2018,nan
2019,"199409601",1,1,46,1,2018,nan
2019,"199506501",1,2,72,6,2018,nan
2019,"199614501",1,1,82,12,2018,nan
2019,"200003301",1,1,65,11,2014,nan
2019,"200004101",1,1,81,7,2017,nan
2019,"200102401",1,1,80,10,2014,nan
2019,"200108401",1,1,84,11,2017,nan
2019,"200109401",1,1,84,12,2015,nan
2019,"200109401",2,2,86,4,2018,nan
2019,"200212001",1,1,81,1,2019,nan
2019,"200212901",1,2,86,2,2019,nan
2019,"200303601",1,2,56,12,2016,nan
2019,"200312201",1,2,41,7,2016,4
2019,"200412401",1,1,25,12,2018,nan
2019,"200513301",1,1,60,7,2019,nan
2019,"200604401",1,1,58,7,2015,nan
2019,"200700601",1,2,44,10,2018,4
2019,"200811601",1,2,72,3,2017,nan
2019,"200901601",1,1,67,8,2019,nan
2019,"201513401",1,2,73,6,2017,nan
2019,"201516401",1,1,60,7,2017,nan
2019,"201516401",2,2,58,11,2017,nan
2019,"201603301",1,1,75,7,2019,nan
2019,"201617701",1,2,63,8,2018,nan
2019,"201906701",1,1,61,11,2014,nan
2019,"201906701",2,2,91,10,2018,nan
2019,"202103701",1,2,85,8,2015,nan
2019,"202204601",1,1,60,11,2015,nan
2019,"202307401",1,1,64,6,2015,nan
2019,"202307401",2,2,80,6,2016,nan
2019,"202408201",1,1,84,7,2019,nan
2019,"202507701",1,1,72,7,2018,nan
2019,"202512501",1,1,84,7,2017,nan
2019,"202512501",2,2,82,3,2019,nan
2019,"202609401",1,2,97,9,2015,nan
2019,"202613801",1,2,49,7,2015,4
2019,"202804601",1,1,96,6,2018,nan
2019,"202811901",1,1,77,6,2019,nan
2019,"202910701",1,1,85,4,2017,nan
2019,"203006901",1,2,51,1,2015,nan
2019,"203203401",1,1,87,12,2018,nan
2019,"203303701",1,2,78,6,2015,nan
2019,"203606801",1,1,72,2,2019,nan
2019,"203701601",1,2,21,9,2017,4
2019,"203703601",1,2,47,9,2017,1
2019,"203810101",1,2,35,8,2019,4
2019,"204407401",1,2,90,1,2015,nan
2019,"204407401",2,1,90,11,2018,nan
2019,"204504201",1,1,90,1,2017,nan
2019,"204504201",2,2,86,9,2018,nan
2019,"204505601",1,1,54,5,2015,nan
2019,"204706501",1,2,91,6,2016,nan
2019,"204710701",1,2,59,4,2018,nan
2019,"204806301",1,2,81,3,2019,nan
2019,"204808701",1,1,84,5,2015,nan
2019,"205202901",1,1,55,11,2018,nan
2019,"205206501",1,2,92,7,2019,nan
2019,"205206901",1,2,36,3,2016,4
2019,"205307801",1,1,4,1,2016,nan
2019,"205404201",1,1,82,6,2016,nan
2019,"205704001",1,2,75,8,2018,nan
2019,"205708101",1,2,83,12,2018,nan
2019,"205802801",1,1,50,3,2019,nan
2019,"205903701",1,2,88,4,2019,nan
2019,"206110101",1,2,69,9,2014,nan
2019,"206211601",1,1,92,7,2019,nan
2019,"206602501",1,1,65,9,2019,nan
2019,"206701301",1,2,87,6,2019,nan
2019,"206806401",1,1,77,6,2018,nan
2019,"206901601",1,2,82,3,2017,nan
2019,"207002101",1,1,29,10,2018,nan
2019,"207201301",1,2,55,9,2015,nan
2019,"207201301",2,1,83,7,2018,nan
2019,"207209001",1,1,51,10,2015,nan
2019,"207304601",1,1,43,3,2018,nan
2019,"207304901",1,1,55,12,2014,nan
2019,"207401701",1,2,86,11,2016,nan
2019,"207403001",1,1,64,9,2018,nan
2019,"207510501",1,1,72,12,2017,nan
2019,"207704701",1,2,86,11,2018,nan
2019,"207801601",1,2,65,6,2017,nan
2019,"207801701",1,2,38,10,2018,4
2019,"207806101",1,2,72,2,2018,nan
2019,"208101501",1,1,81,9,2019,nan
2019,"208205501",1,2,66,10,2014,nan
2019,"208300501",1,2,85,4,2016,nan
2019,"208301201",1,2,93,5,2016,nan
2019,"208301701",1,2,89,6,2018,nan
2019,"208303601",1,1,68,7,2018,nan
2019,"208400101",1,1,8,8,2019,nan
2019,"208502501",1,2,77,10,2017,nan
2019,"208608601",1,2,88,6,2019,nan
2019,"208800401",1,1,58,10,2016,nan
2019,"208906201",1,1,57,6,2018,nan
2019,"209009801",1,2,72,4,2015,nan
2019,"209013101",1,1,84,2,2015,nan
2019,"209013101",2,2,74,9,2018,nan
2019,"209308201",1,1,3,8,2019,nan
2019,"209310901",1,1,98,6,2019,nan
2019,"209407701",1,2,75,8,2018,nan
2019,"209608701",1,2,52,8,2018,nan
2019,"209705901",1,2,69,10,2015,nan
2019,"209908601",1,1,65,10,2016,nan
2019,"210000601",1,1,74,3,2018,nan
2019,"210104301",1,1,80,3,2017,nan
2019,"210201901",1,1,48,3,2018,nan
2019,"210202201",1,2,73,3,2018,nan
2019,"210405201",1,1,78,1,2019,nan
2019,"210508101",1,2,84,4,2016,nan
2019,"210600301",1,1,80,7,2019,nan
2019,"210608001",1,1,40,10,2017,nan
2019,"210700201",1,1,24,5,2018,nan
2019,"210810501",1,1,65,5,2019,nan
2019,"211008601",1,2,87,4,2015,nan
2019,"211106401",1,1,60,1,2019,nan
2019,"211108901",1,2,0,10,2019,nan
2019,"211300501",1,2,68,9,2014,nan
2019,"211507801",1,2,92,5,2017,nan
2019,"211701201",1,2,81,1,2017,nan
2019,"212000601",1,2,82,4,2017,nan
2019,"212000801",1,1,100,2,2018,nan
2019,"212102601",1,1,80,5,2014,nan
2019,"212402401",1,2,57,3,2016,nan
2019,"212402601",1,2,81,7,2014,nan
2019,"212402801",1,1,83,1,2014,nan
2019,"212404501",1,2,62,1,2019,nan
2019,"212404801",1,1,20,9,2018,nan
2019,"212601701",1,2,2,2,2017,nan
2019,"212703301",1,2,23,9,2018,4
2019,"212706701",1,1,42,5,2018,nan
2019,"212804301",1,2,88,5,2015,nan
2019,"212902001",1,2,15,11,2017,4
2019,"213101701",1,1,69,12,2016,nan
2019,"213202601",1,1,6,7,2015,nan
2019,"213501201",1,1,82,9,2019,nan
2019,"213505501",1,1,5,6,2017,nan
2019,"213507801",1,2,90,4,2016,nan
2019,"213602701",1,2,66,7,2018,nan
2019,"213603201",1,2,70,10,2017,nan
2019,"213609201",1,2,79,12,2018,nan
2019,"213800601",1,2,89,10,2017,nan
2019,"213807301",1,1,41,8,2018,nan
2019,"213911001",1,2,54,8,2017,nan
2019,"214011901",1,2,72,2,2014,nan
2019,"214106901",1,1,24,6,2019,nan
2019,"214108301",1,1,79,12,2017,nan
2019,"214304901",1,2,85,8,2018,nan
2019,"214602101",1,2,54,1,2014,nan
2019,"214610301",1,2,59,5,2016,nan
2019,"214710001",1,2,63,11,2015,nan
2019,"214710701",1,2,68,5,2018,nan
2019,"214905901",1,1,2,8,2017,nan
2019,"214908301",1,2,81,5,2019,nan
2019,"215003401",1,1,67,8,2019,nan
2019,"215309301",1,2,87,6,2019,nan
2019,"215310001",1,2,56,8,2016,nan
2019,"215409401",1,1,86,12,2018,nan
2019,"215409901",1,2,92,7,2015,nan
2019,"215509301",1,1,66,8,2016,nan
2019,"215703701",1,2,90,4,2019,nan
2019,"215804101",1,1,50,5,2018,nan
2019,"215903301",1,1,95,4,2017,nan
2019,"216113401",1,2,30,9,2019,4
2019,"216116201",1,1,81,5,2019,nan
2019,"216500601",1,1,34,1,2016,nan
2019,"216500801",1,1,68,4,2015,nan
2019,"216503701",1,2,80,6,2016,nan
2019,"216503801",1,2,80,6,2016,nan
2019,"216506101",1,1,85,7,2018,nan
2019,"216506301",1,2,10,11,2016,nan
2019,"216707401",1,2,100,5,2019,nan
2019,"216902001",1,1,33,8,2014,nan
2019,"216902501",1,1,74,7,2018,nan
2019,"217000201",1,2,74,8,2014,nan
2019,"217000201",2,2,55,10,2014,nan
2019,"217000601",1,1,67,1,2016,nan
2019,"217002001",1,1,1,5,2018,nan
2019,"217002801",1,1,28,5,2018,nan
2019,"217002801",2,1,78,7,2019,nan
2019,"217104601",1,2,79,11,2018,nan
2019,"217108201",1,1,86,8,2015,nan
2019,"217202401",1,2,84,7,2019,nan
2019,"217211501",1,1,93,11,2016,nan
2019,"217401001",1,2,95,9,2018,nan
2019,"217501201",1,1,45,9,2017,nan
2019,"217501801",1,1,28,6,2018,nan
2019,"217600301",1,2,84,7,2019,nan
2019,"217602301",1,1,62,1,2016,nan
2019,"217606901",1,1,84,4,2017,nan
2019,"217606901",2,2,86,2,2018,nan
2019,"217607201",1,2,64,5,2017,nan
2019,"217802201",1,1,82,10,2015,nan
2019,"217803601",1,2,65,11,2014,nan
2019,"217900501",1,2,70,6,2017,nan
2019,"218005901",1,1,23,1,2019,nan
2019,"218103801",1,2,90,10,2018,nan
2019,"218109801",1,2,90,6,2017,nan
2019,"218202501",1,1,51,4,2018,nan
2019,"218305301",1,1,95,4,2015,nan
2019,"218406701",1,1,36,7,2016,nan
2019,"218412401",1,2,68,12,2017,nan
2019,"218502301",1,2,78,8,2016,nan
2019,"218610101",1,1,30,6,2016,nan
2019,"218703601",1,2,43,2,2014,4
2019,"218808501",1,2,54,2,2019,nan
2019,"219001001",1,1,57,8,2017,nan
2019,"219007801",1,1,33,11,2014,nan
2019,"219109501",1,1,70,1,2019,nan
2019,"219201001",1,1,83,1,2015,nan
2019,"219203301",1,1,80,5,2017,nan
2019,"219300101",1,1,50,10,2017,nan
2019,"219300501",1,1,62,2,2016,nan
2019,"219408601",1,2,20,10,2014,4
2019,"219410101",1,1,78,7,2015,nan
2019,"219809101",1,1,79,1,2019,nan
2019,"219903901",1,1,84,7,2014,nan
2019,"220003101",1,1,56,8,2015,nan
2019,"220200401",1,2,0,9,2015,nan
2019,"220401701",1,1,89,3,2018,nan
2019,"220500901",1,1,87,4,2019,nan
2019,"220600601",1,2,95,1,2019,nan
2019,"220711101",1,1,86,4,2014,nan
2019,"220901301",1,2,60,6,2014,nan
2019,"220901301",2,2,64,6,2019,nan
2019,"220904101",1,1,92,7,2017,nan
2019,"221008301",1,1,37,10,2019,nan
2019,"221404201",1,2,0,11,2016,nan
2019,"221905001",1,2,91,1,2016,nan
2019,"221908101",1,2,1,9,2016,nan
2019,"222003801",1,2,72,1,2015,nan
2019,"222100901",1,2,83,6,2015,nan
2019,"222203401",1,2,90,10,2019,nan
2019,"222501101",1,2,59,3,2015,nan
2019,"222505101",1,2,82,4,2014,nan
2019,"222704701",1,2,84,2,2017,nan
2019,"222810101",1,1,72,10,2018,nan
2019,"222812601",1,2,79,3,2018,nan
2019,"222905901",1,1,22,6,2019,nan
2019,"223212801",1,2,72,9,2015,nan
2019,"223305401",1,1,89,11,2019,nan
2019,"223405901",1,1,72,5,2016,nan
2019,"223605701",1,2,91,3,2015,nan
2019,"223606201",1,2,82,2,2014,nan
2019,"223702001",1,1,82,12,2016,nan
2019,"223707801",1,2,65,10,2016,nan
2019,"223708001",1,1,95,1,2018,nan
2019,"223904101",1,2,93,6,2017,nan
2019,"223907201",1,1,71,3,2015,nan
2019,"224007201",1,2,80,10,2014,nan
2019,"224104701",1,1,48,11,2015,nan
2019,"224404301",1,2,19,11,2017,4
2019,"224611901",1,1,43,11,2014,nan
2019,"224700501",1,2,75,4,2018,nan
2019,"225110301",1,1,27,6,2018,nan
2019,"225113701",1,1,54,5,2015,nan
2019,"225210401",1,1,81,2,2018,nan
2019,"225210501",1,2,83,5,2018,nan
2019,"225214101",1,2,48,1,2017,4
2019,"225406601",1,2,83,2,2019,nan
2019,"225412501",1,1,81,7,2019,nan
2019,"225508201",1,2,82,3,2018,nan
2019,"225717301",1,1,89,3,2015,nan
2019,"226010401",1,2,76,2,2016,nan
2019,"226013301",1,1,76,4,2018,nan
2019,"226204001",1,2,23,1,2018,4
2019,"226406701",1,2,94,10,2017,nan
2019,"226708001",1,1,82,3,2019,nan
2019,"226803001",1,1,85,3,2017,nan
2019,"226914701",1,2,53,10,2016,nan
2019,"227201401",1,2,36,4,2019,4
2019,"227308701",1,2,37,11,2015,4
2019,"227404601",1,2,32,9,2014,4
2019,"227406801",1,2,93,9,2017,nan
2019,"227411101",1,1,54,6,2017,nan
2019,"227508101",1,1,93,2,2017,nan
2019,"228113701",1,2,65,1,2016,nan
2019,"228209001",1,1,101,8,2018,nan
2019,"228400301",1,1,11,11,2015,nan
2019,"228803301",1,1,26,2,2015,nan
2019,"228907501",1,1,26,11,2016,nan
2019,"229102901",1,1,80,4,2018,nan
2019,"229109501",1,1,46,4,2015,nan
2019,"229113501",1,2,54,2,2019,nan
2019,"229200601",1,1,85,7,2018,nan
2019,"229304201",1,1,64,2,2015,nan
2019,"229701201",1,1,29,12,2017,nan
2019,"229701401",1,2,79,10,2016,nan
2019,"229707801",1,2,85,6,2017,nan
2019,"229801601",1,1,36,9,2014,nan
2019,"229803401",1,2,87,3,2018,nan
2019,"229810901",1,2,23,7,2015,4
2019,"230000601",1,1,88,9,2014,nan
2019,"230000801",1,1,29,7,2019,nan
2019,"230002301",1,2,96,9,2018,nan
2019,"230110601",1,1,63,6,2018,nan
2019,"230302001",1,1,68,11,2019,nan
2019,"230404201",1,2,78,5,2018,nan
2019,"230407401",1,2,72,9,2017,nan
2019,"230506801",1,1,50,11,2018,nan
2019,"230509801",1,2,3,4,2015,nan
2019,"230509901",1,1,4,3,2018,nan
2019,"230700201",1,1,101,11,2014,nan
2019,"230704601",1,1,87,5,2017,nan
2019,"230800401",1,2,90,7,2017,nan
2019,"230801901",1,2,68,11,2017,nan
2019,"231108101",1,1,36,7,2019,nan
2019,"231206601",1,1,65,7,2014,nan
2019,"231402901",1,1,61,1,2016,nan
2019,"231402901",2,2,63,10,2017,nan
2019,"231504601",1,2,49,3,2016,4
2019,"231701201",1,2,80,5,2019,nan
2019,"231718001",1,2,76,1,2016,nan
2019,"231807001",1,1,77,10,2015,nan
2019,"231905001",1,1,27,2,2019,nan
2019,"232102101",1,1,19,3,2014,nan
2019,"232208001",1,1,35,2,2016,nan
2019,"232303501",1,2,90,11,2017,nan
2019,"232309401",1,1,82,8,2015,nan
2019,"232309401",2,2,64,3,2017,nan
2019,"232411001",1,1,64,5,2016,nan
2019,"232500601",1,2,85,9,2018,nan
2019,"232502701",1,2,102,8,2016,nan
2019,"232901701",1,2,64,9,2019,nan
2019,"233002001",1,2,47,3,2015,4
2019,"233204101",1,1,60,8,2014,nan
2019,"233305801",1,1,89,7,2017,nan
2019,"233310401",1,2,78,10,2017,nan
2019,"233400201",1,2,78,3,2019,nan
2019,"233706901",1,1,78,6,2016,nan
2019,"233800901",1,1,81,4,2014,nan
2019,"233800901",2,2,70,12,2015,nan
2019,"233800901",3,1,98,7,2016,nan
2019,"233802301",1,1,79,2,2019,nan
2019,"234001501",1,2,78,8,2016,nan
2019,"234113401",1,2,55,8,2015,nan
2019,"234127101",1,2,65,12,2016,nan
2019,"234301101",1,1,97,3,2019,nan
2019,"234307001",1,2,51,3,2016,nan
2019,"234307001",2,2,68,9,2018,nan
2019,"234308601",1,2,38,12,2018,1
2019,"234701401",1,2,90,2,2018,nan
2019,"235106501",1,1,4,5,2019,nan
2019,"235309101",1,1,64,11,2015,nan
2019,"235403901",1,1,25,9,2017,nan
2019,"235503501",1,1,76,9,2016,nan
2019,"235512201",1,2,59,6,2017,nan
2019,"235513801",1,1,72,10,2018,nan
2019,"235802001",1,1,27,9,2019,nan
2019,"235901201",1,2,42,1,2016,2
2019,"236109201",1,2,4,6,2015,nan
2019,"236302901",1,1,78,1,2019,nan
2019,"236310401",1,2,66,3,2015,nan
2019,"236802501",1,2,80,7,2014,nan
2019,"236803301",1,1,15,11,2017,nan
2019,"236902901",1,2,76,9,2019,nan
2019,"236903701",1,1,50,4,2016,nan
2019,"237000301",1,1,84,8,2016,nan
2019,"237000401",1,1,80,8,2016,nan
2019,"237103601",1,2,90,3,2015,nan
2019,"237400301",1,1,88,5,2017,nan
2019,"237406501",1,1,56,2,2018,nan
2019,"237612201",1,2,89,11,2014,nan
2019,"237713101",1,2,107,6,2018,nan
2019,"237714301",1,2,88,6,2018,nan
2019,"237714301",2,1,96,2,2019,nan
2019,"237903101",1,1,60,12,2015,nan
2019,"237904501",1,1,74,10,2015,nan
2019,"237910201",1,1,82,11,2018,nan
2019,"238007201",1,1,0,12,2018,nan
2019,"238103401",1,1,49,12,2015,nan
2019,"238114501",1,2,93,5,2015,nan
2019,"238210303",1,1,58,5,2018,nan
2019,"238210304",1,1,58,5,2018,nan
2019,"238306101",1,2,85,10,2018,nan
2019,"238502201",1,2,107,6,2015,nan
2019,"238705801",1,1,52,1,2018,nan
2019,"238706801",1,1,46,12,2017,nan
2019,"238713801",1,2,80,7,2014,nan
2019,"238805901",1,1,74,3,2017,nan
2019,"238806601",1,2,80,3,2016,nan
2019,"239005601",1,2,100,8,2018,nan
2019,"239009301",1,1,52,6,2014,nan
2019,"239310001",1,2,76,11,2015,nan
2019,"239405701",1,2,0,7,2015,nan
2019,"239807501",1,2,75,5,2019,nan
2019,"239910701",1,2,96,11,2018,nan
2019,"240003001",1,1,40,6,2017,nan
2019,"240004801",1,1,57,1,2016,nan
2019,"240004801",2,2,84,12,2016,nan
2019,"240009501",1,2,83,4,2018,nan
2019,"240312001",1,1,63,3,2014,nan
2019,"240316701",1,2,94,1,2019,nan
2019,"240505501",1,1,42,1,2017,nan
2019,"240608901",1,2,70,1,2018,nan
2019,"240608901",2,1,85,5,2019,nan
2019,"240708601",1,1,75,10,2016,nan
2019,"240806801",1,2,87,5,2019,nan
2019,"241206201",1,1,67,7,2018,nan
2019,"241610301",1,2,68,7,2018,nan
2019,"242000201",1,1,48,7,2015,nan
2019,"242001101",1,2,81,3,2016,nan
2019,"242209301",1,2,58,7,2019,nan
2019,"242209501",1,2,98,11,2014,nan
2019,"242214801",1,2,92,6,2014,nan
2019,"242214901",1,1,26,12,2015,nan
2019,"242402401",1,2,81,12,2018,nan
2019,"242404601",1,1,74,10,2016,nan
2019,"242609501",1,2,49,4,2018,4
2019,"242704901",1,1,48,6,2017,nan
2019,"243000501",1,1,79,6,2019,nan
2019,"243007101",1,1,75,8,2017,nan
2019,"243100301",1,2,61,4,2014,nan
2019,"243202601",1,1,86,1,2016,nan
2019,"243600101",1,1,77,12,2015,nan
2019,"243723601",1,1,92,10,2018,nan
2019,"244113101",1,1,69,8,2018,nan
2019,"244408101",1,1,85,7,2019,nan
2019,"244504401",1,1,48,3,2014,nan
2019,"244504401",2,2,83,3,2018,nan
2019,"244603301",1,1,94,11,2017,nan
2019,"244603501",1,2,88,10,2015,nan
2019,"244603501",2,1,92,8,2017,nan
2019,"244606601",1,1,86,10,2018,nan
2019,"244813801",1,2,50,2,2016,nan
2019,"244904601",1,1,35,10,2017,nan
2019,"244910001",1,2,98,7,2019,nan
2019,"245005101",1,1,81,6,2018,nan
2019,"245300801",1,2,83,4,2018,nan
2019,"245413001",1,1,52,5,2018,nan
2019,"245603101",1,1,51,6,2019,nan
2019,"245603201",1,1,91,3,2014,nan
2019,"246100501",1,1,95,1,2014,nan
2019,"246901801",1,2,95,3,2019,nan
2019,"246903601",1,1,73,5,2016,nan
2019,"246914001",1,2,45,10,2017,4
2019,"247214901",1,2,70,10,2019,nan
2019,"247419001",1,1,56,6,2014,nan
2019,"247701301",1,1,95,7,2016,nan
2019,"247701301",2,2,83,8,2019,nan
2019,"247711701",1,1,44,5,2015,nan
2019,"247800101",1,1,57,4,2014,nan
2019,"247819801",1,2,75,1,2018,nan
2019,"248109401",1,2,75,1,2016,nan
2019,"248117001",1,1,62,6,2014,nan
2019,"248608201",1,2,50,2,2015,nan
2019,"248608201",2,1,58,9,2019,nan
2019,"248610801",1,2,44,11,2018,4
2019,"248801901",1,1,77,9,2019,nan
2019,"248814701",1,1,6,11,2018,nan
2019,"248816501",1,2,78,12,2015,nan
2019,"248903901",1,1,78,10,2016,nan
2019,"248906001",1,2,88,5,2019,nan
2019,"248909102",1,1,73,8,2014,nan
2019,"249011901",1,1,83,6,2016,nan
2019,"249100701",1,1,72,11,2018,nan
2019,"249208801",1,2,87,8,2019,nan
2019,"249208801",2,1,87,8,2019,nan
2019,"249302101",1,2,97,5,2019,nan
2019,"249413901",1,1,60,8,2018,nan
2019,"249507101",1,1,81,7,2019,nan
2019,"249610401",1,2,63,9,2015,nan
2019,"249710901",1,1,52,8,2016,nan
2019,"249811701",1,1,103,7,2018,nan
2019,"250005001",1,2,75,12,2017,nan
2019,"250203001",1,1,64,12,2016,nan
2019,"250212901",1,1,81,11,2014,nan
2019,"250414201",1,2,19,11,2014,4
2019,"250501701",1,2,29,3,2016,4
2019,"250603201",1,2,53,5,2019,nan
2019,"250704801",1,2,60,5,2019,nan
2019,"250710101",1,1,25,5,2018,nan
2019,"251108001",1,1,5,3,2018,nan
2019,"251208401",1,1,54,10,2017,nan
2019,"251215301",1,2,31,3,2019,4
2019,"251303801",1,2,78,5,2016,nan
2019,"251310801",1,1,78,2,2017,nan
2019,"251406001",1,2,89,11,2018,nan
2019,"251508401",1,1,33,1,2015,nan
2019,"252201601",1,1,70,10,2014,nan
2019,"252208201",1,1,32,12,2015,nan
2019,"252303701",1,2,77,5,2016,nan
2019,"252504601",1,2,90,5,2015,nan
2019,"252513101",1,1,23,12,2018,nan
2019,"252615701",1,1,29,10,2015,nan
2019,"252712301",1,1,73,6,2017,nan
2019,"252821601",1,2,90,5,2015,nan
2019,"252821601",2,1,88,10,2017,nan
2019,"253516801",1,2,82,9,2014,nan
2019,"253804801",1,1,84,12,2016,nan
2019,"253808401",1,2,74,1,2016,nan
2019,"253902101",1,1,89,10,2019,nan
2019,"253905501",1,1,46,12,2016,nan
2019,"254105301",1,2,82,5,2015,nan
2019,"254203901",1,1,65,10,2015,nan
2019,"254203901",2,2,56,12,2017,nan
2019,"254510801",1,1,89,12,2018,nan
2019,"254612401",1,2,72,1,2019,nan
2019,"255110001",1,1,87,12,2018,nan
2019,"255208301",1,1,63,7,2017,nan
2019,"255411701",1,1,15,2,2019,nan
2019,"255501801",1,1,22,10,2014,nan
2019,"255501801",2,2,61,1,2018,nan
2019,"255505101",1,2,78,3,2016,nan
2019,"255917901",1,2,77,2,2018,nan
2019,"256109801",1,1,43,10,2019,nan
2019,"256212901",1,1,76,5,2014,nan
2019,"256502101",1,1,58,3,2018,nan
2019,"256504201",1,2,77,8,2015,nan
2019,"256807701",1,1,96,1,2019,nan
2019,"257603901",1,2,79,12,2018,nan
2019,"257823201",1,1,82,3,2018,nan
2019,"257901801",1,1,86,2,2018,nan
2019,"257909901",1,2,71,3,2019,nan
2019,"258006701",1,1,73,5,2016,nan
2019,"258201001",1,2,96,4,2014,nan
2019,"258207301",1,2,62,6,2016,nan
2019,"258612501",1,2,80,4,2018,nan
2019,"258615101",1,2,65,8,2015,nan
2019,"258615601",1,1,87,9,2017,nan
2019,"258823001",1,2,88,11,2014,nan
2019,"258902101",1,2,68,5,2017,nan
2019,"259001601",1,2,42,5,2015,4
2019,"259012301",1,1,21,11,2017,nan
2019,"259212801",1,2,64,6,2017,nan
2019,"259309101",1,1,50,1,2017,nan
2019,"259406101",1,2,58,11,2016,nan
2019,"259500501",1,1,84,8,2019,nan
2019,"259704701",1,1,35,12,2015,nan
2019,"259707501",1,1,93,6,2017,nan
2019,"259809201",1,1,101,3,2016,nan
2019,"260200701",1,2,60,6,2014,nan
2019,"260600501",1,1,86,4,2019,nan
2019,"260702001",1,2,59,5,2014,nan
2019,"261202801",1,1,80,10,2016,nan
2019,"261505901",1,1,63,7,2017,nan
2019,"261812101",1,1,80,7,2014,nan
2019,"261903001",1,1,57,10,2016,nan
2019,"261905601",1,1,97,3,2016,nan
2019,"262003201",1,1,73,1,2014,nan
2019,"262011501",1,2,36,9,2017,4
2019,"262402501",1,2,77,8,2017,nan
2019,"262615301",1,2,47,3,2018,4
2019,"262902201",1,2,22,5,2018,4
2019,"263005601",1,1,61,5,2018,nan
2019,"263609201",1,2,70,4,2015,nan
2019,"263609201",2,1,82,8,2016,nan
2019,"263703701",1,2,77,7,2019,nan
2019,"263806301",1,1,32,3,2018,nan
2019,"264010101",1,2,92,8,2015,nan
2019,"264011901",1,2,85,8,2015,nan
2019,"264108402",1,1,49,7,2015,nan
2019,"264109201",1,2,52,12,2014,nan
2019,"264302201",1,1,36,10,2015,nan
2019,"264302201",2,1,62,7,2018,nan
2019,"264705401",1,1,59,8,2016,nan
2019,"264801401",1,2,89,1,2016,nan
2019,"264815101",1,2,64,10,2014,nan
2019,"264912401",1,1,78,9,2019,nan
2019,"265005701",1,1,86,2,2017,nan
2019,"265107601",1,1,35,10,2014,nan
2019,"265107601",2,2,73,11,2015,nan
2019,"265301001",1,1,78,1,2017,nan
2019,"265308201",1,1,80,7,2016,nan
2019,"265310401",1,1,78,5,2017,nan
2019,"265404501",1,1,68,4,2018,nan
2019,"265500601",1,1,39,11,2017,nan
2019,"265604401",1,2,90,6,2019,nan
2019,"265801601",1,1,88,8,2016,nan
2019,"265804501",1,2,94,10,2018,nan
2019,"265908301",1,1,28,2,2018,nan
2019,"265914401",1,2,76,8,2019,nan
2019,"265914801",1,2,62,2,2019,nan
2019,"266003401",1,2,55,6,2019,nan
2019,"266004001",1,1,38,9,2017,nan
2019,"266004001",2,1,75,3,2018,nan
2019,"266109501",1,1,93,6,2019,nan
2019,"266301201",1,1,80,6,2014,nan
2019,"266301401",1,1,79,11,2018,nan
2019,"266406601",1,2,94,5,2015,nan
2019,"266511801",1,2,66,3,2015,nan
2019,"266600101",1,1,63,10,2015,nan
2019,"266906101",1,2,52,12,2017,nan
2019,"267004201",1,2,27,6,2014,4
2019,"267102001",1,1,49,8,2016,nan
2019,"267103701",1,1,79,2,2016,nan
2019,"267103701",2,1,65,12,2017,nan
2019,"267200101",1,1,61,3,2018,nan
2019,"267207401",1,1,52,11,2016,nan
2019,"267313201",1,2,53,2,2014,nan
2019,"267313201",2,1,42,12,2017,nan
2019,"267314401",1,2,39,12,2018,4
2019,"267504601",1,2,40,10,2018,4
2019,"267506601",1,1,92,5,2017,nan
2019,"267604701",1,1,0,8,2017,nan
2019,"267607301",1,1,6,11,2018,nan
2019,"267706801",1,1,75,4,2019,nan
2019,"267802201",1,1,43,8,2019,nan
2019,"267811401",1,1,56,4,2018,nan
2019,"267902801",1,1,76,5,2017,nan
2019,"267902801",2,1,73,5,2019,nan
2019,"267903201",1,1,43,2,2015,nan
2019,"267913401",1,1,21,11,2014,nan
2019,"267913401",2,1,45,6,2019,nan
2019,"268001001",1,1,74,10,2018,nan
2019,"268102901",1,2,86,10,2017,nan
2019,"268102902",1,1,56,1,2014,nan
2019,"268205601",1,2,72,4,2019,nan
2019,"268206101",1,2,74,6,2015,nan
2019,"268209701",1,2,92,5,2016,nan
2019,"268304401",1,1,45,10,2014,nan
2019,"268401101",1,1,65,7,2019,nan
2019,"268403801",1,1,83,11,2016,nan
2019,"268408101",1,1,84,6,2017,nan
2019,"268502001",1,1,40,3,2016,nan
2019,"268517301",1,2,8,11,2017,nan
2019,"268621001",1,2,86,1,2016,nan
2019,"268700801",1,2,78,4,2016,nan
2019,"268707501",1,1,80,6,2016,nan
2019,"268804801",1,2,2,6,2015,nan
2019,"268813401",1,1,34,4,2017,nan
2019,"268905001",1,2,48,9,2017,4
2019,"269009801",1,1,73,6,2018,nan
2019,"269100301",1,1,75,7,2016,nan
2019,"269100301",2,1,90,7,2019,nan
2019,"269105701",1,2,94,10,2019,nan
2019,"269110701",1,2,38,11,2017,4
2019,"269300801",1,2,86,8,2017,nan
2019,"269908101",1,2,31,6,2016,4
2019,"269914301",1,2,67,9,2014,nan
2019,"270003701",1,2,74,3,2017,nan
2019,"270008201",1,2,26,9,2017,4
2019,"270210001",1,1,77,8,2017,nan
2019,"270307901",1,1,0,6,2019,nan
2019,"270405401",1,2,53,3,2016,nan
2019,"270409401",1,1,46,6,2016,nan
2019,"270600201",1,2,7,6,2015,nan
2019,"270706401",1,2,76,3,2015,nan
2019,"270706701",1,2,77,1,2018,nan
2019,"270800101",1,2,85,12,2018,nan
2019,"270804701",1,1,54,3,2014,nan
2019,"270902501",1,2,0,10,2017,nan
2019,"270905901",1,1,3,4,2016,nan
2019,"271001501",1,1,35,11,2014,nan
2019,"271104201",1,1,34,7,2019,nan
2019,"271109901",1,2,52,1,2017,nan
2019,"271206101",1,1,63,2,2016,nan
2019,"271302401",1,1,3,4,2019,nan
2019,"271401501",1,1,40,10,2016,nan
2019,"271401601",1,1,1,12,2017,nan
2019,"271405501",1,2,75,7,2016,nan
2019,"271511101",1,1,66,7,2019,nan
2019,"271604901",1,1,1,7,2016,nan
2019,"271604901",2,1,0,2,2019,nan
2019,"271605001",1,2,25,11,2015,4
2019,"271605101",1,1,27,11,2017,nan
2019,"271611701",1,2,56,6,2016,nan
2019,"271816701",1,1,50,6,2017,nan
2019,"272101701",1,1,22,6,2018,nan
2019,"272107701",1,1,57,11,2018,nan
2019,"272208101",1,1,0,2,2019,nan
2019,"272302201",1,2,53,4,2019,nan
2019,"272303401",1,2,28,8,2018,4
2019,"272310001",1,1,6,5,2014,nan
2019,"272403501",1,1,14,6,2018,nan
2019,"272403501",2,1,49,3,2019,nan
2019,"272501201",1,1,23,2,2019,nan
2019,"272510101",1,2,58,1,2019,nan
2019,"272601501",1,2,56,10,2017,nan
2019,"272714801",1,1,72,6,2017,nan
2019,"272802701",1,1,53,3,2017,nan
2019,"272807501",1,2,80,6,2019,nan
2019,"272911901",1,1,63,8,2018,nan
2019,"273002301",1,1,87,2,2019,nan
2019,"273002301",2,1,63,3,2019,nan
2019,"273206101",1,1,33,5,2014,nan
2019,"273206101",2,2,58,10,2015,nan
2019,"273410001",1,1,66,7,2016,nan
2019,"273410001",2,2,84,3,2017,nan
2019,"273512501",1,2,89,6,2014,nan
2019,"273603401",1,1,28,10,2019,nan
2019,"273605601",1,1,91,11,2019,nan
2019,"273902101",1,1,71,12,2017,nan
2019,"274002901",1,1,56,11,2017,nan
2019,"274004001",1,1,72,7,2015,nan
2019,"274411301",1,1,23,8,2016,nan
2019,"274704001",1,2,37,11,2017,4
2019,"275003101",1,2,50,1,2016,nan
2019,"275004701",1,2,53,12,2018,nan
2019,"275103501",1,2,81,3,2018,nan
2019,"275408001",1,1,50,7,2019,nan
2019,"275503401",1,1,73,7,2019,nan
2019,"275601401",1,1,49,12,2017,nan
2019,"276001901",1,2,45,3,2016,4
2019,"276101001",1,1,89,12,2019,nan
2019,"276508502",1,1,53,8,2017,nan
2019,"276700301",1,1,31,3,2014,nan
2019,"276807101",1,1,32,7,2015,nan
2019,"276902101",1,2,1,1,2019,nan
2019,"276902401",1,1,0,3,2015,nan
2019,"276906501",1,2,5,3,2014,nan
2019,"276907801",1,1,1,10,2019,nan
2019,"277103301",1,1,45,8,2016,nan
2019,"277104601",1,1,79,3,2018,nan
2019,"277104801",1,1,30,1,2017,nan
2019,"277402101",1,1,1,12,2015,nan
2019,"277600401",1,2,11,11,2019,nan
2019,"277600801",1,1,57,11,2017,nan
2019,"277600901",1,1,24,5,2019,nan
2019,"277605601",1,2,60,5,2018,nan
2019,"277605701",1,2,48,10,2017,4
2019,"277801901",1,2,19,1,2014,4
2019,"277802001",1,1,68,2,2019,nan
2019,"277803301",1,2,28,6,2019,4
2019,"277906101",1,1,30,10,2014,nan
2019,"277906101",2,1,25,12,2015,nan
2019,"278008201",1,2,34,5,2019,1
2019,"278200301",1,2,93,3,2018,nan
2019,"278207001",1,2,42,6,2014,4
2019,"278506401",1,1,55,12,2014,nan
2019,"278611201",1,1,80,5,2014,nan
2019,"279100501",1,1,41,8,2019,nan
2019,"279106301",1,1,59,9,2019,nan
2019,"279301101",1,2,62,12,2015,nan
2019,"279511301",1,2,58,3,2017,nan
2019,"279710001",1,1,72,9,2019,nan
2019,"279801901",1,2,21,4,2019,4
2019,"280011201",1,2,81,8,2018,nan
2019,"280102101",1,2,62,1,2016,nan
2019,"280301101",1,1,67,6,2018,nan
2019,"280400801",1,2,78,5,2019,nan
2019,"280902201",1,2,103,4,2014,nan
2019,"280904101",1,2,64,9,2014,nan
2019,"281310501",1,1,66,4,2018,nan
2019,"281908601",1,1,46,2,2017,nan
2019,"282301801",1,1,9,7,2015,nan
2019,"282802801",1,1,77,4,2019,nan
2019,"283106601",1,2,92,4,2016,nan
2019,"283106701",1,1,60,6,2014,nan
2019,"283211001",1,1,60,11,2015,nan
2019,"283402701",1,2,72,5,2016,nan
2019,"283701701",1,1,76,8,2016,nan
2019,"284102501",1,2,87,4,2014,nan
2019,"284502501",1,2,72,2,2018,nan
2019,"284707401",1,1,0,1,2018,nan
2019,"284802101",1,2,74,9,2018,nan
2019,"284900201",1,1,39,1,2017,nan
2019,"284903301",1,2,88,3,2019,nan
2019,"285002401",1,2,75,12,2015,nan
2019,"285204801",1,1,1,11,2014,nan
2019,"285603701",1,1,0,11,2014,nan
2019,"285701901",1,1,41,12,2017,nan
2019,"285804601",1,2,73,9,2015,nan
2019,"285901401",1,1,59,9,2016,nan
2019,"286003701",1,1,84,11,2016,nan
2019,"286004201",1,2,32,3,2017,4
2019,"286202801",1,1,89,6,2015,nan
2019,"286412301",1,2,44,12,2018,4
2019,"286504401",1,1,75,3,2019,nan
2019,"286601101",1,2,53,1,2019,nan
2019,"286810701",1,2,55,7,2016,nan
2019,"287112001",1,1,11,7,2016,nan
2019,"287204301",1,1,65,7,2018,nan
2019,"287809501",1,1,79,4,2018,nan
2019,"287901901",1,1,32,1,2015,nan
2019,"288000501",1,2,89,1,2019,nan
2019,"288101501",1,2,42,5,2016,4
2019,"288106201",1,1,53,10,2016,nan
2019,"288207901",1,1,29,8,2018,nan
2019,"288405501",1,2,85,6,2018,nan
2019,"288503201",1,1,68,1,2018,nan
2019,"288503201",2,1,73,1,2019,nan
2019,"288700201",1,1,77,10,2017,nan
2019,"288700401",1,2,94,2,2017,nan
2019,"288704501",1,1,85,5,2017,nan
2019,"288805101",1,2,0,9,2015,nan
2019,"289203801",1,2,89,4,2018,nan
2019,"289204101",1,2,85,7,2015,nan
2019,"289206101",1,2,83,9,2016,nan
2019,"289311901",1,2,85,6,2015,nan
2019,"289801101",1,2,44,5,2019,4
2019,"290308401",1,1,72,3,2019,nan
2019,"290504201",1,2,73,7,2014,nan
2019,"290713501",1,1,57,5,2017,nan
2019,"290713501",2,1,65,12,2017,nan
2019,"291101001",1,2,86,5,2017,nan
2019,"291305501",1,1,88,6,2019,nan
2019,"291306601",1,1,39,1,2019,nan
2019,"291402101",1,1,68,4,2015,nan
2019,"291402101",2,1,66,5,2015,nan
2019,"291407201",1,1,17,9,2015,nan
2019,"291601901",1,1,85,1,2014,nan
2019,"291608501",1,2,99,10,2017,nan
2019,"291610501",1,2,90,11,2018,nan
2019,"291611101",1,1,82,11,2016,nan
2019,"291810001",1,2,71,7,2017,nan
2019,"291819301",1,2,73,4,2018,nan
2019,"292107101",1,2,82,12,2016,nan
2019,"292110901",1,2,81,9,2015,nan
2019,"292206901",1,1,77,7,2017,nan
2019,"292413401",1,1,75,11,2017,nan
2019,"292609701",1,2,80,12,2018,nan
2019,"292706101",1,2,75,2,2017,nan
2019,"292708901",1,1,71,4,2017,nan
2019,"292916301",1,1,94,8,2019,nan
2019,"293408601",1,2,94,1,2016,nan
2019,"293411001",1,1,81,12,2018,nan
2019,"293800301",1,1,65,4,2019,nan
2019,"293802601",1,1,72,8,2017,nan
2019,"293813401",1,1,74,3,2017,nan
2019,"293813801",1,2,82,7,2014,nan
2019,"294009501",1,2,78,11,2015,nan
2019,"294116301",1,1,92,11,2018,nan
2019,"294203901",1,1,17,11,2014,nan
2019,"294209001",1,2,54,1,2014,nan
2019,"294302001",1,1,80,11,2014,nan
2019,"294312001",1,1,74,7,2015,nan
2019,"294404601",1,1,83,3,2016,nan
2019,"294705901",1,1,7,4,2019,nan
2019,"294706001",1,2,0,8,2014,nan
2019,"294706001",2,1,48,5,2016,nan
2019,"294801801",1,2,61,3,2018,nan
2019,"294803501",1,2,85,6,2019,nan
2019,"294804601",1,1,0,8,2018,nan
2019,"294907101",1,2,0,3,2015,nan
2019,"295008501",1,2,79,8,2016,nan
2019,"295304501",1,2,100,5,2017,nan
2019,"295304601",1,1,75,6,2018,nan
2019,"295305901",1,2,90,6,2019,nan
2019,"295307401",1,1,80,1,2015,nan
2019,"295307401",2,2,18,4,2016,4
2019,"295401201",1,2,77,2,2017,nan
2019,"295408301",1,1,0,10,2016,nan
2019,"295408301",2,1,0,7,2017,nan
2019,"295507201",1,2,102,5,2019,nan
2019,"295708701",1,2,83,2,2017,nan
2019,"295709801",1,1,80,10,2018,nan
2019,"295710001",1,2,92,3,2019,nan
2019,"295803401",1,1,65,7,2018,nan
2019,"296107401",1,1,27,9,2017,nan
2019,"296110801",1,2,54,7,2018,nan
2019,"296306301",1,1,74,3,2017,nan
2019,"296702301",1,2,68,7,2015,nan
2019,"296704501",1,2,93,7,2019,nan
2019,"296800101",1,2,48,8,2016,3
2019,"297000101",1,2,90,6,2017,nan
2019,"297504101",1,2,0,7,2015,nan
2019,"297608801",1,1,50,8,2015,nan
2019,"297804701",1,1,74,12,2017,nan
2019,"298309401",1,1,0,5,2017,nan
2019,"298600301",1,2,58,7,2018,nan
2019,"298600701",1,1,20,8,2014,nan
2019,"298603001",1,2,65,3,2018,nan
2019,"298800501",1,2,52,9,2017,nan
2019,"298806001",1,2,68,1,2016,nan
2019,"298806201",1,2,55,12,2019,nan
2019,"299003301",1,1,71,8,2017,nan
2019,"299004901",1,1,11,8,2015,nan
2019,"299202601",1,1,67,5,2017,nan
2019,"299203001",1,2,34,8,2014,3
2019,"299203301",1,2,65,6,2017,nan
2019,"299302901",1,2,0,4,2016,nan
2019,"299403601",1,1,45,5,2019,nan
2019,"299404701",1,2,27,5,2015,4
2019,"299603301",1,1,30,4,2015,nan
2019,"299604601",1,2,79,10,2018,nan
2019,"299607101",1,1,34,4,2014,nan
2019,"299703501",1,1,87,7,2019,nan
2019,"299703601",1,2,84,1,2019,nan
2019,"299800901",1,1,84,1,2019,nan
2019,"299801201",1,1,91,1,2018,nan
2019,"299801601",1,2,76,11,2017,nan
2019,"300004901",1,1,93,7,2018,nan
2019,"300005501",1,1,89,5,2016,nan
2019,"300005501",2,2,85,8,2016,nan
2019,"300101101",1,2,66,5,2018,nan
2019,"300101201",1,1,73,3,2014,nan
2019,"300104201",1,1,14,5,2014,nan
2019,"300203201",1,1,80,6,2017,nan
2019,"300604101",1,2,39,3,2018,4
2019,"300605801",1,2,80,9,2015,nan
2019,"300703201",1,2,85,10,2016,nan
2019,"300801501",1,2,77,2,2015,nan
2019,"300905301",1,2,102,8,2017,nan
2019,"300906801",1,1,87,9,2015,nan
2019,"300912801",1,2,24,2,2016,4
2019,"301004501",1,1,88,10,2019,nan
2019,"301100201",1,1,75,10,2018,nan
2019,"301105201",1,1,48,4,2018,nan
2019,"301202901",1,1,90,6,2019,nan
2019,"301204901",1,1,85,8,2015,nan
2019,"301207901",1,1,71,1,2016,nan
2019,"301300701",1,2,79,6,2019,nan
2019,"301307401",1,1,80,6,2018,nan
2019,"301403401",1,1,97,9,2016,nan
2019,"301510601",1,2,78,2,2017,nan
2019,"301606601",1,2,17,9,2017,4
2019,"301607001",1,1,12,9,2016,nan
2019,"301610201",1,2,84,9,2018,nan
2019,"301700701",1,1,72,12,2015,nan
2019,"301707901",1,2,84,12,2018,nan
2019,"301800201",1,2,82,4,2016,nan
2019,"301906701",1,2,0,3,2017,nan
2019,"301912901",1,1,68,9,2016,nan
2019,"302001001",1,2,67,6,2017,nan
2019,"302112001",1,1,28,7,2014,nan
2019,"302202201",1,2,83,8,2017,nan
2019,"302300501",1,1,65,8,2015,nan
2019,"302410201",1,1,83,11,2017,nan
2019,"302413301",1,2,82,12,2014,nan
2019,"302505501",1,2,94,4,2016,nan
2019,"302506001",1,2,84,11,2015,nan
2019,"302506001",2,2,58,9,2019,nan
2019,"302601801",1,1,79,1,2015,nan
2019,"302703601",1,2,80,8,2016,nan
2019,"302706901",1,1,81,6,2018,nan
2019,"302800701",1,1,72,11,2018,nan
2019,"303100601",1,2,75,11,2018,nan
2019,"303207801",1,2,81,6,2018,nan
2019,"303310801",1,1,79,10,2016,nan
2019,"303506601",1,2,0,10,2015,nan
2019,"303700701",1,1,93,4,2018,nan
2019,"303714701",1,2,3,5,2015,nan
2019,"303807001",1,2,40,7,2016,4
2019,"304201701",1,2,97,11,2018,nan
2019,"304300401",1,1,85,4,2018,nan
2019,"304309901",1,2,103,5,2016,nan
2019,"304401401",1,1,60,7,2014,nan
2019,"304407401",1,1,51,10,2017,nan
2019,"304415801",1,1,64,12,2018,nan
2019,"304503101",1,2,27,5,2017,4
2019,"304504001",1,2,84,12,2016,nan
2019,"304504001",2,1,81,8,2018,nan
2019,"304505701",1,1,36,11,2019,nan
2019,"304606801",1,1,59,11,2018,nan
2019,"304607001",1,2,103,2,2015,nan
2019,"304707401",1,1,70,6,2015,nan
2019,"305200901",1,2,68,4,2018,nan
2019,"305213801",1,2,69,3,2018,nan
2019,"305308801",1,2,51,6,2017,nan
2019,"305808501",1,2,45,9,2016,4
2019,"306003601",1,2,49,6,2018,4
2019,"306309801",1,2,78,8,2018,nan
2019,"306315601",1,1,75,6,2019,nan
2019,"306503601",1,2,80,5,2016,nan
2019,"306615901",1,1,28,1,2019,nan
2019,"306708801",1,1,66,8,2015,nan
2019,"307002101",1,2,47,3,2016,4
2019,"307100801",1,2,65,5,2016,nan
2019,"307101101",1,1,6,11,2017,nan
2019,"307314701",1,1,51,4,2014,nan
2019,"307710801",1,2,110,8,2015,nan
2019,"308010201",1,2,84,8,2019,nan
2019,"308011501",1,1,29,1,2016,nan
2019,"308301401",1,2,55,11,2016,nan
2019,"308310301",1,2,59,1,2018,nan
2019,"308400601",1,1,83,3,2016,nan
2019,"308513302",1,2,72,9,2014,nan
2019,"308607701",1,2,68,6,2019,nan
2019,"308903301",1,2,90,4,2017,nan
2019,"309013101",1,1,74,1,2019,nan
2019,"309213201",1,1,70,3,2016,nan
2019,"309301301",1,1,67,10,2019,nan
2019,"309316101",1,2,67,5,2019,nan
2019,"309406801",1,1,72,5,2014,nan
2019,"309511301",1,1,82,11,2018,nan
2019,"309702501",1,2,76,1,2018,nan
2019,"310004201",1,2,28,2,2018,3
2019,"310110401",1,1,85,3,2017,nan
2019,"310811801",1,1,57,4,2018,nan
2019,"312003001",1,2,0,7,2019,nan
2019,"312301601",1,2,80,11,2014,nan
2019,"312301701",1,1,89,10,2016,nan
2019,"312502201",1,2,69,11,2016,nan
2019,"312508401",1,2,68,9,2014,nan
2019,"312601201",1,2,0,10,2016,nan
2019,"312601301",1,2,53,5,2018,nan
2019,"312803501",1,1,99,9,2018,nan
2019,"312902201",1,2,65,1,2017,nan
2019,"312902801",1,2,58,4,2015,nan
2019,"312903001",1,1,84,2,2018,nan
2019,"313003401",1,1,82,10,2019,nan
2019,"313305401",1,1,46,5,2017,nan
2019,"313401501",1,1,54,6,2018,nan
2019,"313409801",1,2,48,1,2016,4
2019,"313502301",1,1,74,12,2018,nan
2019,"313511001",1,1,73,11,2015,nan
2019,"313608001",1,1,91,3,2018,nan
2019,"313608801",1,2,105,7,2015,nan
2019,"313703201",1,1,102,6,2017,nan
2019,"313706501",1,2,55,9,2015,nan
2019,"313706501",2,2,83,3,2019,nan
2019,"313708401",1,2,64,1,2016,nan
2019,"313708501",1,1,97,10,2014,nan
2019,"313811801",1,1,96,11,2018,nan
2019,"313902401",1,1,50,7,2019,nan
2019,"314005301",1,2,77,3,2015,nan
2019,"314105801",1,2,70,6,2014,nan
2019,"314114401",1,1,86,7,2018,nan
2019,"314204701",1,2,69,9,2016,nan
2019,"314211901",1,2,53,5,2015,nan
2019,"314212301",1,1,45,5,2018,nan
2019,"314512801",1,1,72,4,2014,nan
2019,"314615401",1,2,60,5,2015,nan
2019,"314714101",1,1,55,3,2019,nan
2019,"314809501",1,2,96,8,2017,nan
2019,"314900901",1,1,23,6,2014,nan
2019,"314905701",1,1,65,6,2014,nan
2019,"315003101",1,2,70,9,2018,nan
2019,"315101401",1,1,24,3,2016,nan
2019,"315400301",1,2,36,8,2015,4
2019,"315511901",1,1,11,11,2019,nan
2019,"316503501",1,2,87,3,2018,nan
2019,"316806501",1,1,72,5,2017,nan
2019,"317011001",1,1,60,9,2014,nan
2019,"317415301",1,1,28,11,2018,nan
2019,"317815101",1,2,65,9,2018,nan
2019,"318200401",1,1,55,5,2019,nan
2019,"318310201",1,2,0,3,2019,nan
2019,"318804301",1,1,91,1,2019,nan
2019,"319002101",1,2,83,4,2018,nan
2019,"319002801",1,2,1,12,2018,nan
2019,"319007001",1,1,33,3,2015,nan
2019,"319103601",1,2,40,6,2017,4
2019,"319305101",1,1,57,2,2015,nan
2019,"319409401",1,1,82,9,2017,nan
2019,"319600701",1,1,52,4,2015,nan
2019,"319607801",1,2,20,1,2015,4
2019,"319608801",1,1,69,9,2016,nan
2019,"319806301",1,1,60,12,2018,nan
2019,"319907901",1,1,78,6,2014,nan
2019,"320504601",1,1,60,6,2015,nan
2019,"320601801",1,2,71,11,2018,nan
2019,"320605901",1,1,74,4,2019,nan
2019,"320702201",1,2,78,5,2017,nan
2019,"320702201",2,1,50,3,2018,nan
2019,"320800301",1,2,70,9,2016,nan
2019,"320813001",1,1,53,10,2018,nan
2019,"320904501",1,1,76,6,2018,nan
2019,"320911601",1,1,82,8,2015,nan
2019,"321001501",1,2,28,5,2015,4
2019,"321311601",1,1,45,12,2018,nan
2019,"321311601",2,1,80,4,2019,nan
2019,"321313301",1,1,54,2,2017,nan
2019,"321406501",1,2,92,3,2014,nan
2019,"321411601",1,1,74,9,2019,nan
2019,"321704801",1,2,91,10,2015,nan
2019,"321709602",1,2,79,4,2016,nan
2019,"321802101",1,2,88,1,2017,nan
2019,"321806501",1,2,0,5,2015,nan
2019,"322007301",1,1,68,7,2015,nan
2019,"322215301",1,2,79,10,2018,nan
2019,"322501601",1,1,20,10,2018,nan
2019,"322504801",1,2,74,8,2017,nan
2019,"322600801",1,1,0,1,2017,nan
2019,"322702501",1,1,23,5,2014,nan
2019,"322809001",1,2,76,10,2016,nan
2019,"323002801",1,2,59,11,2018,nan
2019,"323504601",1,1,34,10,2017,nan
2019,"323803401",1,1,77,8,2016,nan
2019,"323810401",1,1,24,8,2014,nan
2019,"324103901",1,2,1,12,2016,nan
2019,"324400101",1,1,32,6,2016,nan
2019,"324405301",1,2,25,11,2017,1
2019,"324412201",1,1,68,1,2015,nan
2019,"324602101",1,2,8,11,2014,nan
2019,"324602801",1,1,0,4,2017,nan
2019,"324804701",1,1,64,10,2015,nan
2019,"324903401",1,1,66,6,2016,nan
2019,"325008101",1,1,60,2,2019,nan
2019,"325100101",1,2,14,6,2014,4
2019,"325101501",1,2,39,10,2018,4
2019,"325105401",1,1,6,6,2016,nan
2019,"325105501",1,1,28,6,2015,nan
2019,"325202601",1,2,76,12,2019,nan
2019,"325306801",1,1,0,10,2018,nan
2019,"325406101",1,2,4,8,2019,nan
2019,"325407201",1,1,0,6,2014,nan
