,PS_COMEDOR-ID1-anho,PS_COMEDOR-HHID-identificacion_cuestionario_del_hogar,PS_COMEDOR-HVIDX-numero_de_orden_en_el_hogar,PS_COMEDOR-QHCLUSTER-conglomerado,PS_COMEDOR-QHNUMBER-vivienda_seleccionada,PS_COMEDOR-QHHOME-hogar_seleccionado,PS_COMEDOR-PS104_1A-hace_cuanto_tiempo_es_beneficiario:_anhos,PS_COMEDOR-PS104_1M-hace_cuanto_tiempo_es_beneficiario:_meses,PS_COMEDOR-PS104_1S-alguien_mas_es_beneficiario,PS_COMEDOR-PS5-numero_de_orden,PS_COMEDOR-PS104_1A-hace_cuanto_tiempo_es_beneficiario:_anhos_LABEL,PS_COMEDOR-PS104_1M-hace_cuanto_tiempo_es_beneficiario:_meses_LABEL,PS_COMEDOR-PS104_1S-alguien_mas_es_beneficiario_LABEL
0,2019,1714901,2,17,149,1,2,1,2,1,2,1,No
1,2019,3217701,2,32,177,1,1,0,2,1,1,0,No
2,2019,3611001,2,36,110,1,0,1,2,1,0,1,No
3,2019,3703901,2,37,39,1,8,0,2,1,8,0,No
4,2019,3708001,2,37,80,1,1,0,2,1,1,0,No
5,2019,3708101,3,37,81,1,5,0,2,1,5,0,No
6,2019,3708201,2,37,82,1,3,2,2,1,3,2,No
7,2019,3708401,2,37,84,1,2,0,2,1,2,0,No
8,2019,3709801,2,37,98,1,2,3,2,1,2,3,No
9,2019,3709901,2,37,99,1,10,6,2,1,10,6,No
10,2019,3710001,2,37,100,1,10,0,2,1,10,0,No
11,2019,3710101,2,37,101,1,4,0,2,1,4,0,No
12,2019,3900301,1,39,3,1,0,6,1,1,0,6,Si
13,2019,3900301,3,39,3,1,0,6,2,2,0,6,No
14,2019,4007401,1,40,74,1,2,6,2,1,2,6,No
15,2019,4100401,1,41,4,1,10,4,2,1,10,4,No
16,2019,4501301,2,45,13,1,10,0,2,1,10,0,No
17,2019,4506301,2,45,63,1,5,0,2,1,5,0,No
18,2019,4601001,2,46,10,1,98,98,2,1,No sabe,No sabe,No
19,2019,4605701,2,46,57,1,8,0,2,1,8,0,No
20,2019,4605901,2,46,59,1,0,6,2,1,0,6,No
21,2019,4608201,1,46,82,1,5,0,1,1,5,0,Si
22,2019,4608201,2,46,82,1,5,0,1,2,5,0,Si
23,2019,4608201,3,46,82,1,4,0,1,3,4,0,Si
24,2019,4608201,4,46,82,1,1,0,2,4,1,0,No
25,2019,4608301,2,46,83,1,1,0,2,1,1,0,No
26,2019,5809201,2,58,92,1,2,0,2,1,2,0,No
27,2019,9507001,2,95,70,1,2,0,2,1,2,0,No
28,2019,10200601,2,102,6,1,1,0,2,1,1,0,No
29,2019,10507101,2,105,71,1,10,0,2,1,10,0,No
30,2019,10507601,2,105,76,1,5,0,2,1,5,0,No
31,2019,10507701,2,105,77,1,0,5,2,1,0,5,No
32,2019,10507901,1,105,79,1,7,0,2,1,7,0,No
33,2019,10602201,2,106,22,1,5,0,2,1,5,0,No
34,2019,10606701,2,106,67,1,9,0,2,1,9,0,No
35,2019,11003201,2,110,32,1,10,0,1,1,10,0,Si
36,2019,11003201,4,110,32,1,7,0,2,2,7,0,No
37,2019,11501901,1,115,19,1,6,0,2,1,6,0,No
38,2019,11602701,1,116,27,1,2,0,1,1,2,0,Si
39,2019,11602701,3,116,27,1,2,0,1,2,2,0,Si
40,2019,11602701,6,116,27,1,2,0,2,3,2,0,No
41,2019,11907401,2,119,74,1,1,0,2,1,1,0,No
42,2019,13101101,2,131,11,1,2,0,2,1,2,0,No
43,2019,13102401,2,131,24,1,1,0,2,1,1,0,No
44,2019,13102601,2,131,26,1,0,5,2,1,0,5,No
45,2019,13209501,2,132,95,1,0,1,2,1,0,1,No
46,2019,13211701,2,132,117,1,1,3,2,1,1,3,No
47,2019,13413301,1,134,133,1,2,0,2,1,2,0,No
48,2019,13417901,2,134,179,1,1,0,2,1,1,0,No
49,2019,13604401,2,136,44,1,2,0,2,1,2,0,No
50,2019,13901101,1,139,11,1,1,5,2,1,1,5,No
51,2019,13901301,5,139,13,1,3,0,1,1,3,0,Si
52,2019,13901301,6,139,13,1,2,0,2,2,2,0,No
53,2019,13903401,2,139,34,1,2,0,2,1,2,0,No
54,2019,13904001,2,139,40,1,5,0,2,1,5,0,No
55,2019,13904201,2,139,42,1,0,6,2,1,0,6,No
56,2019,14205401,2,142,54,1,2,0,2,1,2,0,No
57,2019,14205501,2,142,55,1,3,0,2,1,3,0,No
58,2019,14205601,2,142,56,1,2,0,2,1,2,0,No
59,2019,14209401,2,142,94,1,10,0,2,1,10,0,No
60,2019,14209501,2,142,95,1,3,0,2,1,3,0,No
61,2019,14209601,2,142,96,1,3,0,2,1,3,0,No
62,2019,14209701,1,142,97,1,10,0,2,1,10,0,No
63,2019,14400901,2,144,9,1,4,0,2,1,4,0,No
64,2019,14501101,2,145,11,1,0,6,2,1,0,6,No
65,2019,14505201,1,145,52,1,1,0,2,1,1,0,No
66,2019,14507101,2,145,71,1,2,0,2,1,2,0,No
67,2019,14509201,2,145,92,1,1,0,2,1,1,0,No
68,2019,14509601,2,145,96,1,1,0,2,1,1,0,No
69,2019,14509701,2,145,97,1,1,0,2,1,1,0,No
70,2019,14510701,2,145,107,1,1,0,2,1,1,0,No
71,2019,14700501,2,147,5,1,1,0,2,1,1,0,No
72,2019,14702601,2,147,26,1,1,0,2,1,1,0,No
73,2019,14702901,3,147,29,1,0,1,2,1,0,1,No
74,2019,14704401,2,147,44,1,4,0,2,1,4,0,No
75,2019,14704501,2,147,45,1,2,0,2,1,2,0,No
76,2019,14705501,1,147,55,1,0,3,2,1,0,3,No
77,2019,14705701,2,147,57,1,10,0,2,1,10,0,No
78,2019,14902901,2,149,29,1,15,0,2,1,15,0,No
79,2019,14903001,2,149,30,1,2,6,2,1,2,6,No
80,2019,14903801,2,149,38,1,15,98,2,1,15,No sabe,No
81,2019,14904001,2,149,40,1,2,0,2,1,2,0,No
82,2019,14904701,2,149,47,1,6,0,1,1,6,0,Si
83,2019,14904701,4,149,47,1,5,0,2,2,5,0,No
84,2019,15002601,1,150,26,1,5,0,2,1,5,0,No
85,2019,15003101,2,150,31,1,8,5,2,1,8,5,No
86,2019,15004501,2,150,45,1,7,2,2,1,7,2,No
87,2019,15004601,2,150,46,1,1,0,2,1,1,0,No
88,2019,15004701,2,150,47,1,8,0,2,1,8,0,No
89,2019,15102001,2,151,20,1,19,0,2,1,19,0,No
90,2019,15104401,1,151,44,1,0,3,2,1,0,3,No
91,2019,15104701,2,151,47,1,8,0,2,1,8,0,No
92,2019,15108601,2,151,86,1,5,0,2,1,5,0,No
93,2019,15109001,1,151,90,1,3,0,2,1,3,0,No
94,2019,15204101,2,152,41,1,1,0,2,1,1,0,No
95,2019,15204901,2,152,49,1,4,0,2,1,4,0,No
96,2019,15300901,2,153,9,1,10,0,2,1,10,0,No
97,2019,15304301,1,153,43,1,2,6,2,1,2,6,No
98,2019,15307901,2,153,79,1,3,0,2,1,3,0,No
99,2019,15403501,2,154,35,1,0,4,2,1,0,4,No
100,2019,15403701,2,154,37,1,8,0,2,1,8,0,No
101,2019,15903201,2,159,32,1,15,0,2,1,15,0,No
102,2019,16600501,2,166,5,1,16,0,2,1,16,0,No
103,2019,16601601,2,166,16,1,1,0,1,1,1,0,Si
104,2019,16601601,6,166,16,1,1,0,2,2,1,0,No
105,2019,16601801,2,166,18,1,10,0,2,1,10,0,No
106,2019,16604601,1,166,46,1,14,0,2,1,14,0,No
107,2019,16605201,2,166,52,1,1,0,2,1,1,0,No
108,2019,18408001,1,184,80,1,10,0,1,1,10,0,Si
109,2019,18408001,4,184,80,1,3,0,2,2,3,0,No
110,2019,21506801,2,215,68,1,2,2,2,1,2,2,No
111,2019,25801601,2,258,16,1,1,0,2,1,1,0,No
112,2019,26301001,1,263,10,1,2,0,2,1,2,0,No
113,2019,26301401,1,263,14,1,19,0,2,1,19,0,No
114,2019,26302601,2,263,26,1,8,0,2,1,8,0,No
115,2019,26610301,2,266,103,1,2,0,2,1,2,0,No
116,2019,26805901,2,268,59,1,0,3,2,1,0,3,No
117,2019,26808201,2,268,82,1,19,0,2,1,19,0,No
118,2019,27107201,2,271,72,1,15,0,2,1,15,0,No
119,2019,27107301,1,271,73,1,5,0,2,1,5,0,No
120,2019,27209101,2,272,91,1,2,0,2,1,2,0,No
121,2019,27303001,2,273,30,1,98,98,2,1,No sabe,No sabe,No
122,2019,27303101,2,273,31,1,2,0,2,1,2,0,No
123,2019,27306401,2,273,64,1,15,0,2,1,15,0,No
124,2019,27306501,1,273,65,1,3,0,2,1,3,0,No
125,2019,27307101,2,273,71,1,5,0,2,1,5,0,No
126,2019,27307201,1,273,72,1,0,5,2,1,0,5,No
127,2019,28301801,1,283,18,1,4,0,2,1,4,0,No
128,2019,28405601,1,284,56,1,2,0,1,1,2,0,Si
129,2019,28405601,2,284,56,1,1,0,2,2,1,0,No
130,2019,28411301,2,284,113,1,0,2,2,1,0,2,No
131,2019,29002201,2,290,22,1,3,0,2,1,3,0,No
132,2019,29002601,2,290,26,1,0,5,2,1,0,5,No
133,2019,29103501,2,291,35,1,7,0,2,1,7,0,No
134,2019,29103701,2,291,37,1,1,0,2,1,1,0,No
135,2019,29403301,2,294,33,1,3,0,2,1,3,0,No
136,2019,29403501,3,294,35,1,2,0,2,1,2,0,No
137,2019,29404601,2,294,46,1,2,0,2,1,2,0,No
138,2019,29404801,2,294,48,1,15,0,2,1,15,0,No
139,2019,29500801,2,295,8,1,0,5,2,1,0,5,No
140,2019,29501001,1,295,10,1,8,0,2,1,8,0,No
141,2019,29501401,2,295,14,1,10,0,2,1,10,0,No
142,2019,29501501,2,295,15,1,6,0,2,1,6,0,No
143,2019,29501701,2,295,17,1,2,0,2,1,2,0,No
144,2019,29503101,2,295,31,1,3,0,2,1,3,0,No
145,2019,30812501,1,308,125,1,3,0,1,1,3,0,Si
146,2019,30812501,2,308,125,1,3,0,1,2,3,0,Si
147,2019,30812501,5,308,125,1,1,6,1,3,1,6,Si
148,2019,30812501,6,308,125,1,0,6,2,4,0,6,No
149,2019,31102001,2,311,20,1,3,98,2,1,3,No sabe,No
150,2019,31803401,3,318,34,1,2,98,2,1,2,No sabe,No
151,2019,32000201,2,320,2,1,1,0,2,1,1,0,No
152,2019,32605801,2,326,58,1,8,0,2,1,8,0,No
153,2019,32606101,2,326,61,1,8,0,2,1,8,0,No
154,2019,32606401,2,326,64,1,3,0,2,1,3,0,No
155,2019,32606601,1,326,66,1,10,98,2,1,10,No sabe,No
156,2019,32803401,2,328,34,1,0,2,2,1,0,2,No
157,2019,32803501,2,328,35,1,5,0,2,1,5,0,No
158,2019,32803801,1,328,38,1,0,2,2,1,0,2,No
159,2019,32803901,2,328,39,1,1,0,2,1,1,0,No
160,2019,32804001,2,328,40,1,5,98,2,1,5,No sabe,No
161,2019,32807701,2,328,77,1,10,98,2,1,10,No sabe,No
162,2019,32807901,2,328,79,1,3,0,2,1,3,0,No
163,2019,33101101,2,331,11,1,4,0,2,1,4,0,No
164,2019,33101201,2,331,12,1,8,1,2,1,8,1,No
165,2019,33101401,2,331,14,1,10,0,2,1,10,0,No
166,2019,33101501,2,331,15,1,3,0,2,1,3,0,No
167,2019,33105701,2,331,57,1,1,4,2,1,1,4,No
168,2019,33106001,4,331,60,1,6,6,2,1,6,6,No
169,2019,33106601,2,331,66,1,3,0,2,1,3,0,No
170,2019,33106701,2,331,67,1,3,0,2,1,3,0,No
171,2019,33106801,3,331,68,1,3,0,2,1,3,0,No
172,2019,33106901,2,331,69,1,2,0,2,1,2,0,No
173,2019,33107101,3,331,71,1,2,0,2,1,2,0,No
174,2019,33606501,2,336,65,1,0,1,2,1,0,1,No
175,2019,33606601,2,336,66,1,0,1,2,1,0,1,No
176,2019,33606701,2,336,67,1,7,4,2,1,7,4,No
177,2019,33608901,2,336,89,1,3,0,2,1,3,0,No
178,2019,34707501,2,347,75,1,98,98,2,1,No sabe,No sabe,No
179,2019,35311401,1,353,114,1,3,4,1,1,3,4,Si
180,2019,35311401,2,353,114,1,3,4,1,2,3,4,Si
181,2019,35311401,3,353,114,1,3,4,1,3,3,4,Si
182,2019,35311401,4,353,114,1,3,4,1,4,3,4,Si
183,2019,35311401,5,353,114,1,1,4,1,5,1,4,Si
184,2019,35311401,6,353,114,1,3,4,2,6,3,4,No
185,2019,35709901,4,357,99,1,3,0,1,1,3,0,Si
186,2019,35709901,5,357,99,1,3,0,1,2,3,0,Si
187,2019,35709901,6,357,99,1,3,0,1,3,3,0,Si
188,2019,35709901,7,357,99,1,1,0,2,4,1,0,No
189,2019,37204201,1,372,42,1,0,1,1,1,0,1,Si
190,2019,37204201,4,372,42,1,0,2,1,2,0,2,Si
191,2019,37204201,5,372,42,1,0,2,1,3,0,2,Si
192,2019,37204201,6,372,42,1,0,1,1,4,0,1,Si
193,2019,37204201,7,372,42,1,0,1,1,5,0,1,Si
194,2019,37204201,8,372,42,1,0,1,1,6,0,1,Si
195,2019,37204201,10,372,42,1,0,1,1,7,0,1,Si
196,2019,37204201,11,372,42,1,0,1,2,8,0,1,No
197,2019,44306201,2,443,62,1,10,0,2,1,10,0,No
198,2019,44403801,4,444,38,1,0,1,2,1,0,1,No
199,2019,44504801,1,445,48,1,15,0,2,1,15,0,No
200,2019,44504901,2,445,49,1,6,0,2,1,6,0,No
201,2019,44505001,2,445,50,1,4,0,2,1,4,0,No
202,2019,44505101,2,445,51,1,14,0,2,1,14,0,No
203,2019,44505201,2,445,52,1,98,0,2,1,No sabe,0,No
204,2019,44801301,2,448,13,1,0,3,2,1,0,3,No
205,2019,45302701,2,453,27,1,10,1,2,1,10,1,No
206,2019,45302901,2,453,29,1,0,6,1,1,0,6,Si
207,2019,45302901,4,453,29,1,3,1,2,2,3,1,No
208,2019,45303801,2,453,38,1,19,1,2,1,19,1,No
209,2019,45304601,1,453,46,1,8,0,2,1,8,0,No
210,2019,45702701,2,457,27,1,10,0,2,1,10,0,No
211,2019,47904401,1,479,44,1,19,11,2,1,19,11,No
212,2019,48011701,1,480,117,1,1,3,2,1,1,3,No
213,2019,48103501,1,481,35,1,18,0,2,1,18,0,No
214,2019,48802101,2,488,21,1,1,5,2,1,1,5,No
215,2019,48807401,2,488,74,1,0,1,2,1,0,1,No
216,2019,48808201,2,488,82,1,1,4,2,1,1,4,No
217,2019,48808601,6,488,86,1,0,1,2,1,0,1,No
218,2019,49502301,2,495,23,1,4,0,2,1,4,0,No
219,2019,49700101,2,497,1,1,6,0,2,1,6,0,No
220,2019,49700501,2,497,5,1,3,0,2,1,3,0,No
221,2019,49702201,2,497,22,1,4,0,2,1,4,0,No
222,2019,49702801,2,497,28,1,12,4,1,1,12,4,Si
223,2019,49702801,4,497,28,1,8,4,2,2,8,4,No
224,2019,49703801,2,497,38,1,12,4,2,1,12,4,No
225,2019,49704001,1,497,40,1,3,4,2,1,3,4,No
226,2019,49803201,1,498,32,1,15,0,2,1,15,0,No
227,2019,49901601,2,499,16,1,4,0,2,1,4,0,No
228,2019,49902201,1,499,22,1,10,0,1,1,10,0,Si
229,2019,49902201,2,499,22,1,10,0,1,2,10,0,Si
230,2019,49902201,3,499,22,1,10,0,2,3,10,0,No
231,2019,49902301,3,499,23,1,5,0,2,1,5,0,No
232,2019,49902401,1,499,24,1,11,0,1,1,11,0,Si
233,2019,49902401,2,499,24,1,11,0,2,2,11,0,No
234,2019,50006501,2,500,65,1,19,0,2,1,19,0,No
235,2019,50102601,1,501,26,1,2,0,2,1,2,0,No
236,2019,50102701,2,501,27,1,5,4,2,1,5,4,No
237,2019,50104101,1,501,41,1,1,4,2,1,1,4,No
238,2019,50104201,2,501,42,1,10,0,2,1,10,0,No
239,2019,50104401,2,501,44,1,4,4,2,1,4,4,No
240,2019,50108001,2,501,80,1,10,0,2,1,10,0,No
241,2019,50108301,2,501,83,1,18,0,2,1,18,0,No
242,2019,50202501,1,502,25,1,3,0,2,1,3,0,No
243,2019,50202601,1,502,26,1,15,5,2,1,15,5,No
244,2019,50202701,2,502,27,1,8,0,2,1,8,0,No
245,2019,50202801,1,502,28,1,15,5,2,1,15,5,No
246,2019,50202901,2,502,29,1,10,0,2,1,10,0,No
247,2019,50203001,1,502,30,1,10,5,2,1,10,5,No
248,2019,50203101,2,502,31,1,15,0,2,1,15,0,No
249,2019,50203201,1,502,32,1,19,5,2,1,19,5,No
250,2019,50203301,1,502,33,1,3,0,2,1,3,0,No
251,2019,50203401,2,502,34,1,19,5,2,1,19,5,No
252,2019,50203501,1,502,35,1,1,0,2,1,1,0,No
253,2019,50203601,2,502,36,1,19,0,2,1,19,0,No
254,2019,50203801,1,502,38,1,15,5,2,1,15,5,No
255,2019,50203901,2,502,39,1,5,0,2,1,5,0,No
256,2019,50300201,1,503,2,1,2,8,2,1,2,8,No
257,2019,50306201,2,503,62,1,10,0,2,1,10,0,No
258,2019,50602501,2,506,25,1,0,6,2,1,0,6,No
259,2019,50602701,1,506,27,1,6,5,2,1,6,5,No
260,2019,50602801,1,506,28,1,6,0,2,1,6,0,No
261,2019,50602901,2,506,29,1,3,5,2,1,3,5,No
262,2019,50603001,1,506,30,1,10,0,2,1,10,0,No
263,2019,50603801,1,506,38,1,10,5,1,1,10,5,Si
264,2019,50603801,2,506,38,1,10,5,2,2,10,5,No
265,2019,50604201,1,506,42,1,6,5,1,1,6,5,Si
266,2019,50604201,2,506,42,1,6,5,2,2,6,5,No
267,2019,50605001,2,506,50,1,2,6,2,1,2,6,No
268,2019,50701001,2,507,10,1,13,0,2,1,13,0,No
269,2019,50704301,2,507,43,1,10,3,2,1,10,3,No
270,2019,50706901,2,507,69,1,2,0,2,1,2,0,No
271,2019,51001201,1,510,12,1,2,2,1,1,2,2,Si
272,2019,51001201,2,510,12,1,2,2,1,2,2,2,Si
273,2019,51001201,3,510,12,1,2,2,1,3,2,2,Si
274,2019,51001201,4,510,12,1,2,2,1,4,2,2,Si
275,2019,51001201,5,510,12,1,2,2,1,5,2,2,Si
276,2019,51001201,6,510,12,1,2,2,2,6,2,2,No
277,2019,51001501,2,510,15,1,1,1,2,1,1,1,No
278,2019,51003501,2,510,35,1,0,8,2,1,0,8,No
279,2019,51006901,1,510,69,1,2,0,2,1,2,0,No
280,2019,51007101,2,510,71,1,2,0,2,1,2,0,No
281,2019,51007201,2,510,72,1,3,0,2,1,3,0,No
282,2019,51100801,2,511,8,1,4,0,2,1,4,0,No
283,2019,51101301,1,511,13,1,4,98,2,1,4,No sabe,No
284,2019,51203201,2,512,32,1,0,3,2,1,0,3,No
285,2019,51301001,2,513,10,1,3,1,2,1,3,1,No
286,2019,51305601,1,513,56,1,4,0,2,1,4,0,No
287,2019,51307001,1,513,70,1,3,0,2,1,3,0,No
288,2019,51309101,2,513,91,1,14,11,2,1,14,11,No
289,2019,51409501,5,514,95,1,0,1,2,1,0,1,No
290,2019,51802601,1,518,26,1,2,4,1,1,2,4,Si
291,2019,51802601,2,518,26,1,6,4,2,2,6,4,No
292,2019,51804501,2,518,45,1,6,0,2,1,6,0,No
293,2019,51807401,1,518,74,1,7,4,1,1,7,4,Si
294,2019,51807401,2,518,74,1,7,4,1,2,7,4,Si
295,2019,51807401,3,518,74,1,2,4,2,3,2,4,No
296,2019,51807501,2,518,75,1,15,4,2,1,15,4,No
297,2019,51901101,2,519,11,1,19,0,2,1,19,0,No
298,2019,51901201,1,519,12,1,19,11,2,1,19,11,No
299,2019,51901301,1,519,13,1,19,0,2,1,19,0,No
300,2019,51901401,2,519,14,1,13,0,2,1,13,0,No
301,2019,51908301,2,519,83,1,1,11,2,1,1,11,No
302,2019,51908701,2,519,87,1,4,0,2,1,4,0,No
303,2019,52102301,1,521,23,1,1,3,2,1,1,3,No
304,2019,52611801,1,526,118,1,2,0,1,1,2,0,Si
305,2019,52611801,2,526,118,1,2,0,2,2,2,0,No
306,2019,55309101,2,553,91,1,3,0,2,1,3,0,No
307,2019,55504901,1,555,49,1,3,0,2,1,3,0,No
308,2019,55505901,2,555,59,1,1,0,2,1,1,0,No
309,2019,59405601,1,594,56,1,0,9,1,1,0,9,Si
310,2019,59405601,2,594,56,1,0,9,1,2,0,9,Si
311,2019,59405601,3,594,56,1,0,9,1,3,0,9,Si
312,2019,59405601,5,594,56,1,0,9,2,4,0,9,No
313,2019,64012201,3,640,122,1,2,0,2,1,2,0,No
314,2019,75300801,2,753,8,1,1,0,2,1,1,0,No
315,2019,75300901,1,753,9,1,0,3,2,1,0,3,No
316,2019,75306901,1,753,69,1,1,0,2,1,1,0,No
317,2019,75613901,1,756,139,1,15,0,2,1,15,0,No
318,2019,75700201,2,757,2,1,10,0,2,1,10,0,No
319,2019,75700401,2,757,4,1,4,0,2,1,4,0,No
320,2019,75704801,2,757,48,1,5,0,2,1,5,0,No
321,2019,75704901,2,757,49,1,1,0,2,1,1,0,No
322,2019,75705001,2,757,50,1,5,0,2,1,5,0,No
323,2019,75705201,2,757,52,1,5,0,2,1,5,0,No
324,2019,75705301,1,757,53,1,1,0,2,1,1,0,No
325,2019,75804101,2,758,41,1,8,0,2,1,8,0,No
326,2019,75804201,2,758,42,1,2,0,2,1,2,0,No
327,2019,75804301,2,758,43,1,6,0,2,1,6,0,No
328,2019,75804501,2,758,45,1,0,8,2,1,0,8,No
329,2019,75805001,1,758,50,1,2,0,2,1,2,0,No
330,2019,78004201,2,780,42,1,0,5,2,1,0,5,No
331,2019,78720402,1,787,204,2,1,2,1,1,1,2,Si
332,2019,78720402,2,787,204,2,1,2,1,2,1,2,Si
333,2019,78720402,3,787,204,2,1,2,1,3,1,2,Si
334,2019,78720402,4,787,204,2,1,2,2,4,1,2,No
335,2019,79110401,2,791,104,1,5,0,2,1,5,0,No
336,2019,80701201,1,807,12,1,19,0,1,1,19,0,Si
337,2019,80701201,2,807,12,1,2,0,1,2,2,0,Si
338,2019,80701201,3,807,12,1,0,6,2,3,0,6,No
339,2019,81702101,2,817,21,1,10,0,2,1,10,0,No
340,2019,81702301,2,817,23,1,4,0,1,1,4,0,Si
341,2019,81702301,3,817,23,1,3,6,2,2,3,6,No
342,2019,81702501,1,817,25,1,10,0,1,1,10,0,Si
343,2019,81702501,2,817,25,1,10,0,1,2,10,0,Si
344,2019,81702501,3,817,25,1,10,0,1,3,10,0,Si
345,2019,81702501,4,817,25,1,10,0,1,4,10,0,Si
346,2019,81702501,5,817,25,1,9,0,1,5,9,0,Si
347,2019,81702501,6,817,25,1,4,5,1,6,4,5,Si
348,2019,81702501,7,817,25,1,1,6,2,7,1,6,No
349,2019,85600301,1,856,3,1,4,0,2,1,4,0,No
350,2019,85705501,1,857,55,1,19,0,2,1,19,0,No
351,2019,85811201,2,858,112,1,2,0,2,1,2,0,No
352,2019,86900601,1,869,6,1,19,0,2,1,19,0,No
353,2019,89303201,2,893,32,1,4,0,2,1,4,0,No
354,2019,90201101,1,902,11,1,19,0,2,1,19,0,No
355,2019,90504001,1,905,40,1,2,2,1,1,2,2,Si
356,2019,90504001,2,905,40,1,2,2,1,2,2,2,Si
357,2019,90504001,3,905,40,1,2,2,1,3,2,2,Si
358,2019,90504001,4,905,40,1,2,2,1,4,2,2,Si
359,2019,90504001,5,905,40,1,2,2,2,5,2,2,No
360,2019,90608101,4,906,81,1,2,0,2,1,2,0,No
361,2019,91112501,2,911,125,1,10,2,1,1,10,2,Si
362,2019,91112501,3,911,125,1,6,2,1,2,6,2,Si
363,2019,91112501,4,911,125,1,2,2,1,3,2,2,Si
364,2019,91112501,5,911,125,1,10,2,2,4,10,2,No
365,2019,95207001,3,952,70,1,7,1,2,1,7,1,No
366,2019,96225601,2,962,256,1,14,3,1,1,14,3,Si
367,2019,96225601,4,962,256,1,10,3,2,2,10,3,No
368,2019,96303101,1,963,31,1,19,0,1,1,19,0,Si
369,2019,96303101,2,963,31,1,15,0,1,2,15,0,Si
370,2019,96303101,3,963,31,1,10,0,1,3,10,0,Si
371,2019,96303101,4,963,31,1,19,0,1,4,19,0,Si
372,2019,96303101,5,963,31,1,19,0,1,5,19,0,Si
373,2019,96303101,6,963,31,1,19,0,2,6,19,0,No
374,2019,96616901,1,966,169,1,12,0,2,1,12,0,No
375,2019,97700401,2,977,4,1,17,5,2,1,17,5,No
376,2019,98010101,1,980,101,1,0,3,2,1,0,3,No
377,2019,98010601,1,980,106,1,2,0,1,1,2,0,Si
378,2019,98010601,5,980,106,1,2,0,2,2,2,0,No
379,2019,100115201,1,1001,152,1,4,4,2,1,4,4,No
380,2019,100213401,2,1002,134,1,4,3,2,1,4,3,No
381,2019,101306301,1,1013,63,1,10,0,2,1,10,0,No
382,2019,103202301,1,1032,23,1,5,0,2,1,5,0,No
383,2019,103700101,1,1037,1,1,14,1,2,1,14,1,No
384,2019,103708701,2,1037,87,1,8,0,2,1,8,0,No
385,2019,103708801,1,1037,88,1,5,1,2,1,5,1,No
386,2019,104206301,2,1042,63,1,0,1,2,1,0,1,No
387,2019,113203001,1,1132,30,1,6,0,2,1,6,0,No
388,2019,114002301,1,1140,23,1,0,3,1,1,0,3,Si
389,2019,114002301,2,1140,23,1,0,3,1,2,0,3,Si
390,2019,114002301,3,1140,23,1,0,3,2,3,0,3,No
391,2019,114701701,1,1147,17,1,4,2,1,1,4,2,Si
392,2019,114701701,2,1147,17,1,2,0,1,2,2,0,Si
393,2019,114701701,3,1147,17,1,2,0,1,3,2,0,Si
394,2019,114701701,4,1147,17,1,2,0,2,4,2,0,No
395,2019,114702101,1,1147,21,1,2,0,1,1,2,0,Si
396,2019,114702101,2,1147,21,1,2,0,1,2,2,0,Si
397,2019,114702101,3,1147,21,1,2,0,2,3,2,0,No
398,2019,114702201,1,1147,22,1,0,3,1,1,0,3,Si
399,2019,114702201,2,1147,22,1,0,3,1,2,0,3,Si
400,2019,114702201,3,1147,22,1,0,3,1,3,0,3,Si
401,2019,114702201,4,1147,22,1,0,3,1,4,0,3,Si
402,2019,114702201,5,1147,22,1,0,3,1,5,0,3,Si
403,2019,114702201,6,1147,22,1,0,3,2,6,0,3,No
404,2019,114702801,1,1147,28,1,2,0,2,1,2,0,No
405,2019,114702901,1,1147,29,1,2,2,1,1,2,2,Si
406,2019,114702901,2,1147,29,1,2,2,1,2,2,2,Si
407,2019,114702901,3,1147,29,1,2,2,2,3,2,2,No
408,2019,114703201,1,1147,32,1,2,2,1,1,2,2,Si
409,2019,114703201,2,1147,32,1,2,2,2,2,2,2,No
410,2019,114703301,1,1147,33,1,3,98,2,1,3,No sabe,No
411,2019,114703401,1,1147,34,1,2,0,2,1,2,0,No
412,2019,114703501,1,1147,35,1,2,2,2,1,2,2,No
413,2019,114703601,1,1147,36,1,5,98,1,1,5,No sabe,Si
414,2019,114703601,2,1147,36,1,5,98,1,2,5,No sabe,Si
415,2019,114703601,4,1147,36,1,5,98,1,3,5,No sabe,Si
416,2019,114703601,5,1147,36,1,5,98,1,4,5,No sabe,Si
417,2019,114703601,6,1147,36,1,5,98,1,5,5,No sabe,Si
418,2019,114703601,7,1147,36,1,5,98,1,6,5,No sabe,Si
419,2019,114703601,8,1147,36,1,3,98,1,7,3,No sabe,Si
420,2019,114703601,9,1147,36,1,1,98,2,8,1,No sabe,No
421,2019,114703701,1,1147,37,1,2,1,2,1,2,1,No
422,2019,114704101,1,1147,41,1,10,0,1,1,10,0,Si
423,2019,114704101,2,1147,41,1,9,0,1,2,9,0,Si
424,2019,114704101,3,1147,41,1,6,0,1,3,6,0,Si
425,2019,114704101,4,1147,41,1,5,0,1,4,5,0,Si
426,2019,114704101,5,1147,41,1,3,0,1,5,3,0,Si
427,2019,114704101,6,1147,41,1,1,0,2,6,1,0,No
428,2019,118508001,1,1185,80,1,3,0,2,1,3,0,No
429,2019,121802101,1,1218,21,1,8,0,2,1,8,0,No
430,2019,122700601,1,1227,6,1,14,0,2,1,14,0,No
431,2019,122702301,1,1227,23,1,17,0,2,1,17,0,No
432,2019,122702701,2,1227,27,1,12,0,2,1,12,0,No
433,2019,122703001,2,1227,30,1,5,6,2,1,5,6,No
434,2019,123213801,4,1232,138,1,0,8,1,1,0,8,Si
435,2019,123213801,5,1232,138,1,0,8,1,2,0,8,Si
436,2019,123213801,6,1232,138,1,0,8,2,3,0,8,No
437,2019,123304001,2,1233,40,1,2,0,2,1,2,0,No
438,2019,123712001,2,1237,120,1,19,0,2,1,19,0,No
439,2019,123901301,2,1239,13,1,1,1,2,1,1,1,No
440,2019,123903101,2,1239,31,1,5,0,2,1,5,0,No
441,2019,124300701,2,1243,7,1,1,11,2,1,1,11,No
442,2019,124305601,2,1243,56,1,4,3,2,1,4,3,No
443,2019,124306701,2,1243,67,1,2,0,2,1,2,0,No
444,2019,124400801,2,1244,8,1,5,0,2,1,5,0,No
445,2019,124401201,3,1244,12,1,4,0,2,1,4,0,No
446,2019,124403101,2,1244,31,1,1,0,2,1,1,0,No
447,2019,124404201,2,1244,42,1,4,6,2,1,4,6,No
448,2019,124405401,1,1244,54,1,6,0,2,1,6,0,No
449,2019,124805301,2,1248,53,1,0,1,2,1,0,1,No
450,2019,125206601,2,1252,66,1,1,0,2,1,1,0,No
451,2019,126100501,2,1261,5,1,1,0,2,1,1,0,No
452,2019,126103901,1,1261,39,1,2,0,2,1,2,0,No
453,2019,126106201,2,1261,62,1,1,0,2,1,1,0,No
454,2019,126206301,2,1262,63,1,10,2,2,1,10,2,No
455,2019,126210401,2,1262,104,1,8,4,2,1,8,4,No
456,2019,126300301,3,1263,3,1,1,7,2,1,1,7,No
457,2019,126300401,1,1263,4,1,5,0,2,1,5,0,No
458,2019,126300501,2,1263,5,1,8,0,2,1,8,0,No
459,2019,126300701,2,1263,7,1,4,0,2,1,4,0,No
460,2019,126300801,2,1263,8,1,3,0,2,1,3,0,No
461,2019,126301101,2,1263,11,1,8,0,2,1,8,0,No
462,2019,126301201,1,1263,12,1,10,0,2,1,10,0,No
463,2019,126400501,1,1264,5,1,0,10,2,1,0,10,No
464,2019,126401201,2,1264,12,1,0,4,2,1,0,4,No
465,2019,126401401,2,1264,14,1,2,0,2,1,2,0,No
466,2019,126401501,1,1264,15,1,5,5,2,1,5,5,No
467,2019,126401601,1,1264,16,1,1,4,2,1,1,4,No
468,2019,126401801,2,1264,18,1,2,0,2,1,2,0,No
469,2019,126401901,2,1264,19,1,1,3,2,1,1,3,No
470,2019,126503001,2,1265,30,1,0,1,2,1,0,1,No
471,2019,126503101,1,1265,31,1,0,4,2,1,0,4,No
472,2019,126506001,2,1265,60,1,2,4,2,1,2,4,No
473,2019,126506301,2,1265,63,1,1,6,2,1,1,6,No
474,2019,126507801,2,1265,78,1,1,0,2,1,1,0,No
475,2019,126703301,2,1267,33,1,0,5,2,1,0,5,No
476,2019,126703501,2,1267,35,1,2,5,2,1,2,5,No
477,2019,130803701,1,1308,37,1,5,0,1,1,5,0,Si
478,2019,130803701,3,1308,37,1,1,0,2,2,1,0,No
479,2019,130803901,1,1308,39,1,1,0,1,1,1,0,Si
480,2019,130803901,2,1308,39,1,1,0,1,2,1,0,Si
481,2019,130803901,3,1308,39,1,1,0,1,3,1,0,Si
482,2019,130803901,4,1308,39,1,1,0,2,4,1,0,No
483,2019,130807601,1,1308,76,1,1,0,1,1,1,0,Si
484,2019,130807601,2,1308,76,1,1,0,1,2,1,0,Si
485,2019,130807601,3,1308,76,1,1,0,1,3,1,0,Si
486,2019,130807601,4,1308,76,1,1,0,2,4,1,0,No
487,2019,131105101,1,1311,51,1,19,0,1,1,19,0,Si
488,2019,131105101,3,1311,51,1,7,0,2,2,7,0,No
489,2019,131408101,5,1314,81,1,2,0,2,1,2,0,No
490,2019,131412001,2,1314,120,1,13,0,2,1,13,0,No
491,2019,131618501,2,1316,185,1,3,0,2,1,3,0,No
492,2019,132604101,1,1326,41,1,6,0,1,1,6,0,Si
493,2019,132604101,2,1326,41,1,5,0,1,2,5,0,Si
494,2019,132604101,3,1326,41,1,5,0,1,3,5,0,Si
495,2019,132604101,4,1326,41,1,1,0,2,4,1,0,No
496,2019,132604301,2,1326,43,1,5,0,2,1,5,0,No
497,2019,132604501,3,1326,45,1,2,0,1,1,2,0,Si
498,2019,132604501,4,1326,45,1,1,0,2,2,1,0,No
499,2019,132616001,2,1326,160,1,7,0,2,1,7,0,No
500,2019,132722101,2,1327,221,1,1,0,2,1,1,0,No
501,2019,132722201,1,1327,222,1,0,1,1,1,0,1,Si
502,2019,132722201,2,1327,222,1,0,1,2,2,0,1,No
503,2019,132722301,2,1327,223,1,0,2,2,1,0,2,No
504,2019,133408901,2,1334,89,1,3,0,2,1,3,0,No
505,2019,133414601,2,1334,146,1,3,0,2,1,3,0,No
506,2019,138002201,2,1380,22,1,15,0,2,1,15,0,No
507,2019,140703901,2,1407,39,1,2,0,2,1,2,0,No
508,2019,141110001,2,1411,100,1,8,0,2,1,8,0,No
509,2019,141512701,3,1415,127,1,1,0,2,1,1,0,No
510,2019,144312501,2,1443,125,1,10,0,2,1,10,0,No
511,2019,145507801,4,1455,78,1,0,6,1,1,0,6,Si
512,2019,145507801,5,1455,78,1,0,6,2,2,0,6,No
513,2019,146212301,2,1462,123,1,10,5,2,1,10,5,No
514,2019,146807801,1,1468,78,1,2,0,2,1,2,0,No
515,2019,146905101,2,1469,51,1,4,1,2,1,4,1,No
516,2019,149903701,2,1499,37,1,10,5,2,1,10,5,No
517,2019,149903901,2,1499,39,1,15,5,1,1,15,5,Si
518,2019,149903901,3,1499,39,1,2,5,2,2,2,5,No
519,2019,149904601,1,1499,46,1,6,5,2,1,6,5,No
520,2019,149904701,3,1499,47,1,1,5,2,1,1,5,No
521,2019,150100101,2,1501,1,1,4,3,2,1,4,3,No
522,2019,150100301,2,1501,3,1,15,3,1,1,15,3,Si
523,2019,150100301,4,1501,3,1,5,3,2,2,5,3,No
524,2019,150100401,2,1501,4,1,2,1,1,1,2,1,Si
525,2019,150100401,3,1501,4,1,2,1,2,2,2,1,No
526,2019,150106201,1,1501,62,1,4,2,2,1,4,2,No
527,2019,150107601,1,1501,76,1,1,3,2,1,1,3,No
528,2019,150107901,2,1501,79,1,14,3,2,1,14,3,No
529,2019,153709901,2,1537,99,1,3,0,2,1,3,0,No
530,2019,155101201,2,1551,12,1,0,1,2,1,0,1,No
531,2019,155704601,1,1557,46,1,1,0,2,1,1,0,No
532,2019,155804901,2,1558,49,1,2,2,2,1,2,2,No
533,2019,155913601,2,1559,136,1,2,1,2,1,2,1,No
534,2019,156110501,1,1561,105,1,0,1,2,1,0,1,No
535,2019,156308001,2,1563,80,1,10,2,2,1,10,2,No
536,2019,156308301,5,1563,83,1,5,0,2,1,5,0,No
537,2019,156604601,2,1566,46,1,3,0,2,1,3,0,No
538,2019,156604701,2,1566,47,1,10,1,2,1,10,1,No
539,2019,156605001,1,1566,50,1,7,0,2,1,7,0,No
540,2019,156612201,2,1566,122,1,0,1,2,1,0,1,No
541,2019,156612401,1,1566,124,1,0,1,2,1,0,1,No
542,2019,157511401,2,1575,114,1,2,0,2,1,2,0,No
543,2019,163100901,1,1631,9,1,0,2,2,1,0,2,No
544,2019,163102901,2,1631,29,1,1,10,2,1,1,10,No
545,2019,163103901,2,1631,39,1,2,0,2,1,2,0,No
546,2019,163209801,2,1632,98,1,0,1,2,1,0,1,No
547,2019,163606201,2,1636,62,1,2,7,2,1,2,7,No
548,2019,164903201,2,1649,32,1,2,0,2,1,2,0,No
549,2019,165200501,2,1652,5,1,2,0,2,1,2,0,No
550,2019,166100501,2,1661,5,1,1,6,2,1,1,6,No
551,2019,166110001,2,1661,100,1,3,0,2,1,3,0,No
552,2019,166110101,2,1661,101,1,2,6,2,1,2,6,No
553,2019,166201701,2,1662,17,1,9,5,2,1,9,5,No
554,2019,167211901,2,1672,119,1,3,0,2,1,3,0,No
555,2019,168106101,2,1681,61,1,0,2,2,1,0,2,No
556,2019,168106801,2,1681,68,1,1,6,2,1,1,6,No
557,2019,169404201,2,1694,42,1,2,0,2,1,2,0,No
558,2019,171904601,1,1719,46,1,15,0,1,1,15,0,Si
559,2019,171904601,2,1719,46,1,15,0,1,2,15,0,Si
560,2019,171904601,3,1719,46,1,14,0,1,3,14,0,Si
561,2019,171904601,4,1719,46,1,11,0,1,4,11,0,Si
562,2019,171904601,5,1719,46,1,9,0,2,5,9,0,No
563,2019,171904801,1,1719,48,1,15,0,1,1,15,0,Si
564,2019,171904801,2,1719,48,1,15,0,1,2,15,0,Si
565,2019,171904801,3,1719,48,1,14,0,1,3,14,0,Si
566,2019,171904801,4,1719,48,1,6,0,2,4,6,0,No
567,2019,171905501,1,1719,55,1,10,0,1,1,10,0,Si
568,2019,171905501,2,1719,55,1,10,0,1,2,10,0,Si
569,2019,171905501,3,1719,55,1,10,0,2,3,10,0,No
570,2019,171908901,1,1719,89,1,6,0,1,1,6,0,Si
571,2019,171908901,2,1719,89,1,6,0,1,2,6,0,Si
572,2019,171908901,3,1719,89,1,6,0,1,3,6,0,Si
573,2019,171908901,4,1719,89,1,6,0,1,4,6,0,Si
574,2019,171908901,5,1719,89,1,6,0,1,5,6,0,Si
575,2019,171908901,6,1719,89,1,5,6,1,6,5,6,Si
576,2019,171908901,7,1719,89,1,3,10,2,7,3,10,No
577,2019,172103301,2,1721,33,1,0,3,2,1,0,3,No
578,2019,172815601,2,1728,156,1,1,0,2,1,1,0,No
579,2019,173001601,1,1730,16,1,98,98,2,1,No sabe,No sabe,No
580,2019,173002701,1,1730,27,1,2,0,2,1,2,0,No
581,2019,173002901,2,1730,29,1,5,0,2,1,5,0,No
582,2019,173500101,2,1735,1,1,5,0,2,1,5,0,No
583,2019,173500401,2,1735,4,1,1,0,2,1,1,0,No
584,2019,173505201,1,1735,52,1,0,2,1,1,0,2,Si
585,2019,173505201,2,1735,52,1,0,2,1,2,0,2,Si
586,2019,173505201,4,1735,52,1,0,2,2,3,0,2,No
587,2019,173600501,2,1736,5,1,5,0,2,1,5,0,No
588,2019,173602901,1,1736,29,1,2,0,2,1,2,0,No
589,2019,174112601,2,1741,126,1,0,2,2,1,0,2,No
590,2019,174208101,1,1742,81,1,2,0,2,1,2,0,No
591,2019,174507401,2,1745,74,1,2,0,2,1,2,0,No
592,2019,174802301,1,1748,23,1,15,11,2,1,15,11,No
593,2019,174804201,2,1748,42,1,0,6,2,1,0,6,No
594,2019,175208101,2,1752,81,1,0,1,2,1,0,1,No
595,2019,176002901,2,1760,29,1,5,0,2,1,5,0,No
596,2019,176507901,2,1765,79,1,5,10,2,1,5,10,No
597,2019,176800901,2,1768,9,1,1,3,2,1,1,3,No
598,2019,176801201,2,1768,12,1,5,11,2,1,5,11,No
599,2019,176913401,2,1769,134,1,2,0,2,1,2,0,No
600,2019,177002201,2,1770,22,1,0,6,2,1,0,6,No
601,2019,177006301,2,1770,63,1,0,2,2,1,0,2,No
602,2019,177007701,2,1770,77,1,4,0,2,1,4,0,No
603,2019,177702301,1,1777,23,1,2,10,2,1,2,10,No
604,2019,177702701,2,1777,27,1,2,0,2,1,2,0,No
605,2019,177801001,2,1778,10,1,0,10,2,1,0,10,No
606,2019,177804701,2,1778,47,1,18,0,2,1,18,0,No
607,2019,177804801,2,1778,48,1,0,1,2,1,0,1,No
608,2019,177901501,2,1779,15,1,0,3,2,1,0,3,No
609,2019,177901601,2,1779,16,1,1,0,2,1,1,0,No
610,2019,177901801,1,1779,18,1,7,0,2,1,7,0,No
611,2019,177901901,2,1779,19,1,5,0,2,1,5,0,No
612,2019,177908401,2,1779,84,1,0,1,2,1,0,1,No
613,2019,177908501,1,1779,85,1,0,1,2,1,0,1,No
614,2019,177908601,2,1779,86,1,19,0,2,1,19,0,No
615,2019,178000701,1,1780,7,1,0,2,2,1,0,2,No
616,2019,178108201,2,1781,82,1,11,0,2,1,11,0,No
617,2019,178108401,1,1781,84,1,2,1,2,1,2,1,No
618,2019,178108601,2,1781,86,1,0,8,2,1,0,8,No
619,2019,178111101,1,1781,111,1,3,0,2,1,3,0,No
620,2019,178111301,1,1781,113,1,0,10,2,1,0,10,No
621,2019,178804701,2,1788,47,1,9,0,2,1,9,0,No
622,2019,179102101,2,1791,21,1,10,98,2,1,10,No sabe,No
623,2019,179102801,2,1791,28,1,15,0,2,1,15,0,No
624,2019,179310001,2,1793,100,1,10,7,2,1,10,7,No
625,2019,181703201,1,1817,32,1,1,6,1,1,1,6,Si
626,2019,181703201,2,1817,32,1,1,6,1,2,1,6,Si
627,2019,181703201,3,1817,32,1,1,6,1,3,1,6,Si
628,2019,181703201,4,1817,32,1,1,6,2,4,1,6,No
629,2019,183808401,1,1838,84,1,0,2,2,1,0,2,No
630,2019,184900901,1,1849,9,1,1,10,2,1,1,10,No
631,2019,184907201,2,1849,72,1,10,0,2,1,10,0,No
632,2019,185001001,2,1850,10,1,0,3,2,1,0,3,No
633,2019,185003901,2,1850,39,1,4,7,2,1,4,7,No
634,2019,187302701,2,1873,27,1,19,0,2,1,19,0,No
635,2019,187305301,2,1873,53,1,2,0,2,1,2,0,No
636,2019,187707701,2,1877,77,1,1,0,2,1,1,0,No
637,2019,187710201,2,1877,102,1,1,0,2,1,1,0,No
638,2019,188403601,2,1884,36,1,15,0,2,1,15,0,No
639,2019,188604001,2,1886,40,1,0,10,2,1,0,10,No
640,2019,188606402,2,1886,64,2,2,0,2,1,2,0,No
641,2019,188805701,2,1888,57,1,98,98,2,1,No sabe,No sabe,No
642,2019,188805901,2,1888,59,1,8,0,2,1,8,0,No
643,2019,188900201,1,1889,2,1,98,98,2,1,No sabe,No sabe,No
644,2019,188900301,2,1889,3,1,2,0,2,1,2,0,No
645,2019,189104601,2,1891,46,1,5,0,2,1,5,0,No
646,2019,189105201,1,1891,52,1,1,0,2,1,1,0,No
647,2019,189201101,2,1892,11,1,7,0,2,1,7,0,No
648,2019,189201601,1,1892,16,1,16,0,2,1,16,0,No
649,2019,189202001,1,1892,20,1,10,0,2,1,10,0,No
650,2019,189202101,1,1892,21,1,1,0,2,1,1,0,No
651,2019,189202601,1,1892,26,1,98,98,2,1,No sabe,No sabe,No
652,2019,189202701,2,1892,27,1,10,0,2,1,10,0,No
653,2019,189202801,1,1892,28,1,98,98,2,1,No sabe,No sabe,No
654,2019,189301201,2,1893,12,1,3,0,2,1,3,0,No
655,2019,189301401,2,1893,14,1,5,0,1,1,5,0,Si
656,2019,189301401,4,1893,14,1,0,6,2,2,0,6,No
657,2019,189301501,2,1893,15,1,6,0,2,1,6,0,No
658,2019,189303001,2,1893,30,1,3,0,2,1,3,0,No
659,2019,189303101,2,1893,31,1,1,0,2,1,1,0,No
660,2019,189303301,2,1893,33,1,1,0,2,1,1,0,No
661,2019,189402601,2,1894,26,1,10,0,2,1,10,0,No
662,2019,189407801,2,1894,78,1,0,3,2,1,0,3,No
663,2019,189408001,1,1894,80,1,0,4,2,1,0,4,No
664,2019,189408101,2,1894,81,1,1,0,2,1,1,0,No
665,2019,189702901,1,1897,29,1,2,0,2,1,2,0,No
666,2019,190400601,2,1904,6,1,15,0,2,1,15,0,No
667,2019,190400701,2,1904,7,1,10,0,2,1,10,0,No
668,2019,190400901,1,1904,9,1,15,0,2,1,15,0,No
669,2019,190401001,2,1904,10,1,15,0,2,1,15,0,No
670,2019,190401901,2,1904,19,1,0,6,2,1,0,6,No
671,2019,190402901,1,1904,29,1,1,0,2,1,1,0,No
672,2019,190403001,1,1904,30,1,98,98,2,1,No sabe,No sabe,No
673,2019,190403101,1,1904,31,1,3,0,2,1,3,0,No
674,2019,190403301,1,1904,33,1,1,0,2,1,1,0,No
675,2019,190403501,1,1904,35,1,6,0,2,1,6,0,No
676,2019,190501901,2,1905,19,1,15,0,2,1,15,0,No
677,2019,190503301,2,1905,33,1,3,0,2,1,3,0,No
678,2019,190506101,2,1905,61,1,1,0,2,1,1,0,No
679,2019,190506201,2,1905,62,1,5,0,2,1,5,0,No
680,2019,190701501,2,1907,15,1,3,0,2,1,3,0,No
681,2019,190703901,2,1907,39,1,6,0,2,1,6,0,No
682,2019,190704901,1,1907,49,1,5,0,2,1,5,0,No
683,2019,190800701,2,1908,7,1,3,3,2,1,3,3,No
684,2019,190806001,1,1908,60,1,3,2,2,1,3,2,No
685,2019,190901101,2,1909,11,1,14,0,2,1,14,0,No
686,2019,190901201,2,1909,12,1,1,0,2,1,1,0,No
687,2019,190901301,2,1909,13,1,0,1,2,1,0,1,No
688,2019,190901401,2,1909,14,1,3,0,2,1,3,0,No
689,2019,190901501,2,1909,15,1,6,0,2,1,6,0,No
690,2019,190905601,2,1909,56,1,14,0,2,1,14,0,No
691,2019,190905801,2,1909,58,1,7,0,2,1,7,0,No
692,2019,190905901,2,1909,59,1,7,0,2,1,7,0,No
693,2019,190906001,1,1909,60,1,18,0,2,1,18,0,No
694,2019,190906401,2,1909,64,1,3,0,2,1,3,0,No
695,2019,190906501,2,1909,65,1,2,0,2,1,2,0,No
696,2019,190906601,2,1909,66,1,10,0,2,1,10,0,No
697,2019,190906801,2,1909,68,1,5,0,2,1,5,0,No
698,2019,191101001,1,1911,10,1,2,0,2,1,2,0,No
699,2019,191102301,1,1911,23,1,98,98,2,1,No sabe,No sabe,No
700,2019,191105601,2,1911,56,1,2,0,2,1,2,0,No
701,2019,191106001,1,1911,60,1,0,1,2,1,0,1,No
702,2019,191106101,2,1911,61,1,0,2,2,1,0,2,No
703,2019,191106201,2,1911,62,1,4,0,2,1,4,0,No
704,2019,192506901,1,1925,69,1,5,0,2,1,5,0,No
705,2019,193100701,1,1931,7,1,4,6,2,1,4,6,No
706,2019,193107901,2,1931,79,1,2,0,2,1,2,0,No
707,2019,193700301,2,1937,3,1,10,0,2,1,10,0,No
708,2019,193700401,2,1937,4,1,10,7,2,1,10,7,No
709,2019,193700501,2,1937,5,1,1,0,2,1,1,0,No
710,2019,193701301,6,1937,13,1,15,5,2,1,15,5,No
711,2019,193701401,2,1937,14,1,4,0,2,1,4,0,No
712,2019,193701501,1,1937,15,1,18,1,2,1,18,1,No
713,2019,193701601,2,1937,16,1,2,0,2,1,2,0,No
714,2019,193800101,1,1938,1,1,15,98,2,1,15,No sabe,No
715,2019,193800401,2,1938,4,1,10,0,2,1,10,0,No
716,2019,193804701,2,1938,47,1,1,0,2,1,1,0,No
717,2019,194100101,2,1941,1,1,2,0,2,1,2,0,No
718,2019,194100301,2,1941,3,1,1,6,2,1,1,6,No
719,2019,194101201,2,1941,12,1,5,0,2,1,5,0,No
720,2019,194101401,2,1941,14,1,1,0,2,1,1,0,No
721,2019,194101501,1,1941,15,1,16,98,2,1,16,No sabe,No
722,2019,194101601,2,1941,16,1,18,0,2,1,18,0,No
723,2019,194101801,2,1941,18,1,10,0,2,1,10,0,No
724,2019,194101901,1,1941,19,1,3,2,2,1,3,2,No
725,2019,194102001,2,1941,20,1,15,0,2,1,15,0,No
726,2019,194307501,2,1943,75,1,1,10,2,1,1,10,No
727,2019,194307601,2,1943,76,1,12,98,2,1,12,No sabe,No
728,2019,194314401,2,1943,144,1,18,0,2,1,18,0,No
729,2019,194314501,2,1943,145,1,10,0,2,1,10,0,No
730,2019,194314601,2,1943,146,1,4,6,2,1,4,6,No
731,2019,194314701,2,1943,147,1,19,1,2,1,19,1,No
732,2019,194508201,2,1945,82,1,6,0,2,1,6,0,No
733,2019,194603401,1,1946,34,1,1,7,2,1,1,7,No
734,2019,194603501,2,1946,35,1,1,0,2,1,1,0,No
735,2019,194603701,1,1946,37,1,2,0,2,1,2,0,No
736,2019,194607301,2,1946,73,1,1,0,1,1,1,0,Si
737,2019,194607301,4,1946,73,1,1,0,2,2,1,0,No
738,2019,196002601,1,1960,26,1,2,0,1,1,2,0,Si
739,2019,196002601,2,1960,26,1,4,0,2,2,4,0,No
740,2019,196004201,2,1960,42,1,15,0,2,1,15,0,No
741,2019,196004301,2,1960,43,1,2,0,2,1,2,0,No
742,2019,196004501,2,1960,45,1,8,98,2,1,8,No sabe,No
743,2019,196005301,1,1960,53,1,19,98,2,1,19,No sabe,No
744,2019,196409301,3,1964,93,1,0,1,1,1,0,1,Si
745,2019,196409301,4,1964,93,1,0,1,2,2,0,1,No
746,2019,196610201,2,1966,102,1,10,4,1,1,10,4,Si
747,2019,196610201,3,1966,102,1,8,2,1,2,8,2,Si
748,2019,196610201,4,1966,102,1,8,3,2,3,8,3,No
749,2019,196610203,2,1966,102,3,5,4,1,1,5,4,Si
750,2019,196610203,3,1966,102,3,4,4,1,2,4,4,Si
751,2019,196610203,4,1966,102,3,3,4,2,3,3,4,No
752,2019,197716001,1,1977,160,1,16,0,1,1,16,0,Si
753,2019,197716001,2,1977,160,1,0,8,2,2,0,8,No
754,2019,197813001,3,1978,130,1,3,7,2,1,3,7,No
755,2019,198509901,1,1985,99,1,1,6,1,1,1,6,Si
756,2019,198509901,2,1985,99,1,1,6,2,2,1,6,No
757,2019,200903401,2,2009,34,1,0,1,2,1,0,1,No
758,2019,206601201,2,2066,12,1,2,9,2,1,2,9,No
759,2019,206601501,2,2066,15,1,0,5,2,1,0,5,No
760,2019,207500901,1,2075,9,1,0,2,1,1,0,2,Si
761,2019,207500901,2,2075,9,1,0,2,1,2,0,2,Si
762,2019,207500901,3,2075,9,1,0,2,1,3,0,2,Si
763,2019,207500901,4,2075,9,1,0,2,1,4,0,2,Si
764,2019,207500901,5,2075,9,1,0,2,2,5,0,2,No
765,2019,207603101,1,2076,31,1,1,9,1,1,1,9,Si
766,2019,207603101,2,2076,31,1,1,9,2,2,1,9,No
767,2019,207605501,2,2076,55,1,1,9,1,1,1,9,Si
768,2019,207605501,4,2076,55,1,1,9,1,2,1,9,Si
769,2019,207605501,5,2076,55,1,1,9,2,3,1,9,No
770,2019,207605601,1,2076,56,1,6,9,1,1,6,9,Si
771,2019,207605601,2,2076,56,1,6,9,1,2,6,9,Si
772,2019,207605601,3,2076,56,1,6,9,1,3,6,9,Si
773,2019,207605601,4,2076,56,1,6,9,1,4,6,9,Si
774,2019,207605601,5,2076,56,1,6,9,1,5,6,9,Si
775,2019,207605601,6,2076,56,1,5,9,2,6,5,9,No
776,2019,207605701,1,2076,57,1,0,9,1,1,0,9,Si
777,2019,207605701,2,2076,57,1,9,1,1,2,9,1,Si
778,2019,207605701,4,2076,57,1,9,1,1,3,9,1,Si
779,2019,207605701,5,2076,57,1,4,3,2,4,4,3,No
780,2019,207605801,1,2076,58,1,0,10,1,1,0,10,Si
781,2019,207605801,2,2076,58,1,0,10,1,2,0,10,Si
782,2019,207605801,3,2076,58,1,0,10,1,3,0,10,Si
783,2019,207605801,4,2076,58,1,0,10,2,4,0,10,No
784,2019,207801401,1,2078,14,1,10,8,2,1,10,8,No
785,2019,207801501,2,2078,15,1,2,0,2,1,2,0,No
786,2019,207801701,1,2078,17,1,4,0,2,1,4,0,No
787,2019,207801801,2,2078,18,1,9,8,2,1,9,8,No
788,2019,207806201,2,2078,62,1,4,7,2,1,4,7,No
789,2019,208500401,2,2085,4,1,3,98,2,1,3,No sabe,No
790,2019,208608601,2,2086,86,1,0,6,1,1,0,6,Si
791,2019,208608601,5,2086,86,1,0,6,2,2,0,6,No
792,2019,208808301,1,2088,83,1,15,8,2,1,15,8,No
793,2019,209603301,1,2096,33,1,2,3,2,1,2,3,No
794,2019,210007101,1,2100,71,1,0,5,2,1,0,5,No
795,2019,210201801,2,2102,18,1,19,0,1,1,19,0,Si
796,2019,210201801,5,2102,18,1,3,0,2,2,3,0,No
797,2019,210202001,1,2102,20,1,9,0,2,1,9,0,No
798,2019,210202101,2,2102,21,1,18,6,2,1,18,6,No
799,2019,210202201,1,2102,22,1,1,6,2,1,1,6,No
800,2019,210202401,2,2102,24,1,18,0,2,1,18,0,No
801,2019,210202501,2,2102,25,1,6,6,2,1,6,6,No
802,2019,210209301,2,2102,93,1,19,6,2,1,19,6,No
803,2019,210600201,1,2106,2,1,1,9,2,1,1,9,No
804,2019,211207901,1,2112,79,1,6,0,2,1,6,0,No
805,2019,211301201,1,2113,12,1,0,1,2,1,0,1,No
806,2019,211301301,2,2113,13,1,0,1,2,1,0,1,No
807,2019,211500701,2,2115,7,1,2,0,2,1,2,0,No
808,2019,211502201,1,2115,22,1,0,1,2,1,0,1,No
809,2019,211507501,2,2115,75,1,15,0,2,1,15,0,No
810,2019,211507901,2,2115,79,1,1,0,2,1,1,0,No
811,2019,211601501,2,2116,15,1,6,0,2,1,6,0,No
812,2019,211601601,1,2116,16,1,2,0,2,1,2,0,No
813,2019,211601701,2,2116,17,1,0,6,2,1,0,6,No
814,2019,211601801,2,2116,18,1,4,0,2,1,4,0,No
815,2019,211601901,2,2116,19,1,1,0,2,1,1,0,No
816,2019,211604301,2,2116,43,1,0,5,2,1,0,5,No
817,2019,211604401,2,2116,44,1,10,98,2,1,10,No sabe,No
818,2019,212200501,2,2122,5,1,15,98,2,1,15,No sabe,No
819,2019,212200601,1,2122,6,1,1,0,2,1,1,0,No
820,2019,212200901,2,2122,9,1,1,0,2,1,1,0,No
821,2019,212201101,1,2122,11,1,0,2,2,1,0,2,No
822,2019,212201201,2,2122,12,1,98,98,2,1,No sabe,No sabe,No
823,2019,212201301,2,2122,13,1,19,0,2,1,19,0,No
824,2019,212201501,1,2122,15,1,98,98,2,1,No sabe,No sabe,No
825,2019,212201601,1,2122,16,1,14,0,2,1,14,0,No
826,2019,212601601,2,2126,16,1,3,0,2,1,3,0,No
827,2019,212601701,2,2126,17,1,10,98,2,1,10,No sabe,No
828,2019,212703101,2,2127,31,1,0,10,2,1,0,10,No
829,2019,212703501,2,2127,35,1,4,98,2,1,4,No sabe,No
830,2019,212706701,1,2127,67,1,4,9,2,1,4,9,No
831,2019,212707001,2,2127,70,1,1,0,2,1,1,0,No
832,2019,212803701,2,2128,37,1,8,9,2,1,8,9,No
833,2019,212806101,2,2128,61,1,15,9,2,1,15,9,No
834,2019,212806301,2,2128,63,1,19,9,2,1,19,9,No
835,2019,212900401,2,2129,4,1,1,0,2,1,1,0,No
836,2019,212902001,4,2129,20,1,0,11,2,1,0,11,No
837,2019,212906201,2,2129,62,1,1,0,2,1,1,0,No
838,2019,212906301,2,2129,63,1,3,11,2,1,3,11,No
839,2019,212906701,2,2129,67,1,0,11,2,1,0,11,No
840,2019,212908601,2,2129,86,1,0,11,2,1,0,11,No
841,2019,213101501,2,2131,15,1,15,0,2,1,15,0,No
842,2019,213101601,1,2131,16,1,10,0,2,1,10,0,No
843,2019,213101801,2,2131,18,1,19,0,2,1,19,0,No
844,2019,213202601,2,2132,26,1,3,0,2,1,3,0,No
845,2019,213300501,1,2133,5,1,19,11,2,1,19,11,No
846,2019,213401501,2,2134,15,1,0,8,2,1,0,8,No
847,2019,213401701,2,2134,17,1,18,98,2,1,18,No sabe,No
848,2019,213401901,2,2134,19,1,8,98,2,1,8,No sabe,No
849,2019,213402001,2,2134,20,1,15,98,2,1,15,No sabe,No
850,2019,219001001,1,2190,10,1,5,0,1,1,5,0,Si
851,2019,219001001,2,2190,10,1,10,0,1,2,10,0,Si
852,2019,219001001,3,2190,10,1,10,0,1,3,10,0,Si
853,2019,219001001,4,2190,10,1,7,0,2,4,7,0,No
854,2019,220807001,2,2208,70,1,0,3,2,1,0,3,No
855,2019,220810601,1,2208,106,1,0,8,2,1,0,8,No
856,2019,228411101,1,2284,111,1,0,3,2,1,0,3,No
857,2019,230209901,2,2302,99,1,3,0,2,1,3,0,No
858,2019,230411601,2,2304,116,1,3,7,2,1,3,7,No
859,2019,230411701,3,2304,117,1,4,0,2,1,4,0,No
860,2019,230411801,2,2304,118,1,4,6,2,1,4,6,No
861,2019,230800201,2,2308,2,1,7,0,2,1,7,0,No
862,2019,230800301,2,2308,3,1,5,6,2,1,5,6,No
863,2019,230800401,1,2308,4,1,1,0,1,1,1,0,Si
864,2019,230800401,2,2308,4,1,1,0,2,2,1,0,No
865,2019,231304901,1,2313,49,1,15,0,2,1,15,0,No
866,2019,235408801,1,2354,88,1,0,2,2,1,0,2,No
867,2019,235409401,2,2354,94,1,0,3,2,1,0,3,No
868,2019,235507301,1,2355,73,1,10,0,1,1,10,0,Si
869,2019,235507301,2,2355,73,1,10,0,1,2,10,0,Si
870,2019,235507301,4,2355,73,1,10,0,1,3,10,0,Si
871,2019,235507301,5,2355,73,1,4,0,2,4,4,0,No
872,2019,236103001,1,2361,30,1,1,0,1,1,1,0,Si
873,2019,236103001,2,2361,30,1,1,0,1,2,1,0,Si
874,2019,236103001,3,2361,30,1,1,0,2,3,1,0,No
875,2019,236104701,4,2361,47,1,6,0,2,1,6,0,No
876,2019,236604701,2,2366,47,1,0,6,2,1,0,6,No
877,2019,236609401,2,2366,94,1,10,0,2,1,10,0,No
878,2019,236900701,2,2369,7,1,2,0,2,1,2,0,No
879,2019,236903601,1,2369,36,1,6,0,1,1,6,0,Si
880,2019,236903601,2,2369,36,1,7,0,1,2,7,0,Si
881,2019,236903601,3,2369,36,1,5,0,2,3,5,0,No
882,2019,242705301,2,2427,53,1,15,11,2,1,15,11,No
883,2019,242817001,3,2428,170,1,2,0,1,1,2,0,Si
884,2019,242817001,4,2428,170,1,1,0,2,2,1,0,No
885,2019,242817201,3,2428,172,1,3,0,1,1,3,0,Si
886,2019,242817201,4,2428,172,1,3,0,2,2,3,0,No
887,2019,242902501,4,2429,25,1,5,0,1,1,5,0,Si
888,2019,242902501,5,2429,25,1,0,10,2,2,0,10,No
889,2019,247916301,1,2479,163,1,2,10,2,1,2,10,No
890,2019,249208901,2,2492,89,1,3,10,2,1,3,10,No
891,2019,250008201,10,2500,82,1,1,6,1,1,1,6,Si
892,2019,250008201,11,2500,82,1,1,6,2,2,1,6,No
893,2019,250807501,1,2508,75,1,0,2,1,1,0,2,Si
894,2019,250807501,2,2508,75,1,0,2,1,2,0,2,Si
895,2019,250807501,3,2508,75,1,0,2,1,3,0,2,Si
896,2019,250807501,4,2508,75,1,0,2,2,4,0,2,No
897,2019,252406201,2,2524,62,1,10,0,2,1,10,0,No
898,2019,253307601,2,2533,76,1,2,0,2,1,2,0,No
899,2019,257427901,2,2574,279,1,0,1,2,1,0,1,No
900,2019,258500601,2,2585,6,1,9,9,2,1,9,9,No
901,2019,258905901,1,2589,59,1,1,0,2,1,1,0,No
902,2019,262201901,2,2622,19,1,2,0,2,1,2,0,No
903,2019,262501401,2,2625,14,1,0,6,2,1,0,6,No
904,2019,263301901,1,2633,19,1,0,4,1,1,0,4,Si
905,2019,263301901,2,2633,19,1,0,4,1,2,0,4,Si
906,2019,263301901,4,2633,19,1,0,4,1,3,0,4,Si
907,2019,263301901,5,2633,19,1,0,4,2,4,0,4,No
908,2019,264606801,1,2646,68,1,0,1,1,1,0,1,Si
909,2019,264606801,2,2646,68,1,0,1,1,2,0,1,Si
910,2019,264606801,3,2646,68,1,0,1,1,3,0,1,Si
911,2019,264606801,4,2646,68,1,0,1,2,4,0,1,No
912,2019,265304001,2,2653,40,1,10,0,2,1,10,0,No
913,2019,265309701,1,2653,97,1,1,0,2,1,1,0,No
914,2019,265310401,1,2653,104,1,1,8,2,1,1,8,No
915,2019,265501501,1,2655,15,1,4,0,2,1,4,0,No
916,2019,265508801,1,2655,88,1,2,1,1,1,2,1,Si
917,2019,265508801,2,2655,88,1,2,1,1,2,2,1,Si
918,2019,265508801,3,2655,88,1,1,0,2,3,1,0,No
919,2019,265904701,5,2659,47,1,0,1,2,1,0,1,No
920,2019,265908401,5,2659,84,1,0,1,2,1,0,1,No
921,2019,265914701,1,2659,147,1,2,0,2,1,2,0,No
922,2019,266002901,2,2660,29,1,0,1,2,1,0,1,No
923,2019,266301101,3,2663,11,1,1,10,2,1,1,10,No
924,2019,269611001,2,2696,110,1,4,9,2,1,4,9,No
925,2019,277002601,2,2770,26,1,2,6,2,1,2,6,No
926,2019,280904101,2,2809,41,1,0,6,2,1,0,6,No
927,2019,281907701,2,2819,77,1,10,9,1,1,10,9,Si
928,2019,281907701,5,2819,77,1,10,9,1,2,10,9,Si
929,2019,281907701,6,2819,77,1,4,9,1,3,4,9,Si
930,2019,281907701,8,2819,77,1,0,9,2,4,0,9,No
931,2019,285600701,2,2856,7,1,5,0,2,1,5,0,No
932,2019,285602001,2,2856,20,1,3,0,2,1,3,0,No
933,2019,285702101,2,2857,21,1,0,8,2,1,0,8,No
934,2019,285704601,2,2857,46,1,4,0,2,1,4,0,No
935,2019,285901401,1,2859,14,1,4,9,2,1,4,9,No
936,2019,285905401,2,2859,54,1,1,0,2,1,1,0,No
937,2019,286001601,1,2860,16,1,3,0,2,1,3,0,No
938,2019,286004201,2,2860,42,1,8,0,2,1,8,0,No
939,2019,286211001,2,2862,110,1,10,0,2,1,10,0,No
940,2019,287901501,2,2879,15,1,0,6,2,1,0,6,No
941,2019,287901901,1,2879,19,1,0,10,2,1,0,10,No
942,2019,288000101,2,2880,1,1,0,4,2,1,0,4,No
943,2019,288000201,2,2880,2,1,0,10,2,1,0,10,No
944,2019,288303801,2,2883,38,1,1,11,2,1,1,11,No
945,2019,288601601,2,2886,16,1,4,0,2,1,4,0,No
946,2019,288601901,2,2886,19,1,5,0,2,1,5,0,No
947,2019,288602301,2,2886,23,1,2,0,2,1,2,0,No
948,2019,288603001,2,2886,30,1,10,0,2,1,10,0,No
949,2019,288700101,1,2887,1,1,5,7,2,1,5,7,No
950,2019,288701101,1,2887,11,1,0,2,2,1,0,2,No
951,2019,288701201,1,2887,12,1,1,7,2,1,1,7,No
952,2019,288701501,2,2887,15,1,6,0,2,1,6,0,No
953,2019,288802501,1,2888,25,1,4,0,2,1,4,0,No
954,2019,288802601,2,2888,26,1,98,98,2,1,No sabe,No sabe,No
955,2019,289000601,1,2890,6,1,3,8,1,1,3,8,Si
956,2019,289000601,2,2890,6,1,3,8,1,2,3,8,Si
957,2019,289000601,3,2890,6,1,3,8,1,3,3,8,Si
958,2019,289000601,4,2890,6,1,3,8,2,4,3,8,No
959,2019,289006801,2,2890,68,1,2,7,2,1,2,7,No
960,2019,289007001,2,2890,70,1,4,9,2,1,4,9,No
961,2019,289007201,2,2890,72,1,0,9,2,1,0,9,No
962,2019,289100201,1,2891,2,1,19,6,2,1,19,6,No
963,2019,289100301,2,2891,3,1,0,1,2,1,0,1,No
964,2019,289100401,2,2891,4,1,2,6,2,1,2,6,No
965,2019,289101101,2,2891,11,1,19,98,2,1,19,No sabe,No
966,2019,292801401,2,2928,14,1,1,0,2,1,1,0,No
967,2019,292811201,2,2928,112,1,4,0,2,1,4,0,No
968,2019,293208801,2,2932,88,1,10,0,1,1,10,0,Si
969,2019,293208801,3,2932,88,1,10,0,2,2,10,0,No
970,2019,294106501,2,2941,65,1,3,0,2,1,3,0,No
971,2019,294210501,2,2942,105,1,0,1,2,1,0,1,No
972,2019,295007901,2,2950,79,1,2,0,2,1,2,0,No
973,2019,295008001,1,2950,80,1,3,0,2,1,3,0,No
974,2019,295008501,2,2950,85,1,1,0,2,1,1,0,No
975,2019,295102401,2,2951,24,1,2,0,2,1,2,0,No
976,2019,295109101,1,2951,91,1,16,0,1,1,16,0,Si
977,2019,295109101,2,2951,91,1,16,0,2,2,16,0,No
978,2019,295109501,2,2951,95,1,2,0,2,1,2,0,No
979,2019,295111101,2,2951,111,1,1,0,2,1,1,0,No
980,2019,295111201,2,2951,112,1,4,0,2,1,4,0,No
981,2019,295111301,2,2951,113,1,2,0,2,1,2,0,No
982,2019,295203301,1,2952,33,1,4,1,1,1,4,1,Si
983,2019,295203301,2,2952,33,1,4,3,1,2,4,3,Si
984,2019,295203301,3,2952,33,1,4,3,2,3,4,3,No
985,2019,295203401,2,2952,34,1,10,0,2,1,10,0,No
986,2019,295208201,2,2952,82,1,4,0,2,1,4,0,No
987,2019,299201301,2,2992,13,1,5,98,2,1,5,No sabe,No
988,2019,299201401,2,2992,14,1,4,6,2,1,4,6,No
989,2019,303410001,2,3034,100,1,2,0,2,1,2,0,No
990,2019,304405101,1,3044,51,1,0,6,1,1,0,6,Si
991,2019,304405101,2,3044,51,1,0,6,2,2,0,6,No
992,2019,304904601,2,3049,46,1,5,0,2,1,5,0,No
993,2019,308703001,4,3087,30,1,0,4,2,1,0,4,No
994,2019,311201901,2,3112,19,1,4,10,1,1,4,10,Si
995,2019,311201901,3,3112,19,1,4,10,1,2,4,10,Si
996,2019,311201901,4,3112,19,1,2,10,1,3,2,10,Si
997,2019,311201901,5,3112,19,1,4,10,2,4,4,10,No
998,2019,312300501,1,3123,5,1,14,0,1,1,14,0,Si
999,2019,312300501,2,3123,5,1,14,0,1,2,14,0,Si
1000,2019,312300501,3,3123,5,1,0,10,2,3,0,10,No
1001,2019,312500901,1,3125,9,1,2,10,1,1,2,10,Si
1002,2019,312500901,2,3125,9,1,2,10,2,2,2,10,No
1003,2019,312501901,1,3125,19,1,13,10,1,1,13,10,Si
1004,2019,312501901,2,3125,19,1,12,10,2,2,12,10,No
1005,2019,312508501,1,3125,85,1,2,10,2,1,2,10,No
1006,2019,313517301,2,3135,173,1,0,5,2,1,0,5,No
1007,2019,314615101,8,3146,151,1,3,6,2,1,3,6,No
1008,2019,315801701,1,3158,17,1,0,1,2,1,0,1,No
1009,2019,315802601,2,3158,26,1,0,7,2,1,0,7,No
1010,2019,316101901,2,3161,19,1,5,0,2,1,5,0,No
1011,2019,316109901,2,3161,99,1,19,0,2,1,19,0,No
1012,2019,316607501,2,3166,75,1,1,11,2,1,1,11,No
1013,2019,316613201,1,3166,132,1,8,9,2,1,8,9,No
1014,2019,316810001,2,3168,100,1,0,1,2,1,0,1,No
1015,2019,316815401,2,3168,154,1,0,6,2,1,0,6,No
1016,2019,317201901,2,3172,19,1,4,0,2,1,4,0,No
1017,2019,317213701,2,3172,137,1,0,1,2,1,0,1,No
1018,2019,317302501,2,3173,25,1,1,0,2,1,1,0,No
1019,2019,317408201,2,3174,82,1,5,10,2,1,5,10,No
1020,2019,317415301,2,3174,153,1,2,0,2,1,2,0,No
1021,2019,317607701,2,3176,77,1,4,7,2,1,4,7,No
1022,2019,317701501,2,3177,15,1,2,0,2,1,2,0,No
1023,2019,317701601,2,3177,16,1,7,0,2,1,7,0,No
1024,2019,317704401,2,3177,44,1,15,0,2,1,15,0,No
1025,2019,317706101,2,3177,61,1,3,0,2,1,3,0,No
1026,2019,317708201,2,3177,82,1,4,0,2,1,4,0,No
1027,2019,317709801,2,3177,98,1,5,8,2,1,5,8,No
1028,2019,318804601,2,3188,46,1,0,7,2,1,0,7,No
1029,2019,318807101,2,3188,71,1,7,7,2,1,7,7,No
1030,2019,319100901,2,3191,9,1,1,9,2,1,1,9,No
1031,2019,319200801,2,3192,8,1,10,9,2,1,10,9,No
1032,2019,319200901,2,3192,9,1,0,11,2,1,0,11,No
1033,2019,319204601,1,3192,46,1,3,0,1,1,3,0,Si
1034,2019,319204601,2,3192,46,1,3,0,2,2,3,0,No
1035,2019,319204801,2,3192,48,1,10,0,2,1,10,0,No
1036,2019,319208901,2,3192,89,1,5,9,2,1,5,9,No
1037,2019,319303201,2,3193,32,1,3,2,2,1,3,2,No
1038,2019,319303401,2,3193,34,1,4,2,2,1,4,2,No
1039,2019,319303501,2,3193,35,1,10,0,2,1,10,0,No
1040,2019,319304601,2,3193,46,1,3,2,2,1,3,2,No
1041,2019,319304701,2,3193,47,1,6,0,2,1,6,0,No
1042,2019,319305101,2,3193,51,1,0,1,2,1,0,1,No
1043,2019,319310601,2,3193,106,1,3,0,2,1,3,0,No
1044,2019,319310701,2,3193,107,1,2,2,2,1,2,2,No
1045,2019,319310801,4,3193,108,1,2,0,2,1,2,0,No
1046,2019,319310901,2,3193,109,1,8,2,2,1,8,2,No
1047,2019,319804401,7,3198,44,1,4,0,1,1,4,0,Si
1048,2019,319804401,8,3198,44,1,4,0,2,2,4,0,No
1049,2019,323300901,3,3233,9,1,1,0,1,1,1,0,Si
1050,2019,323300901,4,3233,9,1,1,0,1,2,1,0,Si
1051,2019,323300901,5,3233,9,1,1,0,1,3,1,0,Si
1052,2019,323300901,6,3233,9,1,1,0,1,4,1,0,Si
1053,2019,323300901,7,3233,9,1,1,0,1,5,1,0,Si
1054,2019,323300901,8,3233,9,1,1,0,2,6,1,0,No
1055,2019,324502801,1,3245,28,1,8,0,2,1,8,0,No
1056,2019,324503001,2,3245,30,1,3,0,2,1,3,0,No
1057,2019,324504101,1,3245,41,1,8,4,2,1,8,4,No
1058,2019,324504901,2,3245,49,1,0,9,2,1,0,9,No
