,PS_WAWAWASI-ID1-anho,PS_WAWAWASI-HHID-identificacion_cuestionario_del_hogar,PS_WAWAWASI-HVIDX-numero_de_orden_en_el_hogar,PS_WAWAWASI-QHCLUSTER-conglomerado,PS_WAWAWASI-QHNUMBER-vivienda_seleccionada,PS_WAWAWASI-QHHOME-hogar_seleccionado,PS_WAWAWASI-PS107_1A-hace_cuanto_tiempo_es_beneficiario:_anhos,PS_WAWAWASI-PS107_1M-hace_cuanto_tiempo_es_beneficiario:_meses,PS_WAWAWASI-PS107_1S-alguien_mas_es_beneficiario,PS_WAWAWASI-PS6-numero_de_orden,PS_WAWAWASI-PS107_1A-hace_cuanto_tiempo_es_beneficiario:_anhos_LABEL,PS_WAWAWASI-PS107_1M-hace_cuanto_tiempo_es_beneficiario:_meses_LABEL,PS_WAWAWASI-PS107_1S-alguien_mas_es_beneficiario_LABEL
0,2019,1200401,4,12,4,1,0,3,2,1,0,3,No
1,2019,3708001,3,37,80,1,0,6,2,1,0,6,No
2,2019,4408901,3,44,89,1,0,5,2,1,0,5,No
3,2019,4708901,6,47,89,1,0,6,2,1,0,6,No
4,2019,6301201,4,63,12,1,1,0,2,1,1,0,No
5,2019,6701701,4,67,17,1,1,6,2,1,1,6,No
6,2019,7202901,3,72,29,1,0,9,1,1,0,9,Si
7,2019,7202901,4,72,29,1,0,9,2,2,0,9,No
8,2019,7303901,4,73,39,1,0,9,2,1,0,9,No
9,2019,7906301,5,79,63,1,1,2,2,1,1,2,No
10,2019,8605301,5,86,53,1,0,5,2,1,0,5,No
11,2019,8810101,7,88,101,1,2,1,2,1,2,1,No
12,2019,8901901,5,89,19,1,1,0,2,1,1,0,No
13,2019,9008801,3,90,88,1,0,7,2,1,0,7,No
14,2019,9702801,6,97,28,1,1,0,2,1,1,0,No
15,2019,11209501,3,112,95,1,0,1,2,1,0,1,No
16,2019,11210901,4,112,109,1,0,3,1,1,0,3,Si
17,2019,11210901,6,112,109,1,0,10,2,2,0,10,No
18,2019,11211001,4,112,110,1,0,2,2,1,0,2,No
19,2019,11406101,4,114,61,1,0,3,2,1,0,3,No
20,2019,11919301,7,119,193,1,0,5,2,1,0,5,No
21,2019,12404601,4,124,46,1,0,1,2,1,0,1,No
22,2019,12411801,8,124,118,1,1,6,2,1,1,6,No
23,2019,12715901,4,127,159,1,0,6,2,1,0,6,No
24,2019,12804501,3,128,45,1,1,0,2,1,1,0,No
25,2019,13011801,5,130,118,1,1,4,2,1,1,4,No
26,2019,13301401,3,133,14,1,1,0,2,1,1,0,No
27,2019,13311601,3,133,116,1,0,5,2,1,0,5,No
28,2019,13312101,5,133,121,1,1,11,2,1,1,11,No
29,2019,14302101,4,143,21,1,0,7,2,1,0,7,No
30,2019,14308501,3,143,85,1,0,4,2,1,0,4,No
31,2019,14409601,4,144,96,1,1,0,2,1,1,0,No
32,2019,14409701,4,144,97,1,0,8,2,1,0,8,No
33,2019,14410001,8,144,100,1,0,1,1,1,0,1,Si
34,2019,14410001,9,144,100,1,0,1,2,2,0,1,No
35,2019,14501101,4,145,11,1,2,1,2,1,2,1,No
36,2019,14501701,4,145,17,1,1,8,2,1,1,8,No
37,2019,14504001,5,145,40,1,0,5,2,1,0,5,No
38,2019,14507101,5,145,71,1,1,7,2,1,1,7,No
39,2019,14510701,5,145,107,1,0,5,2,1,0,5,No
40,2019,15209401,3,152,94,1,0,1,2,1,0,1,No
41,2019,15403501,5,154,35,1,0,1,2,1,0,1,No
42,2019,15707301,5,157,73,1,1,0,2,1,1,0,No
43,2019,18900401,4,189,4,1,1,4,2,1,1,4,No
44,2019,19201401,3,192,14,1,0,1,2,1,0,1,No
45,2019,19201801,5,192,18,1,0,1,1,1,0,1,Si
46,2019,19201801,9,192,18,1,2,0,2,2,2,0,No
47,2019,20008701,3,200,87,1,2,8,2,1,2,8,No
48,2019,22112601,3,221,126,1,0,9,2,1,0,9,No
49,2019,22409301,3,224,93,1,1,2,2,1,1,2,No
50,2019,23111201,4,231,112,1,0,6,2,1,0,6,No
51,2019,23408501,5,234,85,1,0,2,2,1,0,2,No
52,2019,23701801,5,237,18,1,0,1,2,1,0,1,No
53,2019,23709401,8,237,94,1,0,3,2,1,0,3,No
54,2019,23800301,6,238,3,1,0,8,2,1,0,8,No
55,2019,24404001,6,244,40,1,0,9,2,1,0,9,No
56,2019,24913201,4,249,132,1,0,6,2,1,0,6,No
57,2019,25206101,4,252,61,1,0,6,2,1,0,6,No
58,2019,25209801,3,252,98,1,1,9,2,1,1,9,No
59,2019,25512301,5,255,123,1,0,2,2,1,0,2,No
60,2019,25804801,6,258,48,1,1,0,2,1,1,0,No
61,2019,25903301,4,259,33,1,3,0,2,1,3,0,No
62,2019,26102101,5,261,21,1,0,2,2,1,0,2,No
63,2019,26201601,5,262,16,1,0,10,2,1,0,10,No
64,2019,26203701,5,262,37,1,2,0,2,1,2,0,No
65,2019,26205301,4,262,53,1,1,0,2,1,1,0,No
66,2019,26604101,4,266,41,1,0,2,2,1,0,2,No
67,2019,26605101,7,266,51,1,0,4,2,1,0,4,No
68,2019,26702401,5,267,24,1,0,8,2,1,0,8,No
69,2019,26808501,4,268,85,1,0,11,2,1,0,11,No
70,2019,27002001,6,270,20,1,0,3,2,1,0,3,No
71,2019,27004201,5,270,42,1,0,3,2,1,0,3,No
72,2019,27207301,4,272,73,1,0,1,2,1,0,1,No
73,2019,27209001,5,272,90,1,0,6,2,1,0,6,No
74,2019,27209301,4,272,93,1,1,3,2,1,1,3,No
75,2019,27900201,4,279,2,1,0,1,2,1,0,1,No
76,2019,27902201,9,279,22,1,1,0,2,1,1,0,No
77,2019,27905301,5,279,53,1,1,0,2,1,1,0,No
78,2019,28901801,4,289,18,1,0,4,2,1,0,4,No
79,2019,28903101,3,289,31,1,1,0,2,1,1,0,No
80,2019,28903201,4,289,32,1,0,3,2,1,0,3,No
81,2019,29005101,4,290,51,1,0,2,2,1,0,2,No
82,2019,29501301,11,295,13,1,0,2,2,1,0,2,No
83,2019,29501701,5,295,17,1,1,1,2,1,1,1,No
84,2019,29703701,5,297,37,1,1,0,2,1,1,0,No
85,2019,29721401,4,297,214,1,1,0,2,1,1,0,No
86,2019,30617201,4,306,172,1,0,6,2,1,0,6,No
87,2019,30807001,4,308,70,1,0,9,2,1,0,9,No
88,2019,31206901,4,312,69,1,0,1,2,1,0,1,No
89,2019,31311001,5,313,110,1,0,2,2,1,0,2,No
90,2019,31604901,5,316,49,1,2,2,2,1,2,2,No
91,2019,31607801,5,316,78,1,0,11,2,1,0,11,No
92,2019,31611201,4,316,112,1,0,6,2,1,0,6,No
93,2019,31801601,4,318,16,1,1,98,2,1,1,No sabe,No
94,2019,31809601,3,318,96,1,1,98,2,1,1,No sabe,No
95,2019,31915201,3,319,152,1,2,0,2,1,2,0,No
96,2019,34404401,4,344,44,1,1,0,2,1,1,0,No
97,2019,35304201,3,353,42,1,0,1,2,1,0,1,No
98,2019,35512701,4,355,127,1,0,6,2,1,0,6,No
99,2019,36600701,6,366,7,1,0,9,2,1,0,9,No
100,2019,37103501,4,371,35,1,0,2,2,1,0,2,No
101,2019,37105301,3,371,53,1,0,7,2,1,0,7,No
102,2019,37204201,8,372,42,1,0,1,2,1,0,1,No
103,2019,37507101,3,375,71,1,1,0,2,1,1,0,No
104,2019,37602301,3,376,23,1,1,2,2,1,1,2,No
105,2019,39408101,6,394,81,1,0,4,2,1,0,4,No
106,2019,43204701,3,432,47,1,0,6,2,1,0,6,No
107,2019,43909201,3,439,92,1,0,5,2,1,0,5,No
108,2019,44504901,4,445,49,1,0,1,2,1,0,1,No
109,2019,45402601,5,454,26,1,0,2,2,1,0,2,No
110,2019,45408301,3,454,83,1,0,11,2,1,0,11,No
111,2019,45707701,4,457,77,1,1,9,1,1,1,9,Si
112,2019,45707701,5,457,77,1,1,9,2,2,1,9,No
113,2019,46100501,4,461,5,1,0,2,2,1,0,2,No
114,2019,46305601,5,463,56,1,0,8,2,1,0,8,No
115,2019,46801301,6,468,13,1,1,6,2,1,1,6,No
116,2019,47404701,2,474,47,1,1,8,2,1,1,8,No
117,2019,47406801,3,474,68,1,2,0,2,1,2,0,No
118,2019,47618101,5,476,181,1,1,7,2,1,1,7,No
119,2019,47801901,4,478,19,1,0,2,2,1,0,2,No
120,2019,47805501,4,478,55,1,1,0,2,1,1,0,No
121,2019,47902101,4,479,21,1,1,6,2,1,1,6,No
122,2019,47904401,4,479,44,1,0,4,2,1,0,4,No
123,2019,48003101,6,480,31,1,1,9,2,1,1,9,No
124,2019,48006001,4,480,60,1,0,4,2,1,0,4,No
125,2019,48006401,5,480,64,1,1,4,2,1,1,4,No
126,2019,48011701,3,480,117,1,0,3,2,1,0,3,No
127,2019,48301701,6,483,17,1,0,1,1,1,0,1,Si
128,2019,48301701,8,483,17,1,1,1,2,2,1,1,No
129,2019,48501701,5,485,17,1,0,4,2,1,0,4,No
130,2019,48501901,5,485,19,1,1,3,2,1,1,3,No
131,2019,49000701,4,490,7,1,2,0,2,1,2,0,No
132,2019,49000801,4,490,8,1,0,7,2,1,0,7,No
133,2019,49002701,4,490,27,1,0,6,2,1,0,6,No
134,2019,49004801,6,490,48,1,0,2,2,1,0,2,No
135,2019,49008201,6,490,82,1,0,8,2,1,0,8,No
136,2019,49008801,3,490,88,1,1,0,2,1,1,0,No
137,2019,49100301,5,491,3,1,1,6,2,1,1,6,No
138,2019,49101701,6,491,17,1,0,1,2,1,0,1,No
139,2019,49103901,3,491,39,1,1,3,2,1,1,3,No
140,2019,49104501,6,491,45,1,0,8,2,1,0,8,No
141,2019,49106301,4,491,63,1,0,2,2,1,0,2,No
142,2019,49302001,4,493,20,1,1,9,2,1,1,9,No
143,2019,49304901,7,493,49,1,1,10,2,1,1,10,No
144,2019,49605301,5,496,53,1,0,4,2,1,0,4,No
145,2019,49701201,3,497,12,1,1,0,2,1,1,0,No
146,2019,50306101,5,503,61,1,1,3,2,1,1,3,No
147,2019,50506001,4,505,60,1,0,2,2,1,0,2,No
148,2019,50602501,5,506,25,1,0,4,2,1,0,4,No
149,2019,50605201,5,506,52,1,0,1,2,1,0,1,No
150,2019,50704301,6,507,43,1,0,3,2,1,0,3,No
151,2019,50706201,3,507,62,1,0,2,2,1,0,2,No
152,2019,50802301,6,508,23,1,1,3,2,1,1,3,No
153,2019,51203801,3,512,38,1,1,0,2,1,1,0,No
154,2019,51207501,4,512,75,1,1,2,2,1,1,2,No
155,2019,51302901,10,513,29,1,0,1,2,1,0,1,No
156,2019,51304101,3,513,41,1,1,6,2,1,1,6,No
157,2019,51307901,8,513,79,1,1,1,2,1,1,1,No
158,2019,51309101,4,513,91,1,1,11,2,1,1,11,No
159,2019,51309501,5,513,95,1,2,5,2,1,2,5,No
160,2019,52110601,7,521,106,1,1,0,2,1,1,0,No
161,2019,52612801,3,526,128,1,1,6,2,1,1,6,No
162,2019,53211401,4,532,114,1,0,6,2,1,0,6,No
163,2019,53303701,3,533,37,1,0,6,2,1,0,6,No
164,2019,53500901,2,535,9,1,1,11,2,1,1,11,No
165,2019,53609301,4,536,93,1,0,11,2,1,0,11,No
166,2019,54400501,6,544,5,1,1,0,2,1,1,0,No
167,2019,55403701,4,554,37,1,1,0,2,1,1,0,No
168,2019,55403901,3,554,39,1,0,6,2,1,0,6,No
169,2019,55404101,3,554,41,1,0,9,2,1,0,9,No
170,2019,55409401,5,554,94,1,0,1,2,1,0,1,No
171,2019,56502101,5,565,21,1,1,6,2,1,1,6,No
172,2019,56502501,5,565,25,1,0,4,2,1,0,4,No
173,2019,58000901,4,580,9,1,0,2,2,1,0,2,No
174,2019,59405601,3,594,56,1,0,1,2,1,0,1,No
175,2019,59406101,3,594,61,1,1,0,2,1,1,0,No
176,2019,61807101,6,618,71,1,0,5,2,1,0,5,No
177,2019,65206001,2,652,60,1,1,6,2,1,1,6,No
178,2019,65811101,3,658,111,1,0,4,2,1,0,4,No
179,2019,66002601,2,660,26,1,0,2,2,1,0,2,No
180,2019,67911901,3,679,119,1,0,2,1,1,0,2,Si
181,2019,67911901,5,679,119,1,0,2,2,2,0,2,No
182,2019,68118201,4,681,182,1,1,3,2,1,1,3,No
183,2019,68302101,5,683,21,1,0,5,2,1,0,5,No
184,2019,69311901,5,693,119,1,0,6,2,1,0,6,No
185,2019,69410201,3,694,102,1,1,2,2,1,1,2,No
186,2019,70317701,5,703,177,1,1,0,2,1,1,0,No
187,2019,73002401,4,730,24,1,1,5,2,1,1,5,No
188,2019,73400801,3,734,8,1,0,2,2,1,0,2,No
189,2019,74410301,3,744,103,1,0,5,2,1,0,5,No
190,2019,74907801,3,749,78,1,1,0,2,1,1,0,No
191,2019,75602201,4,756,22,1,0,8,2,1,0,8,No
192,2019,75612601,3,756,126,1,1,1,2,1,1,1,No
193,2019,75804301,6,758,43,1,1,0,2,1,1,0,No
194,2019,76901201,4,769,12,1,1,7,2,1,1,7,No
195,2019,76917701,3,769,177,1,2,7,2,1,2,7,No
196,2019,77907701,4,779,77,1,1,2,2,1,1,2,No
197,2019,78120001,3,781,200,1,0,1,2,1,0,1,No
198,2019,79013801,3,790,138,1,1,8,2,1,1,8,No
199,2019,79525101,4,795,251,1,1,4,1,1,1,4,Si
200,2019,79525101,5,795,251,1,0,4,2,2,0,4,No
201,2019,80407301,7,804,73,1,1,0,2,1,1,0,No
202,2019,80802001,3,808,20,1,0,2,2,1,0,2,No
203,2019,81504501,3,815,45,1,0,6,2,1,0,6,No
204,2019,81505601,8,815,56,1,1,5,2,1,1,5,No
205,2019,81702401,7,817,24,1,1,6,2,1,1,6,No
206,2019,85214801,3,852,148,1,0,1,2,1,0,1,No
207,2019,88513501,6,885,135,1,0,6,1,1,0,6,Si
208,2019,88513501,7,885,135,1,0,4,2,2,0,4,No
209,2019,98711601,4,987,116,1,1,2,2,1,1,2,No
210,2019,98810901,7,988,109,1,0,1,2,1,0,1,No
211,2019,98904701,3,989,47,1,0,2,2,1,0,2,No
212,2019,99509901,3,995,99,1,0,1,2,1,0,1,No
213,2019,99514101,9,995,141,1,1,6,2,1,1,6,No
214,2019,99601001,3,996,10,1,0,1,2,1,0,1,No
215,2019,99815301,5,998,153,1,0,2,2,1,0,2,No
216,2019,100705001,3,1007,50,1,0,6,2,1,0,6,No
217,2019,101100701,3,1011,7,1,0,2,2,1,0,2,No
218,2019,101201601,5,1012,16,1,0,1,1,1,0,1,Si
219,2019,101201601,7,1012,16,1,1,6,2,2,1,6,No
220,2019,101206301,4,1012,63,1,1,6,2,1,1,6,No
221,2019,102801201,4,1028,12,1,1,5,2,1,1,5,No
222,2019,103601001,4,1036,10,1,0,10,2,1,0,10,No
223,2019,103608901,4,1036,89,1,0,1,2,1,0,1,No
224,2019,103908701,2,1039,87,1,1,0,1,1,1,0,Si
225,2019,103908701,3,1039,87,1,1,0,1,2,1,0,Si
226,2019,103908701,5,1039,87,1,0,6,2,3,0,6,No
227,2019,104506601,4,1045,66,1,0,2,2,1,0,2,No
228,2019,104513201,4,1045,132,1,0,4,2,1,0,4,No
229,2019,105105601,3,1051,56,1,0,1,2,1,0,1,No
230,2019,105910701,4,1059,107,1,0,4,2,1,0,4,No
231,2019,106011601,9,1060,116,1,1,3,2,1,1,3,No
232,2019,106410201,4,1064,102,1,1,0,2,1,1,0,No
233,2019,107605601,7,1076,56,1,1,6,2,1,1,6,No
234,2019,109530401,9,1095,304,1,1,4,2,1,1,4,No
235,2019,109530501,3,1095,305,1,1,2,2,1,1,2,No
236,2019,113305601,5,1133,56,1,1,0,2,1,1,0,No
237,2019,115403301,4,1154,33,1,1,0,2,1,1,0,No
238,2019,115710801,4,1157,108,1,1,3,2,1,1,3,No
239,2019,115711001,3,1157,110,1,0,6,2,1,0,6,No
240,2019,116612001,2,1166,120,1,0,4,2,1,0,4,No
241,2019,117310101,4,1173,101,1,0,1,2,1,0,1,No
242,2019,117600801,5,1176,8,1,0,1,2,1,0,1,No
243,2019,117602001,3,1176,20,1,1,6,2,1,1,6,No
244,2019,119302101,5,1193,21,1,1,8,2,1,1,8,No
245,2019,119303301,3,1193,33,1,0,1,2,1,0,1,No
246,2019,119412101,3,1194,121,1,0,3,2,1,0,3,No
247,2019,119510801,4,1195,108,1,0,2,2,1,0,2,No
248,2019,119608501,4,1196,85,1,0,6,2,1,0,6,No
249,2019,119705501,6,1197,55,1,0,1,2,1,0,1,No
250,2019,119801801,6,1198,18,1,1,4,2,1,1,4,No
251,2019,119809301,6,1198,93,1,0,2,2,1,0,2,No
252,2019,120411601,3,1204,116,1,0,9,2,1,0,9,No
253,2019,120705901,6,1207,59,1,0,2,2,1,0,2,No
254,2019,120904901,3,1209,49,1,0,2,2,1,0,2,No
255,2019,122101201,4,1221,12,1,0,2,2,1,0,2,No
256,2019,122201001,4,1222,10,1,1,3,2,1,1,3,No
257,2019,122406201,6,1224,62,1,1,0,2,1,1,0,No
258,2019,122411301,3,1224,113,1,0,1,2,1,0,1,No
259,2019,122502001,4,1225,20,1,1,0,2,1,1,0,No
260,2019,122509301,4,1225,93,1,0,3,2,1,0,3,No
261,2019,122604701,3,1226,47,1,0,3,2,1,0,3,No
262,2019,122802501,3,1228,25,1,0,9,2,1,0,9,No
263,2019,123007901,5,1230,79,1,0,1,2,1,0,1,No
264,2019,123114501,6,1231,145,1,1,4,2,1,1,4,No
265,2019,123206101,3,1232,61,1,0,1,2,1,0,1,No
266,2019,123213801,3,1232,138,1,0,5,2,1,0,5,No
267,2019,123313101,3,1233,131,1,1,0,2,1,1,0,No
268,2019,123704401,4,1237,44,1,0,8,2,1,0,8,No
269,2019,123712001,7,1237,120,1,1,0,2,1,1,0,No
270,2019,123903501,2,1239,35,1,0,9,2,1,0,9,No
271,2019,124018401,4,1240,184,1,0,6,2,1,0,6,No
272,2019,124306201,2,1243,62,1,1,8,2,1,1,8,No
273,2019,124306601,5,1243,66,1,0,7,2,1,0,7,No
274,2019,124401901,4,1244,19,1,1,0,2,1,1,0,No
275,2019,124600101,4,1246,1,1,1,0,2,1,1,0,No
276,2019,124602601,4,1246,26,1,0,1,2,1,0,1,No
277,2019,124605501,5,1246,55,1,1,6,2,1,1,6,No
278,2019,124606201,3,1246,62,1,1,0,2,1,1,0,No
279,2019,124908201,4,1249,82,1,0,6,2,1,0,6,No
280,2019,125012501,5,1250,125,1,1,0,2,1,1,0,No
281,2019,125016701,4,1250,167,1,0,3,2,1,0,3,No
282,2019,125100101,4,1251,1,1,0,8,2,1,0,8,No
283,2019,125104301,3,1251,43,1,0,2,2,1,0,2,No
284,2019,125104501,4,1251,45,1,0,10,2,1,0,10,No
285,2019,125105601,4,1251,56,1,0,2,2,1,0,2,No
286,2019,125513301,5,1255,133,1,1,2,2,1,1,2,No
287,2019,125513401,5,1255,134,1,1,6,2,1,1,6,No
288,2019,125610901,3,1256,109,1,0,1,2,1,0,1,No
289,2019,125700801,3,1257,8,1,1,6,2,1,1,6,No
290,2019,125903501,2,1259,35,1,0,1,2,1,0,1,No
291,2019,127103401,6,1271,34,1,1,9,2,1,1,9,No
292,2019,128210101,5,1282,101,1,0,1,2,1,0,1,No
293,2019,132114901,4,1321,149,1,0,4,2,1,0,4,No
294,2019,133002401,5,1330,24,1,1,0,2,1,1,0,No
295,2019,133111801,4,1331,118,1,0,9,2,1,0,9,No
296,2019,133501601,3,1335,16,1,0,6,2,1,0,6,No
297,2019,134201301,5,1342,13,1,0,4,2,1,0,4,No
298,2019,134208501,5,1342,85,1,0,1,2,1,0,1,No
299,2019,136604101,5,1366,41,1,0,1,2,1,0,1,No
300,2019,138702401,3,1387,24,1,0,6,2,1,0,6,No
301,2019,140100301,4,1401,3,1,0,7,2,1,0,7,No
302,2019,140100303,3,1401,3,3,1,9,2,1,1,9,No
303,2019,140105301,7,1401,53,1,0,2,2,1,0,2,No
304,2019,140302101,6,1403,21,1,0,1,2,1,0,1,No
305,2019,140706101,5,1407,61,1,1,6,2,1,1,6,No
306,2019,141103401,4,1411,34,1,0,1,2,1,0,1,No
307,2019,141106001,5,1411,60,1,0,10,2,1,0,10,No
308,2019,141110501,3,1411,105,1,0,3,2,1,0,3,No
309,2019,141509901,5,1415,99,1,2,0,2,1,2,0,No
310,2019,142112501,4,1421,125,1,0,7,2,1,0,7,No
311,2019,142115201,4,1421,152,1,0,7,2,1,0,7,No
312,2019,143004301,4,1430,43,1,1,0,2,1,1,0,No
313,2019,143012601,5,1430,126,1,0,11,2,1,0,11,No
314,2019,144211401,5,1442,114,1,0,1,2,1,0,1,No
315,2019,144312501,5,1443,125,1,2,2,2,1,2,2,No
316,2019,144504601,4,1445,46,1,1,4,2,1,1,4,No
317,2019,144811201,3,1448,112,1,1,4,2,1,1,4,No
318,2019,146513201,4,1465,132,1,1,5,2,1,1,5,No
319,2019,146513803,3,1465,138,3,1,0,1,1,1,0,Si
320,2019,146513803,4,1465,138,3,1,0,2,2,1,0,No
321,2019,147903401,4,1479,34,1,0,1,2,1,0,1,No
322,2019,148102901,6,1481,29,1,0,1,2,1,0,1,No
323,2019,148103701,4,1481,37,1,1,3,2,1,1,3,No
324,2019,148411501,7,1484,115,1,2,0,2,1,2,0,No
325,2019,149105301,3,1491,53,1,1,0,2,1,1,0,No
326,2019,149501001,3,1495,10,1,2,1,2,1,2,1,No
327,2019,149508301,3,1495,83,1,1,1,2,1,1,1,No
328,2019,149511501,4,1495,115,1,1,0,2,1,1,0,No
329,2019,149607601,3,1496,76,1,2,4,2,1,2,4,No
330,2019,149800501,3,1498,5,1,1,0,2,1,1,0,No
331,2019,149803801,3,1498,38,1,0,1,2,1,0,1,No
332,2019,149810901,4,1498,109,1,1,1,2,1,1,1,No
333,2019,149904401,3,1499,44,1,1,3,2,1,1,3,No
334,2019,150107601,2,1501,76,1,1,3,2,1,1,3,No
335,2019,150107701,2,1501,77,1,1,3,2,1,1,3,No
336,2019,150107901,5,1501,79,1,1,3,2,1,1,3,No
337,2019,151207301,3,1512,73,1,0,9,2,1,0,9,No
338,2019,151214601,4,1512,146,1,1,0,2,1,1,0,No
339,2019,151500301,8,1515,3,1,0,3,2,1,0,3,No
340,2019,151802101,3,1518,21,1,0,4,2,1,0,4,No
341,2019,151912901,5,1519,129,1,1,2,2,1,1,2,No
342,2019,152003201,3,1520,32,1,1,0,1,1,1,0,Si
343,2019,152003201,4,1520,32,1,0,5,2,2,0,5,No
344,2019,152005901,4,1520,59,1,0,4,2,1,0,4,No
345,2019,152016101,5,1520,161,1,0,5,2,1,0,5,No
346,2019,152610901,7,1526,109,1,0,1,2,1,0,1,No
347,2019,153103801,4,1531,38,1,0,3,2,1,0,3,No
348,2019,153402501,6,1534,25,1,0,3,2,1,0,3,No
349,2019,153803501,3,1538,35,1,0,4,2,1,0,4,No
350,2019,153905901,4,1539,59,1,1,6,2,1,1,6,No
351,2019,153912601,5,1539,126,1,0,1,2,1,0,1,No
352,2019,154011601,4,1540,116,1,0,4,2,1,0,4,No
353,2019,154400201,4,1544,2,1,1,5,2,1,1,5,No
354,2019,154404701,7,1544,47,1,0,4,2,1,0,4,No
355,2019,154513601,5,1545,136,1,1,0,2,1,1,0,No
356,2019,154716001,5,1547,160,1,0,3,2,1,0,3,No
357,2019,155111501,6,1551,115,1,1,2,2,1,1,2,No
358,2019,155805701,4,1558,57,1,2,0,2,1,2,0,No
359,2019,156004801,3,1560,48,1,1,1,2,1,1,1,No
360,2019,156600701,5,1566,7,1,0,3,2,1,0,3,No
361,2019,158702601,3,1587,26,1,0,2,2,1,0,2,No
362,2019,158807901,3,1588,79,1,0,8,2,1,0,8,No
363,2019,159201901,4,1592,19,1,0,1,2,1,0,1,No
364,2019,159606301,10,1596,63,1,0,3,2,1,0,3,No
365,2019,160604901,3,1606,49,1,0,6,2,1,0,6,No
366,2019,160815001,7,1608,150,1,0,4,2,1,0,4,No
367,2019,161310201,3,1613,102,1,1,3,2,1,1,3,No
368,2019,161404401,2,1614,44,1,0,6,2,1,0,6,No
369,2019,161410901,3,1614,109,1,0,6,2,1,0,6,No
370,2019,163206501,4,1632,65,1,1,6,2,1,1,6,No
371,2019,163212301,5,1632,123,1,0,7,2,1,0,7,No
372,2019,163214301,5,1632,143,1,1,0,2,1,1,0,No
373,2019,163806501,3,1638,65,1,0,6,2,1,0,6,No
374,2019,163809001,3,1638,90,1,1,6,2,1,1,6,No
375,2019,164006701,4,1640,67,1,1,0,2,1,1,0,No
376,2019,164007701,4,1640,77,1,0,4,2,1,0,4,No
377,2019,164211701,5,1642,117,1,0,1,2,1,0,1,No
378,2019,164308701,3,1643,87,1,0,6,1,1,0,6,Si
379,2019,164308701,4,1643,87,1,1,0,2,2,1,0,No
380,2019,164310901,3,1643,109,1,0,1,2,1,0,1,No
381,2019,164907201,6,1649,72,1,0,5,1,1,0,5,Si
382,2019,164907201,7,1649,72,1,0,5,2,2,0,5,No
383,2019,165005401,7,1650,54,1,0,11,2,1,0,11,No
384,2019,165006301,5,1650,63,1,0,6,2,1,0,6,No
385,2019,167403401,3,1674,34,1,0,6,2,1,0,6,No
386,2019,167600501,7,1676,5,1,0,3,2,1,0,3,No
387,2019,167807701,4,1678,77,1,0,5,2,1,0,5,No
388,2019,167808001,3,1678,80,1,0,5,2,1,0,5,No
389,2019,167809501,3,1678,95,1,1,5,2,1,1,5,No
390,2019,167811601,4,1678,116,1,1,5,2,1,1,5,No
391,2019,167811701,4,1678,117,1,0,5,2,1,0,5,No
392,2019,168008001,5,1680,80,1,0,1,2,1,0,1,No
393,2019,168009401,5,1680,94,1,0,1,2,1,0,1,No
394,2019,168500301,3,1685,3,1,0,8,2,1,0,8,No
395,2019,168601801,11,1686,18,1,0,10,2,1,0,10,No
396,2019,170306301,4,1703,63,1,0,4,2,1,0,4,No
397,2019,170507901,4,1705,79,1,0,3,2,1,0,3,No
398,2019,171613901,6,1716,139,1,0,4,2,1,0,4,No
399,2019,172004501,5,1720,45,1,0,9,2,1,0,9,No
400,2019,172008201,5,1720,82,1,0,2,2,1,0,2,No
401,2019,172600601,5,1726,6,1,0,9,2,1,0,9,No
402,2019,173006201,4,1730,62,1,0,6,2,1,0,6,No
403,2019,173902501,3,1739,25,1,0,4,2,1,0,4,No
404,2019,174007501,4,1740,75,1,0,8,2,1,0,8,No
405,2019,174210201,6,1742,102,1,1,2,2,1,1,2,No
406,2019,174214801,3,1742,148,1,1,6,2,1,1,6,No
407,2019,174304101,5,1743,41,1,0,7,2,1,0,7,No
408,2019,174501901,5,1745,19,1,0,1,2,1,0,1,No
409,2019,174800101,3,1748,1,1,1,8,2,1,1,8,No
410,2019,174804201,3,1748,42,1,0,11,2,1,0,11,No
411,2019,174804801,3,1748,48,1,1,6,2,1,1,6,No
412,2019,175004301,5,1750,43,1,0,7,2,1,0,7,No
413,2019,175111301,3,1751,113,1,1,0,2,1,1,0,No
414,2019,175117401,3,1751,174,1,1,3,1,1,1,3,Si
415,2019,175117401,4,1751,174,1,0,3,2,2,0,3,No
416,2019,175418501,5,1754,185,1,0,1,2,1,0,1,No
417,2019,175702401,5,1757,24,1,1,0,2,1,1,0,No
418,2019,175807101,5,1758,71,1,0,1,2,1,0,1,No
419,2019,175808301,4,1758,83,1,1,0,2,1,1,0,No
420,2019,175907401,2,1759,74,1,0,1,2,1,0,1,No
421,2019,175907701,3,1759,77,1,0,8,2,1,0,8,No
422,2019,176002701,7,1760,27,1,0,3,2,1,0,3,No
423,2019,176004301,3,1760,43,1,0,8,2,1,0,8,No
424,2019,176107401,5,1761,74,1,0,5,2,1,0,5,No
425,2019,176112901,4,1761,129,1,0,1,2,1,0,1,No
426,2019,176206001,4,1762,60,1,0,3,2,1,0,3,No
427,2019,176209701,6,1762,97,1,0,9,2,1,0,9,No
428,2019,176306201,4,1763,62,1,2,2,2,1,2,2,No
429,2019,176310801,4,1763,108,1,0,1,2,1,0,1,No
430,2019,176402801,4,1764,28,1,1,0,2,1,1,0,No
431,2019,176502501,5,1765,25,1,0,8,2,1,0,8,No
432,2019,176700101,4,1767,1,1,0,4,2,1,0,4,No
433,2019,176903701,4,1769,37,1,0,9,2,1,0,9,No
434,2019,176913501,7,1769,135,1,2,3,2,1,2,3,No
435,2019,177006301,3,1770,63,1,0,3,2,1,0,3,No
436,2019,177300801,3,1773,8,1,0,5,2,1,0,5,No
437,2019,177301001,3,1773,10,1,1,5,2,1,1,5,No
438,2019,177311401,5,1773,114,1,0,7,2,1,0,7,No
439,2019,177409601,4,1774,96,1,2,0,2,1,2,0,No
440,2019,177409701,4,1774,97,1,1,0,2,1,1,0,No
441,2019,177409801,6,1774,98,1,0,4,2,1,0,4,No
442,2019,177417101,5,1774,171,1,0,3,2,1,0,3,No
443,2019,177417401,5,1774,174,1,0,8,2,1,0,8,No
444,2019,177500801,3,1775,8,1,0,3,2,1,0,3,No
445,2019,178000601,3,1780,6,1,0,6,2,1,0,6,No
446,2019,178005401,3,1780,54,1,1,10,2,1,1,10,No
447,2019,178110401,4,1781,104,1,0,2,2,1,0,2,No
448,2019,178401301,5,1784,13,1,1,9,2,1,1,9,No
449,2019,178410101,4,1784,101,1,0,5,2,1,0,5,No
450,2019,179804201,4,1798,42,1,0,1,2,1,0,1,No
451,2019,180300901,8,1803,9,1,1,7,2,1,1,7,No
452,2019,180800801,3,1808,8,1,0,3,2,1,0,3,No
453,2019,182714101,4,1827,141,1,0,2,2,1,0,2,No
454,2019,182900401,7,1829,4,1,0,1,2,1,0,1,No
455,2019,182908001,3,1829,80,1,2,8,2,1,2,8,No
456,2019,183308601,4,1833,86,1,0,3,2,1,0,3,No
457,2019,183405001,2,1834,50,1,0,3,2,1,0,3,No
458,2019,183803801,3,1838,38,1,2,9,2,1,2,9,No
459,2019,183807101,3,1838,71,1,1,4,2,1,1,4,No
460,2019,183808401,4,1838,84,1,1,0,2,1,1,0,No
461,2019,184105501,6,1841,55,1,2,3,2,1,2,3,No
462,2019,184201101,7,1842,11,1,1,0,2,1,1,0,No
463,2019,184205501,4,1842,55,1,0,3,2,1,0,3,No
464,2019,184209301,5,1842,93,1,2,0,2,1,2,0,No
465,2019,184408901,5,1844,89,1,0,10,2,1,0,10,No
466,2019,184409601,4,1844,96,1,1,5,2,1,1,5,No
467,2019,184603301,3,1846,33,1,0,1,2,1,0,1,No
468,2019,184901701,5,1849,17,1,0,5,2,1,0,5,No
469,2019,185500801,10,1855,8,1,1,6,2,1,1,6,No
470,2019,185907401,3,1859,74,1,0,4,2,1,0,4,No
471,2019,186105701,6,1861,57,1,0,7,2,1,0,7,No
472,2019,186802501,4,1868,25,1,0,1,2,1,0,1,No
473,2019,187007301,3,1870,73,1,0,1,2,1,0,1,No
474,2019,187105101,4,1871,51,1,0,1,2,1,0,1,No
475,2019,187403501,3,1874,35,1,0,6,2,1,0,6,No
476,2019,187703001,6,1877,30,1,1,0,2,1,1,0,No
477,2019,187712601,4,1877,126,1,0,2,2,1,0,2,No
478,2019,187900601,7,1879,6,1,0,9,2,1,0,9,No
479,2019,187904401,4,1879,44,1,1,0,2,1,1,0,No
480,2019,187909301,3,1879,93,1,1,8,2,1,1,8,No
481,2019,188102701,5,1881,27,1,0,6,2,1,0,6,No
482,2019,188110501,4,1881,105,1,0,6,2,1,0,6,No
483,2019,188112901,3,1881,129,1,0,1,2,1,0,1,No
484,2019,188303501,4,1883,35,1,2,0,1,1,2,0,Si
485,2019,188303501,5,1883,35,1,1,0,2,2,1,0,No
486,2019,188305201,7,1883,52,1,1,6,2,1,1,6,No
487,2019,188308301,2,1883,83,1,0,3,2,1,0,3,No
488,2019,188507401,3,1885,74,1,0,11,2,1,0,11,No
489,2019,190704901,3,1907,49,1,0,1,2,1,0,1,No
490,2019,192208601,3,1922,86,1,1,0,2,1,1,0,No
491,2019,192706701,4,1927,67,1,0,8,2,1,0,8,No
492,2019,192708801,6,1927,88,1,1,10,2,1,1,10,No
493,2019,193208001,3,1932,80,1,1,7,2,1,1,7,No
494,2019,193609101,3,1936,91,1,2,6,1,1,2,6,Si
495,2019,193609101,4,1936,91,1,0,6,2,2,0,6,No
496,2019,194700601,8,1947,6,1,1,4,2,1,1,4,No
497,2019,195209201,4,1952,92,1,2,7,2,1,2,7,No
498,2019,195503501,2,1955,35,1,2,0,2,1,2,0,No
499,2019,195508901,4,1955,89,1,2,0,2,1,2,0,No
500,2019,196004301,5,1960,43,1,1,1,2,1,1,1,No
501,2019,196300301,3,1963,3,1,1,6,2,1,1,6,No
502,2019,197705701,7,1977,57,1,0,6,2,1,0,6,No
503,2019,197911501,3,1979,115,1,1,0,2,1,1,0,No
504,2019,198500901,4,1985,9,1,0,6,2,1,0,6,No
505,2019,198703301,3,1987,33,1,1,9,2,1,1,9,No
506,2019,198711501,3,1987,115,1,0,2,2,1,0,2,No
507,2019,202406101,3,2024,61,1,2,0,2,1,2,0,No
508,2019,205512401,3,2055,124,1,0,1,2,1,0,1,No
509,2019,206201101,6,2062,11,1,0,10,2,1,0,10,No
510,2019,206419401,3,2064,194,1,0,1,2,1,0,1,No
511,2019,206601202,3,2066,12,2,0,8,2,1,0,8,No
512,2019,207002001,4,2070,20,1,0,8,2,1,0,8,No
513,2019,207010501,2,2070,105,1,0,1,2,1,0,1,No
514,2019,207010701,4,2070,107,1,0,5,2,1,0,5,No
515,2019,208106501,3,2081,65,1,2,0,2,1,2,0,No
516,2019,208500401,3,2085,4,1,2,2,2,1,2,2,No
517,2019,208707401,4,2087,74,1,2,1,2,1,2,1,No
518,2019,208800401,6,2088,4,1,1,5,2,1,1,5,No
519,2019,208818101,4,2088,181,1,0,1,2,1,0,1,No
520,2019,208819201,4,2088,192,1,1,0,2,1,1,0,No
521,2019,209100401,12,2091,4,1,0,3,2,1,0,3,No
522,2019,209103301,3,2091,33,1,0,11,2,1,0,11,No
523,2019,209105801,5,2091,58,1,0,8,2,1,0,8,No
524,2019,209204901,2,2092,49,1,0,9,2,1,0,9,No
525,2019,209403001,5,2094,30,1,0,5,2,1,0,5,No
526,2019,209408701,4,2094,87,1,0,6,2,1,0,6,No
527,2019,209500401,4,2095,4,1,2,5,2,1,2,5,No
528,2019,209505801,4,2095,58,1,0,1,2,1,0,1,No
529,2019,209509301,2,2095,93,1,0,1,1,1,0,1,Si
530,2019,209509301,3,2095,93,1,0,1,2,2,0,1,No
531,2019,209509801,4,2095,98,1,1,9,2,1,1,9,No
532,2019,209610701,6,2096,107,1,1,0,2,1,1,0,No
533,2019,209612301,4,2096,123,1,1,9,2,1,1,9,No
534,2019,209701201,7,2097,12,1,0,2,2,1,0,2,No
535,2019,209701601,5,2097,16,1,0,9,2,1,0,9,No
536,2019,209716601,4,2097,166,1,0,2,2,1,0,2,No
537,2019,209800701,6,2098,7,1,0,2,2,1,0,2,No
538,2019,210202001,4,2102,20,1,0,4,2,1,0,4,No
539,2019,210704201,4,2107,42,1,1,6,2,1,1,6,No
540,2019,210704301,5,2107,43,1,2,1,2,1,2,1,No
541,2019,211402001,5,2114,20,1,0,1,2,1,0,1,No
542,2019,211402701,8,2114,27,1,0,2,2,1,0,2,No
543,2019,212301901,4,2123,19,1,0,6,2,1,0,6,No
544,2019,212307001,6,2123,70,1,0,8,2,1,0,8,No
545,2019,212313701,7,2123,137,1,1,5,2,1,1,5,No
546,2019,212404801,6,2124,48,1,1,0,2,1,1,0,No
547,2019,212703201,5,2127,32,1,1,2,1,1,1,2,Si
548,2019,212703201,8,2127,32,1,1,2,2,2,1,2,No
549,2019,212804401,4,2128,44,1,0,3,2,1,0,3,No
550,2019,212804501,6,2128,45,1,0,6,2,1,0,6,No
551,2019,212902001,5,2129,20,1,1,3,1,1,1,3,Si
552,2019,212902001,7,2129,20,1,0,3,2,2,0,3,No
553,2019,212902901,5,2129,29,1,0,1,2,1,0,1,No
554,2019,212903401,3,2129,34,1,1,8,2,1,1,8,No
555,2019,212906301,8,2129,63,1,0,1,2,1,0,1,No
556,2019,212908601,3,2129,86,1,0,11,2,1,0,11,No
557,2019,213002301,6,2130,23,1,0,6,2,1,0,6,No
558,2019,213004301,5,2130,43,1,0,2,2,1,0,2,No
559,2019,213005001,4,2130,50,1,1,0,2,1,1,0,No
560,2019,213006301,2,2130,63,1,1,4,2,1,1,4,No
561,2019,214806701,4,2148,67,1,0,6,2,1,0,6,No
562,2019,215106801,4,2151,68,1,0,6,2,1,0,6,No
563,2019,215201501,5,2152,15,1,1,0,2,1,1,0,No
564,2019,217501301,4,2175,13,1,2,0,2,1,2,0,No
565,2019,217512701,3,2175,127,1,1,2,2,1,1,2,No
566,2019,219809601,12,2198,96,1,0,4,2,1,0,4,No
567,2019,219905301,5,2199,53,1,1,3,2,1,1,3,No
568,2019,220006001,5,2200,60,1,0,7,2,1,0,7,No
569,2019,221908101,5,2219,81,1,0,8,2,1,0,8,No
570,2019,222701001,3,2227,10,1,1,0,2,1,1,0,No
571,2019,222909701,4,2229,97,1,0,3,2,1,0,3,No
572,2019,223003701,4,2230,37,1,1,6,2,1,1,6,No
573,2019,224905001,3,2249,50,1,1,5,2,1,1,5,No
574,2019,225110201,5,2251,102,1,1,7,2,1,1,7,No
575,2019,225300601,8,2253,6,1,0,6,2,1,0,6,No
576,2019,225313101,4,2253,131,1,1,4,1,1,1,4,Si
577,2019,225313101,5,2253,131,1,1,4,2,2,1,4,No
578,2019,226705201,3,2267,52,1,0,3,2,1,0,3,No
579,2019,226903701,3,2269,37,1,1,3,2,1,1,3,No
580,2019,226904201,5,2269,42,1,1,0,2,1,1,0,No
581,2019,228305501,4,2283,55,1,1,2,2,1,1,2,No
582,2019,228310701,3,2283,107,1,1,0,2,1,1,0,No
583,2019,228503901,4,2285,39,1,2,0,1,1,2,0,Si
584,2019,228503901,5,2285,39,1,2,0,2,2,2,0,No
585,2019,228506901,3,2285,69,1,0,8,1,1,0,8,Si
586,2019,228506901,4,2285,69,1,0,8,2,2,0,8,No
587,2019,228510501,5,2285,105,1,0,8,2,1,0,8,No
588,2019,228610401,5,2286,104,1,0,3,2,1,0,3,No
589,2019,228803301,5,2288,33,1,0,1,2,1,0,1,No
590,2019,228915301,3,2289,153,1,0,4,2,1,0,4,No
591,2019,228915401,3,2289,154,1,0,10,2,1,0,10,No
592,2019,230608001,3,2306,80,1,2,6,2,1,2,6,No
593,2019,230801601,2,2308,16,1,0,1,2,1,0,1,No
594,2019,231906801,5,2319,68,1,0,3,2,1,0,3,No
595,2019,234007401,5,2340,74,1,1,0,2,1,1,0,No
596,2019,234209801,5,2342,98,1,0,7,2,1,0,7,No
597,2019,234913101,8,2349,131,1,0,9,2,1,0,9,No
598,2019,238505301,4,2385,53,1,0,6,2,1,0,6,No
599,2019,239104401,3,2391,44,1,0,7,2,1,0,7,No
600,2019,240606501,8,2406,65,1,0,1,2,1,0,1,No
601,2019,241111701,5,2411,117,1,0,7,2,1,0,7,No
602,2019,241802501,4,2418,25,1,0,1,2,1,0,1,No
603,2019,242111201,4,2421,112,1,0,1,2,1,0,1,No
604,2019,242406301,3,2424,63,1,0,4,2,1,0,4,No
605,2019,242809801,3,2428,98,1,0,5,2,1,0,5,No
606,2019,246009302,3,2460,93,2,0,4,2,1,0,4,No
607,2019,246806201,5,2468,62,1,0,7,2,1,0,7,No
608,2019,251803301,9,2518,33,1,0,7,1,1,0,7,Si
609,2019,251803301,11,2518,33,1,1,6,2,2,1,6,No
610,2019,252217601,4,2522,176,1,0,2,2,1,0,2,No
611,2019,252400701,5,2524,7,1,0,3,2,1,0,3,No
612,2019,252407401,5,2524,74,1,0,1,2,1,0,1,No
613,2019,253401101,4,2534,11,1,0,1,2,1,0,1,No
614,2019,255603901,3,2556,39,1,0,5,2,1,0,5,No
615,2019,259200603,3,2592,6,3,0,6,2,1,0,6,No
616,2019,260003701,5,2600,37,1,0,5,2,1,0,5,No
617,2019,262310701,5,2623,107,1,0,7,2,1,0,7,No
618,2019,263301901,5,2633,19,1,0,5,2,1,0,5,No
619,2019,263403001,6,2634,30,1,1,9,2,1,1,9,No
620,2019,263411301,3,2634,113,1,0,4,2,1,0,4,No
621,2019,264606501,6,2646,65,1,1,6,2,1,1,6,No
622,2019,265006901,4,2650,69,1,0,2,2,1,0,2,No
623,2019,265107601,4,2651,76,1,0,2,2,1,0,2,No
624,2019,265509001,3,2655,90,1,0,9,2,1,0,9,No
625,2019,266200401,5,2662,4,1,2,4,2,1,2,4,No
626,2019,267608001,5,2676,80,1,1,6,2,1,1,6,No
627,2019,268901301,3,2689,13,1,0,9,2,1,0,9,No
628,2019,268905901,4,2689,59,1,1,11,2,1,1,11,No
629,2019,269110101,8,2691,101,1,0,2,2,1,0,2,No
630,2019,269700601,7,2697,6,1,0,4,2,1,0,4,No
631,2019,269714401,10,2697,144,1,1,7,2,1,1,7,No
632,2019,269801401,4,2698,14,1,0,6,2,1,0,6,No
633,2019,269802001,5,2698,20,1,2,11,2,1,2,11,No
634,2019,269907701,3,2699,77,1,0,1,2,1,0,1,No
635,2019,270409401,8,2704,94,1,0,1,2,1,0,1,No
636,2019,271302201,7,2713,22,1,1,11,2,1,1,11,No
637,2019,273006301,5,2730,63,1,2,0,2,1,2,0,No
638,2019,278506401,3,2785,64,1,0,7,2,1,0,7,No
639,2019,278706201,4,2787,62,1,0,1,2,1,0,1,No
640,2019,279100501,3,2791,5,1,0,3,2,1,0,3,No
641,2019,279801201,5,2798,12,1,0,6,2,1,0,6,No
642,2019,279810901,4,2798,109,1,0,5,2,1,0,5,No
643,2019,280111201,5,2801,112,1,0,9,2,1,0,9,No
644,2019,280204101,4,2802,41,1,0,1,2,1,0,1,No
645,2019,280406801,4,2804,68,1,1,2,2,1,1,2,No
646,2019,280411101,3,2804,111,1,0,9,2,1,0,9,No
647,2019,280613901,4,2806,139,1,1,3,2,1,1,3,No
648,2019,280807001,3,2808,70,1,0,2,2,1,0,2,No
649,2019,282107201,3,2821,72,1,1,11,2,1,1,11,No
650,2019,282305801,7,2823,58,1,1,2,2,1,1,2,No
651,2019,282407601,4,2824,76,1,0,7,2,1,0,7,No
652,2019,282609501,4,2826,95,1,0,5,2,1,0,5,No
653,2019,282801801,3,2828,18,1,0,3,2,1,0,3,No
654,2019,283300501,4,2833,5,1,0,6,2,1,0,6,No
655,2019,283306101,4,2833,61,1,0,4,2,1,0,4,No
656,2019,284304501,3,2843,45,1,2,0,2,1,2,0,No
657,2019,284403801,5,2844,38,1,0,3,2,1,0,3,No
658,2019,284709101,3,2847,91,1,2,6,2,1,2,6,No
659,2019,284713601,3,2847,136,1,0,2,2,1,0,2,No
660,2019,284802101,5,2848,21,1,1,3,2,1,1,3,No
661,2019,284808101,3,2848,81,1,0,6,2,1,0,6,No
662,2019,284900201,6,2849,2,1,0,5,2,1,0,5,No
663,2019,285206201,5,2852,62,1,1,0,2,1,1,0,No
664,2019,285209601,6,2852,96,1,1,4,2,1,1,4,No
665,2019,285209801,3,2852,98,1,0,10,2,1,0,10,No
666,2019,285302201,6,2853,22,1,0,1,2,1,0,1,No
667,2019,285511601,3,2855,116,1,1,7,2,1,1,7,No
668,2019,285512001,4,2855,120,1,0,1,2,1,0,1,No
669,2019,285513901,4,2855,139,1,1,2,2,1,1,2,No
670,2019,285600701,4,2856,7,1,2,0,2,1,2,0,No
671,2019,285802901,4,2858,29,1,0,1,2,1,0,1,No
672,2019,285804601,5,2858,46,1,0,4,2,1,0,4,No
673,2019,285805601,5,2858,56,1,0,3,2,1,0,3,No
674,2019,285806101,6,2858,61,1,1,0,2,1,1,0,No
675,2019,285901401,3,2859,14,1,1,8,2,1,1,8,No
676,2019,285905401,3,2859,54,1,0,3,2,1,0,3,No
677,2019,286000401,3,2860,4,1,0,8,2,1,0,8,No
678,2019,286003201,4,2860,32,1,0,8,2,1,0,8,No
679,2019,286003701,3,2860,37,1,1,9,2,1,1,9,No
680,2019,286004701,4,2860,47,1,2,0,2,1,2,0,No
681,2019,286807501,6,2868,75,1,2,0,2,1,2,0,No
682,2019,287210801,5,2872,108,1,0,4,2,1,0,4,No
683,2019,287406701,7,2874,67,1,0,7,2,1,0,7,No
684,2019,287901001,6,2879,10,1,0,3,2,1,0,3,No
685,2019,287902001,3,2879,20,1,0,6,2,1,0,6,No
686,2019,288405501,4,2884,55,1,1,4,2,1,1,4,No
687,2019,288902601,3,2889,26,1,0,7,2,1,0,7,No
688,2019,288905601,3,2889,56,1,0,7,2,1,0,7,No
689,2019,289402101,4,2894,21,1,0,7,2,1,0,7,No
690,2019,289402501,6,2894,25,1,0,3,2,1,0,3,No
691,2019,290000201,3,2900,2,1,0,4,2,1,0,4,No
692,2019,293511901,7,2935,119,1,0,9,2,1,0,9,No
693,2019,294401601,4,2944,16,1,0,3,2,1,0,3,No
694,2019,296014301,3,2960,143,1,1,6,2,1,1,6,No
695,2019,296107401,2,2961,74,1,1,10,2,1,1,10,No
696,2019,296509201,3,2965,92,1,0,7,2,1,0,7,No
697,2019,297006101,4,2970,61,1,0,8,2,1,0,8,No
698,2019,297201401,4,2972,14,1,0,9,2,1,0,9,No
699,2019,297210101,3,2972,101,1,0,4,2,1,0,4,No
700,2019,297406701,4,2974,67,1,2,2,2,1,2,2,No
701,2019,297504101,5,2975,41,1,1,0,2,1,1,0,No
702,2019,299502701,4,2995,27,1,2,1,2,1,2,1,No
703,2019,300203301,5,3002,33,1,1,0,2,1,1,0,No
704,2019,300204901,3,3002,49,1,0,6,2,1,0,6,No
705,2019,300912901,4,3009,129,1,2,0,2,1,2,0,No
706,2019,301102801,3,3011,28,1,1,6,2,1,1,6,No
707,2019,302904901,5,3029,49,1,0,2,2,1,0,2,No
708,2019,303312101,6,3033,121,1,2,1,2,1,2,1,No
709,2019,303605601,5,3036,56,1,0,10,2,1,0,10,No
710,2019,304011401,3,3040,114,1,1,0,2,1,1,0,No
711,2019,304209201,3,3042,92,1,2,0,2,1,2,0,No
712,2019,304917401,5,3049,174,1,0,8,2,1,0,8,No
713,2019,307311701,2,3073,117,1,1,9,2,1,1,9,No
714,2019,307502901,3,3075,29,1,1,0,2,1,1,0,No
715,2019,307510301,4,3075,103,1,1,10,2,1,1,10,No
716,2019,307906401,6,3079,64,1,0,2,2,1,0,2,No
717,2019,308011701,3,3080,117,1,1,6,2,1,1,6,No
718,2019,308513301,4,3085,133,1,0,4,2,1,0,4,No
719,2019,308513302,4,3085,133,2,1,0,2,1,1,0,No
720,2019,308611601,7,3086,116,1,0,6,2,1,0,6,No
721,2019,309108501,4,3091,85,1,0,4,2,1,0,4,No
722,2019,309407201,4,3094,72,1,0,7,2,1,0,7,No
723,2019,309907701,3,3099,77,1,0,6,2,1,0,6,No
724,2019,310305401,5,3103,54,1,1,0,2,1,1,0,No
725,2019,311003501,3,3110,35,1,0,2,2,1,0,2,No
726,2019,311909001,3,3119,90,1,0,9,2,1,0,9,No
727,2019,312212001,4,3122,120,1,1,6,2,1,1,6,No
728,2019,312406501,3,3124,65,1,0,8,2,1,0,8,No
729,2019,312500901,3,3125,9,1,2,0,2,1,2,0,No
730,2019,312501001,4,3125,10,1,0,7,2,1,0,7,No
731,2019,312601201,4,3126,12,1,1,9,2,1,1,9,No
732,2019,313208801,3,3132,88,1,0,3,2,1,0,3,No
733,2019,313911201,3,3139,112,1,1,0,2,1,1,0,No
734,2019,314310701,6,3143,107,1,1,0,2,1,1,0,No
735,2019,314511601,7,3145,116,1,1,0,2,1,1,0,No
736,2019,314615103,3,3146,151,3,0,3,2,1,0,3,No
737,2019,315008301,3,3150,83,1,1,1,2,1,1,1,No
738,2019,315107501,4,3151,75,1,1,10,1,1,1,10,Si
739,2019,315107501,5,3151,75,1,0,3,2,2,0,3,No
740,2019,315815001,3,3158,150,1,0,2,2,1,0,2,No
741,2019,316107002,4,3161,70,2,0,5,2,1,0,5,No
742,2019,316401201,6,3164,12,1,1,1,2,1,1,1,No
743,2019,316412901,6,3164,129,1,0,2,2,1,0,2,No
744,2019,316503101,6,3165,31,1,0,1,2,1,0,1,No
745,2019,316505401,4,3165,54,1,0,2,2,1,0,2,No
746,2019,316910501,5,3169,105,1,0,9,2,1,0,9,No
747,2019,317006901,5,3170,69,1,0,10,2,1,0,10,No
748,2019,317011001,3,3170,110,1,0,7,2,1,0,7,No
749,2019,317014001,4,3170,140,1,0,8,2,1,0,8,No
750,2019,317109201,3,3171,92,1,1,0,2,1,1,0,No
751,2019,317506001,4,3175,60,1,1,5,2,1,1,5,No
752,2019,317803501,4,3178,35,1,1,8,2,1,1,8,No
753,2019,318000101,5,3180,1,1,0,9,2,1,0,9,No
754,2019,318117101,7,3181,171,1,0,5,2,1,0,5,No
755,2019,318500201,4,3185,2,1,0,10,2,1,0,10,No
756,2019,318707701,4,3187,77,1,0,4,2,1,0,4,No
757,2019,319201001,5,3192,10,1,0,9,2,1,0,9,No
758,2019,319617001,4,3196,170,1,0,2,2,1,0,2,No
759,2019,319806801,10,3198,68,1,0,5,2,1,0,5,No
760,2019,320120101,7,3201,201,1,0,11,2,1,0,11,No
761,2019,321102201,8,3211,22,1,2,0,2,1,2,0,No
762,2019,323118901,7,3231,189,1,0,3,1,1,0,3,Si
763,2019,323118901,9,3231,189,1,0,3,2,2,0,3,No
764,2019,323904901,7,3239,49,1,0,10,2,1,0,10,No
765,2019,323907301,4,3239,73,1,0,7,2,1,0,7,No
